Headline,Category
Эксперт Проценко: европейские покровители Киева прикрывают его преступления,Экономика
"Абитуриенты подали через ""Госуслуги"" почти 1 млн заявлений в вузы",Общество
"""Общественное. Новости"": жена Ермолаева не пострадала при взрыве в Монако",ЧП
"""Новые люди"" подготовили законопроект о государственном алиментном фонде",Политика
Эксперт Тарасенко: около 75% российских компаний используют ИИ в обучении,Конфликты
В Северной Осетии для заправок установили неснижаемый запас топлива в 30%,Экономика
Суд отклонил указ Трампа о запрете предоставления гражданства США по рождению,Политика
ФАС предложила расширить перечень обязательных к реализации на бирже марок угля,Экономика
В Махачкале начали действовать новые стандарты ввода многоквартирных домов,Политика
Глава МИД Кубы заявил об отсутствии прогресса на переговорах с США,Политика
В Сумах произошли взрывы,ЧП
"""Монако"" выкупил у ""Барселоны"" права на футболиста Фати",Спорт
В Самаре арестовали руководителя поисково-спасательной службы региона Моцаря,Политика
"Эксперт Проценко: ""ниточки теракта"" в Монако могут привести к заказчикам в Киеве",Конфликты
Суд в США поддержал запрет на участие трансгендеров в женских соревнованиях,Политика
В Архангельской области объявили беспилотную опасность,ЧП
В Венгрии побит абсолютный температурный рекорд,Погода
Представляющая Ермолаева компания подтвердила ранение его сына в Монако,ЧП
TikTok оштрафовали за отказ удалить информацию об ЛГБТ,Политика
Жалобу МЧС Москвы на взыскание денег в пользу театра Бабкиной не удовлетворили,Культура
Минтруд: четверть обучающихся на технических направлениях составляют девушки,Политика
Минздрав: в России обсуждают проект по борьбе с ожирением,Политика
Touchline: Куман покинет пост главного тренера сборной Нидерландов,Спорт
Аппарат законодателя США Луны пока не готов назвать сроки ее поездки в РФ,Транспорт
NYT: администрация США пытается создать единую базу шпионов,Политика
Хуснуллин: стоимость акций ДОМ.РФ выросла более чем на 25%,Экономика
Творческая комиссия СТД РФ по уличным театрам определила направления работы,Культура
"""Т-Инвестиции"" запустили первую в России платформу для программ лояльности эмитентов",Политика
Специалисты Поморья будут тушить лесные пожары на Ямале,ЧП
ISU допустил россиян. Чего ждать российским фигуристам,Политика
В Киргизии сменился глава спецслужб,Политика
Оренбургского экс-министра сельского хозяйства Маслова осудили за взятку,Политика
ВС РФ уничтожили 10 солдат ВСУ на константиновском направлении,Конфликты
"Наименование ""гвардейский"" присвоили 39-му полку РХБЗ",Политика
ФПК прорабатывает концепцию турмаршрута с задействованием катамаранов,Политика
"В Калининграде заявили, что дефицит топлива вызван ажиотажем",Экономика
Теннисистка Корнеева проиграла дебютный матч в основной сетке Уимблдона,Спорт
Rheinmetall получил заказ от Украины на поставки снарядов калибра 155 мм,Политика
Al Hadath: в Ираке при обысках в домах обвиняемых в коррупции изъяли $116 млн,Политика
Президент Литвы назначил лидера Социал-демократической партии премьером,Политика
В Запорожье начались перебои с электричеством после взрывов,ЧП
Экс-адвоката Дмитрия Захватова заочно осудили на 21 год,Конфликты
"Фонды Музея Победы за шесть месяцев 2026 года пополнили более 1,6 тыс. реликвий",Культура
Прием заявок на фотоконкурс о городах Золотого кольца завершится 23 августа,ЧП
"Больная нога, рукописи под кроватью и 10 лет тайн. Как рождался роман ""Унесенные ветром""",Культура
В Вологодской области простились с экс-губернатором Вячеславом Позгалевым,ЧП
Куба запросила на 7 июля заседание ГА ООН из-за ситуации на фоне блокады США,Политика
"Рынок новостроек: осознанный выбор, инструменты проверки и доверие к онлайн-сервисам",Политика
Патрушев поручил решить вопросы по реконструкции очистных сооружений в Бурятии,Политика
Обвиняемому в мошенничестве адвокату Карабанову продлили арест,ЧП
Военная операция на Украине. Онлайн,Конфликты
В России удвоилось число причастных к терроризму и экстремизму подростков,Политика
В Запорожской области произошли взрывы,ЧП
В России впервые нашли следы динозавра из аптского яруса нижнего мелового периода,Наука
Перечень запрещенных профессий для женщин сократили в четыре раза,Конфликты
На Украине исключат дублирование на этикетках описаний товаров на русском языке,Политика
Мединский поддержал идею объединения экзаменов по истории и обществознанию,Политика
"Члена партии АдГ внесли в базу ""Миротоворца""",Политика
Росздравнадзор призвал медорганизации усилить контроль температурного режима,Погода
В Одессе начали аварийно отключать свет,ЧП
"""Милан"" объявил о переходе футболиста сборной Португалии Рамуша",Спорт
Совет ЕЭК продлил нулевые ставки ввозных таможенных пошлин на топливо,Экономика
Руслан Нагиев стал врио постоянного представителя Дагестана при президенте РФ,Политика
"""Страна"" допустила причастность Украины к покушению на Ермолаева",Политика
В Свердловской области из-за разлива рек повреждены 83 дома и 593 участка,ЧП
В Туапсинском округе сняли режим ЧС,ЧП
"ЦБ повысил курс доллара на 1 июля до 78,27 рубля",Экономика
Завершено расследование дела против одного из создателей площадки Hydra,Политика
В ЛНР возложили цветы к стихийному мемориалу в Старобельске в 40-й день трагедии,ЧП
Guardian: США потратят $4 млрд на модернизацию военных баз в Британии,Политика
Посольство РФ в Венесуэле находится в постоянном контакте с соотечественниками,Политика
"Фестиваль ""Фанфары Балтики"": концерты в городах Калининградской области",Культура
ВСУ дроном подожгли более 5 га посевов зерновых на Запорожье,Конфликты
"Выставка ""Калининградская область. История любви"" к 80-летию региона",Культура
РОЦИТ: РФ фактически импортозаместила зарубежные социальные платформы,Экономика
Newsmaker: сотрудники МИД Молдавии отравились на приеме в посольстве Израиля,Политика
Бренд косметики Cha U Kao оштрафовали по закону о пропаганде ЛГБТ,Политика
В свердловском Горноуральском округе ввели режим ЧС,ЧП
"В Соцфонд поступило около 2,7 млн обращений на получение новой семейной выплаты",Общество
Один погибший. Что известно о столкновении автобуса и грузовика в Кузбассе,ЧП
В Краснодаре на крышу многоэтажного дома упали обломки БПЛА,ЧП
ВС РФ ударили по используемым в интересах ВСУ энергообъектам в Запорожье,Конфликты
Соколовская не может радоваться допуску фигуристов из-за смерти Дмитриева,ЧП
Africanews: в Кении фламинго начали терять розовый цвет,Политика
В Белгородской области при атаке БПЛА ВСУ на грузовик пострадал водитель,Конфликты
Федорищев поручил правоохранителям контролировать возможные спекуляции с топливом,Экономика
В Госсовете призвали усилить работу по вводу хранилищ для плодово-ягодного урожая,Политика
Заманили обещанием передать самородок. Что известно об убийстве студента в Омске,Общество
Во Франции Google обязали выплатить €126 млн СМИ за нарушения в рекламе,ЧП
"Футболист Кокорин пока не думал, чем будет заниматься после завершения карьеры",Спорт
Греф: горизонт планирования в современном мире стремится к нулю,Культура
Договоры должны соблюдаться: Россия напомнила Западу свои позиции,Политика
Найден способ оперативно выявлять рецидивы клещевого боррелиоза,Политика
"""Ингосстрах"": около 40 % россиян задумываются об увольнении после отдыха",Общество
В Кривом Роге ребенок ночевал у директора детского сада из-за мобилизации отца,Конфликты
ДОМ.РФ реализует на торгах дачу Строгановых XVIII-XIX веков в Москве,Политика
На Солнце произошла третья сильная вспышка,Наука
AD: в Нидерландах перебои движения поездов затронули десятки тысяч пассажиров,Транспорт
Нидерланды продлили участие в миссии НАТО в Литве до конца 2028 года,Политика
Глава парламента Ливана намерен объединить противников соглашения с Израилем,Политика
"Завод ""Лукойла"" в Болгарии сможет закупать нефть у швейцарских контрагентов",Экономика
В Сумах произошел взрыв,ЧП
В ЛНР мужчина пострадал при попытке взять в руки взрывоопасный предмет,ЧП
Астероид Рюгу состоит из двух половин с разной историей формирования,Конфликты
На Ставрополье объявили беспилотную опасность,ЧП
В Белгородской области будут судить обвиняемого в серии убийств,ЧП
Концепцию развития внутреннего водного транспорта разработают до конца года,Экономика
"""Офицеры России"": ведомство по делам ветеранов обезопасит военных от мошенников",Политика
Временный поверенный в делах РФ назвал число работающих в России граждан Индии,Политика
"В Литве будут выплачивать компенсации за ущерб, причиненный сбитыми БПЛА",ЧП
Бабушкина поддержала переизбрание руководителя уральской промышленной палаты,Политика
Создана первая в мире ИИ-модель для проектирования сверхчувствительной оптики,Культура
"Найдено тело второго туриста, пропавшего во время сплава под Красноярском",ЧП
Представители России и Белоруссии почтили память павших при освобождении Витебской области,Политика
В 22 регионах РФ более 20 тыс. обучающихся изучали 25 родных языков в прошлом учебном году,Конфликты
Токаев и Путин обсудили подготовку к Форуму межрегионального сотрудничества,Политика
"Участники марафона ""Города-герои"" почтили память защитников Брестской крепости",Политика
Кононов: на собеседовании по истории в 9-м классе предложат базовые вопросы,Политика
Оправданный по делу о покушении на убийство житель Башкирии отсудил компенсацию,Общество
Тело Али Хаменеи доставят в Ирак для проведения отдельных церемоний прощания,Политика
Бывшего и.о. министра культуры Украины отправили под домашний арест,Политика
"Жителя Сибири осудили на 7,5 года за мошенничество",Общество
"Группа ""Арнест"" выплатила сотрудникам более 61 млн рублей по демографической программе",Экономика
В Липецкой области арестовали пытавшегося заживо сжечь врача сельской поликлиники,Общество
Астронавты NASA вышли в открытый космос для ремонта манипулятора Canadarm2,Наука
"В АО ""БСК"" решили не выплачивать дивиденды",Политика
МИД Ирана: контакты с США осуществляются по политическим каналам,Политика
"Михалков объяснил, что значит квотирование зарубежного кино",Культура
"В Омске простились со студентом, которого убили сверстники",Общество
Михалков анонсировал взимание в РФ процента от проката зарубежного кино,Культура
Экстремально высокая температура ожидается на матчах 1/16 финала ЧМ в США,Погода
Новый премьер-министр Литвы. Карьера Миндаугаса Синкявичюса,Культура
В Запорожье горит объект промышленной инфраструктуры,Политика
Таможня РФ сообщила об очередях в Эстонии из желающих попасть в Россию,Политика
Минфин 1 июля проведет аукцион по размещению ОФЗ одного выпуска,Экономика
Запатентован отечественный ферментный препарат для снижения затрат в животноводстве,Политика
Акционеры ВТБ одобрили дивиденды в размере 25% от прибыли,Экономика
МИД Украины уточняет гражданство у пострадавшего от взрыва в Монако Ермолаева,ЧП
Эксперт Белова ждет цен на нефть до конца лета в диапазоне $70-80,Экономика
Молдавия получит более 100 канадских бронеавтомобилей Roshel на грант ЕС,Политика
В Дагестане завели дело после нанесения травм ребенку в детсаду,Общество
"ВОЗ назвала жару в Европе ""генеральной репетицией"" будущих суровых летних сезонов",Экономика
"Карта Совкомбанка с кешбэком на все заняла первое место в исследовании ""Сравни""",Наука
"Очевидец рассказала о ""продавцах мест"" в очередь на границе России и Эстонии",Политика
В Запорожье произошли взрывы,ЧП
"Совкомбанк стал партнером благотворительного забега ""Самое время жить""",Политика
АКОРТ: говорить о прямом переносе роста цен на топливо в стоимость продуктов рано,Экономика
"Участники ""Города героев"" возложили венки к мемориалам освободителям Белоруссии",Политика
"Плановый объем размещения ОФЗ в III квартале составит 1,5 трлн рублей",Экономика
ООН: открытие Ормузского пролива не означает окончания экономического шока,Наука
В Горловке дрон ВСУ атаковал машину коммунальщиков,Конфликты
"Во Владимирской области учредили медаль ""За содействие СВО""",Спорт
Подготовка кадров для промышленности Ростовской области,ЧП
Ограничения на продажу топлива в Севастополе продлятся около месяца,Экономика
Глава ВОЗ сообщил о вспышке холеры в Судане,Политика
"Смоленск принял марафон ""Города герои - города героев"" России и Белоруссии",Политика
"Fox: часть американцев считает, что США провозгласили независимость от Мозамбика",Политика
Депутат Чемерис: Запад не хочет реагировать на гибель детей в РФ при ударах ВСУ,Конфликты
Дарья Борисова: детей стоит привлечь к марафону о подвигах народного ополчения,Общество
В СК опровергли версию ухода Усольцевых по скрытой тропе в Кутурчине,ЧП
В Екатеринбурге врачи удалили пациентке кисту объемом почти 2 литра,Общество
Львовская трагедия: как в 1941 году гитлеровцы и бандеровцы вместе расправились с евреями,ЧП
В горной части Ингушетии кабельные ЛЭП меняют на воздушные,ЧП
В Астрахани после заражения сальмонеллезом в больнице находятся 18 человек,Общество
ТАСС: в Челябинской области осудили экс-замминистра дорожного хозяйства Харченко,ЧП
Решетников отметил сложность привлечения зумеров на рынок труда,Общество
UBS Group AG: число миллиардеров в мире достигло рекордных 3 302 в 2025 году,Культура
"Костин: Горшков из ""WB банка"" возвращается в ВТБ курировать розницу",Экономика
Решетников: интеллект человека все равно необходим при активном применении ИИ,Политика
Сенатор Никонорова: спонсоры Киева ответственны за гибель младенца в Подмосковье,Политика
В Сумах начались перебои с водой из-за отключений электричества,ЧП
В Новгородской области объявили опасность БПЛА,ЧП
Призыв снижать ключевую ставку и отыгравший свою роль ЕГЭ. Заявления Грефа,Экономика
В Забайкалье завершили обучение первого потока кадрового проекта для участников СВО,Общество
Минпромторг держит на контроле ситуацию с наличием топлива у ретейлеров,Политика
Хинштейн: общий объем инвестиций в СЭЗ в Курской области составит более 245 млрд рублей,Экономика
Жителя Воронежской области осудили за развратные действия с ребенком,Общество
"В базу ""Миротворца"" внесли координатора Всемирного дома Толстых",ЧП
Dziennik Gazeta Prawna: Навроцкий собирается ограничить контакты с Зеленским,Политика
В Иркутске пресекли спекулятивные продажи бензина,Экономика
"""Сколково"" представит на Иннопроме внедренные в российскую промышленность технологии",Политика
Straits Times: Сингапур резко повысит тарифы на газ из-за конфликта вокруг Ирана,Экономика
"Критик Бабичев связал популярность ""Седой ночи"" с интересом к ретро-эстетике",Политика
"Героя России Головина переизбрали начальником главного штаба ""Юнармии""",Политика
В Брянской области разрешили продажу топлива в канистры в приграничье,ЧП
Прокуратура Подмосковья открыла горячую линию для пострадавших при атаке БПЛА,Конфликты
"В ""Офицерах России"" заявили о необходимости создания госоргана по делам ветеранов",Политика
В Саратове мужчину осудили за передачу данных украинским спецслужбам,Политика
В Эстонии создали новый командно-тактический центр НАТО,Политика
"АФК ""Система"" заключит финансовый договор более чем на 300 млрд рублей с инвесторами",Экономика
Хинштейн доложил о выполнении поручений Путина по расширению мер поддержки переселенцев,Политика
"Решетников призвал не превращать в ""фетиш"" макроэкономические показатели",Политика
"""Авангард"" расторг контракт с обладателем Кубка Гагарина Блажиевским",Спорт
Партия SPD намерена добиваться лишения Зеленского высшего ордена Чехии,Политика
ТАСС: водителя автобуса после ДТП в Кузбассе доставили в больницу,Транспорт
В Подмосковье у водителя каршеринга изъяли более 1 кг наркотиков,Общество
"Мишустин рассказал, как закрывается потребность в кадрах",Политика
Решетников заявил об охлаждении рынка труда,Политика
В Батайске завели дело после гибели двоих детей при пожаре,ЧП
ВТБ может снова рассмотреть вопрос открытия банка в Иране,Наука
Мишустин указал на рост производительности труда в I-м квартале,Политика
"Российские специалисты ударили по боевикам из Судана, напавшим на город в ЦАР",Конфликты
"Футбольных болельщиков ЦСКА оштрафовали за баннер с оскорблениями ""Спартака""",Спорт
"""Спартак"" объявил об уходе футболиста Заболотного",Спорт
Число выявленных на финрынке в СФО офлайн-нелегалов удвоилось в начале года,Политика
Иран начнет обсуждать с США итоговое соглашение после реализации меморандума,Политика
"""Яндекс"" сообщал о трудностях с доступом к некоторым своим сервисам",Политика
"Настоящая ""История Латвии""",Политика
"Доля ""Макса"" в медиапокрытии российских брендов выросла почти втрое",Общество
Хинштейн: мнение жителей ляжет в основу мастер-планов восстановления приграничья,Общество
На Запорожье связали вспышки сибирской язвы до 2014 года с биолабораториями США,Политика
Число пострадавших из-за атаки БПЛА в Егорьевске возросло до четырех,Конфликты
Куренков: в Таджикистане планируют создать центр гуманитарного реагирования ОДКБ,Конфликты
"""Мечел"" не выплатит дивиденды за 2025 год",Общество
"Variety: в США режиссера ""47 ронинов"" приговорили к 2,5 года тюрьмы",Культура
В Кузбассе после ДТП с автобусом завели второе дело,Транспорт
"В Якутии заявили, что в республике сформированы достаточные запасы топлива",Экономика
ЕК: Украина не успевает осваивать военное финансирование Евросоюза,Экономика
Мирный житель Горловки ранен после удара дрона ВСУ,Конфликты
В Нижегородской области отменили беспилотную опасность,ЧП
Путин поддержал строительство центра адаптивных видов спорта в Курске,Политика
"Заммэра Ликсутов: проход через виртуальную ""Тройку"" в Москве стал быстрее",Спорт
Захарова: современная французская политика утратила собственную волю,Политика
ЕС с 1 июля введет в действие торговое соглашение с США о пошлинах в 15%,Политика
В Крыму будут работать допбригады муниципальных служащих для энергораспределения,Общество
"""Украинская правда"" увязала покушение на Ермолаева с мошенническими кол-центрами",Политика
Мишустин назвал повышение эффективности труда резервом для роста экономики,Экономика
Во Владимирской области отменили беспилотную опасность,ЧП
В Прикамье на ребенка напал медведь,Общество
Захарова: в Париже не удосужились объяснить назначение оружия для Киева,Политика
В ДНР приговорили к 14 годам примкнувшего к ВСУ наемника из Грузии,Конфликты
Захарова: Париж вооружает неонацистов,Политика
"В Москве начали реставрацию фасадов здания комбината газеты ""Правда""",Политика
Аэропорт Череповца обслуживает рейсы по согласованию,Транспорт
Тегеран и Доха 1 июля могут начать обсуждение разблокировки иранских активов,Политика
Опрошенные в Польше украинцы заметили ухудшение отношений с поляками,Политика
В Севастополе загорелся лес после падения дронов ВСУ,Конфликты
Хинштейн: запуск энергоблока Курской АЭС-2 позволит создать запас мощности,Конфликты
Х5 выплатит дивиденды за 2025 год в размере 245 рублей на акцию,Экономика
Бастрыкин потребовал доклад об инциденте в частном детсаду Подмосковья,Общество
Хинштейн рассказал Путину о героизме аграриев в приграничье Курской области,Политика
В Жуковском сняли ограничения,Транспорт
Еврокомиссия исключает возможность возвращения ЕС к российскому газу,Экономика
В Кузбассе после ДТП с автобусом завели дело,Транспорт
Более 150 тонн помощи передали бойцам СВО в Ростовской области при участии ОНФ,Конфликты
Решетников: РФ была на очень высоком уровне инвестиций,Экономика
В Башкирии нефтеперерабатывающие заводы увеличили выпуск топлива на 10%,Экономика
В Подмосковье арестовали четырех обвиняемых в отравлении людей наркотиками,Политика
"В Курской области на развитие АПК в 2025 году направили 6,7 млрд рублей",Экономика
В Подмосковье мужчину приговорили к 18 годам колонии за госизмену,Культура
Несовершеннолетние дети ветеранов СВО получат право на участки в Ярославской области,Общество
В РАН зафиксировали на Солнце гибель неизвестной кометы,Политика
Хинштейн рассказал о решении проблемы выделения земель для восстановления жилья,Общество
В World Gymnastics оценивают письмо 11 федераций по вопросу россиян,Спорт
В Батайске при тушении пожара в доме нашли тела двоих детей,ЧП
Sky: пассажирский самолет столкнулся с беспилотником при посадке в Нью-Йорке,Транспорт
Хинштейн: пострадавшим от ВСУ курянам выдали более 16 тыс. жилищных сертификатов,Конфликты
Токаев поделился с Путиным впечатлениями от своего визита в Брюссель,Политика
"Мерц: сборная Германии не заслуживает насмешек, несмотря на неудачу на ЧМ",Спорт
Аксенов рассказал о ситуации с топливом в Крыму,Политика
Лантратова и представитель МККК обсудили возвращение пленных и поиски пропавших,ЧП
"Приехали Путин, Медведев, Володин, Матвиенко, Лавров. Прощание с Сергеем Ивановым",Политика
Эксперт Минаков: доля отечественного оборудования на объектах КИИ превысила 60%,Политика
Гехт отметила центральную роль женщины в сохранении традиций народов Севера,Политика
Любимова: около 11 тыс. учреждений культуры на Севере модернизируют к 2032 году,Общество
Акции оборонных компаний Британии дорожают после слов Стармера об инвестициях,Экономика
Фрукты и овощи необходимо мыть специальными средствами. Это правда?,Политика
Бабушкин: нефтебазы в Астраханской области накапливают запас топлива минимум на пять дней,Экономика
Педагоги-наставники и методисты в Томской области начнут получать доплаты с 1 сентября,ЧП
"Захарова: Берлин занят политическими авантюрами, пока экономика ФРГ терпит крах",Экономика
"Разработана культура клеток, ускоряющая регенерацию сосудов сетчатки",Политика
"Эксперт Литвинов: женщины после 40 лет переносят жару хуже, чем ровесники-мужчины",Общество
Греф назвал ЕГЭ отыгравшим свою роль инструментом,Политика
В Кисловодске экс-директора техникума осудили за хищение более 5 млн рублей,Экономика
"На фестивале ""Выше звука"" в трех регионах СКФО запланировали более 50 событий",Культура
Руководители двух пунктов проведения ЕГЭ в КЧР стали фигурантами дела о взятках,Общество
На Байконуре начались испытания нового грузового космического корабля,Политика
"Сенатор Мурог объяснил, как следует регулировать рынок репетиторов",Политика
FT: всемирный банк отказался от климатической цели под давлением США,Экономика
Расследование дела обвиняемого в нарушении ПДД экс-судьи Мосгорсуда завершили,Политика
После взрыва в Монако один человек остается в критическом состоянии,ЧП
"ЦБ выпустит пять памятных монет, посвященных спортивным клубам РФ",Спорт
Двое пострадавших в ДТП с автобусом в Кузбассе находятся в тяжелом состоянии,Транспорт
"Сообщивший о коррупции в окружении Санду политик Галбур заявил, что ему угрожают",Политика
"Всероссийская социальная кампания ""Продвижение безопасности""",Политика
90-летие Госавтоинспекции,Политика
"""Ростелеком"" направит на дивиденды за 2025 год 9,46 млрд рублей",Экономика
ТАСС: еще один транспортный самолет улетел с Украины в Европу через Кишинев,Транспорт
"Путин: инвестактивность в Курской области растет, несмотря на сложную ситуацию",Политика
"""Аэрофлот"" расширит время завтраков на борту с 1 июля",Транспорт
Додон: в Молдавии репрессиями против оппозиции хотят отвлечь внимание от коррупции,Политика
Дегтярев: аудит Российского антидопингового агентства должен пройти в 2026 году,Общество
"Эксперт Максимова рассказала, когда в РФ ожидается рост спроса на жилье",Общество
МИД Катара назвал мирное урегулирование лучшей гарантией безопасности в регионе,Политика
"Euractiv: США могут продать Турции F-35 при передаче ее С-400 ""третьей стране""",Политика
WP: контракт на строительство бального зала заключен Белым домом без торгов,Политика
"Костомаров заявил, что Дмитриев был сильным и мудрым человеком",Политика
В Литве назвали расширение ЕС одним из приоритетов председательства страны,Политика
Парламент Венгрии ликвидировал Управление по защите суверенитета,Политика
В ВТБ ожидают среднюю ключевую ставку в 10-11% в 2027 году,Экономика
Сейм Литвы утвердил премьером лидера социал-демократов Миндаугаса Синкявичюса,Культура
Экс-премьер Польши: ЕС хочет отказаться от принципа единогласия при принятии Украины,Политика
"В BSW заявили, что Мерц ""утратил связь с реальностью"" после поста о сборной ФРГ",Спорт
"Фон дер Ляйен и Кубилюс разошлись на €100 млн, сообщив о транше на дроны Киеву",Конфликты
"В ВТБ сообщили о переговорах с РВБ ""по нескольким чувствительным моментам""",Политика
Планетарный жар: придет ли в Россию экстремальная погода из Европы?,Погода
В Белгородской области мужчина пострадал из-за детонации БПЛА,ЧП
ВТБ не рассматривает присоединение WB банка в краткосрочной перспективе,Экономика
Сергея Иванова похоронили на Троекуровском кладбище,Политика
ТАСС: четверо пострадавших в ДТП в Кузбассе находятся в тяжелом состоянии,ЧП
Карапетян заявил о тайном плане армянской оппозиции по смещению Пашиняна,Политика
В Катаре заявили о продолжении усилий по воссоединению российских и украинских детей,Общество
В Вологодской области объявили беспилотную опасность,ЧП
"КС разъяснил, когда скрывшегося обвиняемого могут арестовать",Политика
В ДТП в Хакасии погибли три человека,ЧП
"Лукашенко рад, что его сын стал биотехнологом в Пекинском университете",Политика
В Кузбассе столкнулись рейсовый автобус и грузовик,Транспорт
В Рязанской области осудили членов экстремистской группы,ЧП
Стармер: Британия сократит инвестиции в дороги и энергетику ради обороны,Экономика
Костин: государство не собирается отдавать контроль в ВТБ,ЧП
В ЕК опровергли подготовку полного запрета на турвизы для россиян,Политика
"В Ингушетии с начала года более 1,5 тыс. человек оформили трудовые отношения",ЧП
"РКК: с начала украинского кризиса установили местонахождение 3,4 тыс. россиян",Общество
"Российский Красный Крест помог более 1,7 млн пострадавшим от украинского кризиса",Общество
Пострадали трое украинцев. Что известно о взрыве в Монако,ЧП
В Тамбовской области отменили опасность БПЛА,ЧП
"Гендиректор ""Турбо Облака"": хлебозавод не строит облака​",Политика
"ЕК выделила Киеву на дроны €3,9 млрд вместо обещанных €5,9 млрд",Конфликты
"Гончаренко рассказала, как Дмитриев помог ей во время этапа Гран-при в Китае",Спорт
Роскосмос и NASA определили стратегию безопасного сведения МКС,Наука
В аэропорту Краснодара сняли ограничения,Транспорт
"Участники марафона ""Города Героев"" возложили цветы на Мамаевом кургане",Политика
МИД Катара сообщил о создании канала связи по предотвращению эскалации в Ормузе,Политика
"""Можно снова мечтать"": ISU допустил россиян в нейтральном статусе",Общество
В Мордовии объявляли беспилотную опасность,ЧП
МИД Катара не видит прогресса в вопросе разморозки иранских активов,Политика
"Пушилин: бойцы группировки ""Центр"" продвигаются к Доброполью на западе ДНР",Конфликты
В Днепропетровской области из-за взрывов повреждены энергообъекты,ЧП
В Минздраве Газы заявили о гибели восьми палестинцев за сутки из-за ударов Израиля,Конфликты
"Балицкий: ВС РФ шаг за шагом очищают Запорожскую область от ""нацистской нечисти""",Конфликты
"Партия ""Зеленые"": планы на выборы в Государственную думу в 2026 году",Политика
Кировские власти держат на контроле ситуацию на топливном рынке,Политика
Филиппо обвинил Киев в покушении на Ермолаева в Монако,Политика
"ЦАХАЛ заявил о ликвидации командира отряда ""Исламского джихада""",Конфликты
Глава Харьковской ВГА прокомментировал персональные санкции Зеленского,Политика
Украинский военный получил 16 лет за теракт под Курском,Конфликты
ВС РФ взяли в плен четырех солдат ВСУ в Константиновке,Конфликты
В ISU пока не планируют проводить соревнования на территории России,Политика
В Монако не квалифицируют взрыв 29 июня как теракт,ЧП
Минобороны РФ показало кадры по освобождению Красного Лимана,Конфликты
ВС РФ в Красном Лимане сталкивались с иностранными наемниками ВСУ,Конфликты
Катар назвал темы непрямых переговоров между США и Ираном в Дохе,Политика
ООН: жара в Европе привела к деформации рельсов и плавлению асфальта,Погода
Матвиенко: кандидаты от ЕР представляют на выборах партию президента,Политика
Британия намерена увеличить расходы на оборону до 3% ВВП после 2029 года,Экономика
"В ""Рубине"" объявили об уходе пятикратного чемпиона России по футболу Кузяева",Спорт
Гибель младенца в Егорьевске и 419 БПЛА. Последствия атак ВСУ на регионы РФ,Конфликты
В Севастополе сняли режим временного ограничения электроснабжения,ЧП
ВС РФ ударили ФАБ-3000 по пунктам временной дислокации ВСУ у Орехова,Конфликты
Названы предметы с самыми высокими средними баллами на ЕГЭ-2026,Политика
Сенатор Волошин: Киев превращает Украину в криминальный канал,Политика
Названы средние тестовые баллы ЕГЭ-2026,Политика
"Гончаренко считает, что фигуристки РФ и после допуска будут в числе сильнейших",Политика
Мурашко: система наставничества даст толчок всему здравоохранению России,Общество
В Рязанской области отменили беспилотную опасность,ЧП
В Саратовской области ищут подозреваемого в стрельбе по людям,ЧП
В юношеских соревнованиях горнолыжников на Эльбрусе примут участие более 250 человек,ЧП
"Матч, который войдет в историю: команды США и РФ сыграют в хоккей в Лужниках",Спорт
В Москве запустили услугу по поиску зарубежных партнеров для экспортеров,Экономика
Гибель ребенка в Подмосковье и контакты по импорту топлива. Темы брифинга Пескова,Экономика
"Британия увеличит инвестиции в оборону на $19,8 млрд",Экономика
"В Горном Алтае сняли карантин, введенный из-за вспышки пастереллеза",ЧП
"Киев получил от ЕС €3,8 млрд на военные нужды",Политика
Выкатившийся за пределы ВПП самолет S7 эвакуировали с летного поля в Мирном,Транспорт
Минобороны показало кадры из освобожденных Лесного и Ровного,Конфликты
ВС РФ уверенно продвигаются на краснолиманском направлении,Конфликты
В Пензенской области ввели режим повышенной готовности из-за ситуации с топливом,ЧП
Венгрия выступила против лишения украинцев призывного возраста статуса беженцев,Политика
Коммунальные сети обновят в пяти муниципалитетах Тамбовской области в 2026 году,Общество
ЧМ по футболу становится крупнейшим событием в истории ставок на спорт в США,Спорт
Песков призвал мировое сообщество обратить внимание на преступления Киева,Политика
В период ЕГЭ через платформу обратной связи поступило 62 жалобы,Общество
Пушилин: ВС РФ охватывают Красный Лиман,Конфликты
Индекс Мосбиржи превышал 2 400 пунктов впервые с 22 июня,Культура
В микрорайоне Краснодара обнаружили обломки БПЛА,ЧП
"""Норникель"" не выплатит дивиденды за 2025 год",Общество
Bild: Мерц выставил себя на посмешище постом о сборной Германии,Спорт
"Осужденный на 10,5 года тюрьмы экс-банкир Антонов признал вину в суде Литвы",Политика
"В Латвии электрика приговорили к 5,5 года тюрьмы якобы за передачу данных РФ",Политика
Пушилин: ВС РФ продвигаются по высотам западнее Рай-Александровки,Конфликты
В Москве простились с Сергеем Ивановым,Политика
В Чувашии завели дело после попытки потушить Вечный огонь,ЧП
В Москве росгвардейцы задержали мужчину со 113 свертками наркотиков,ЧП
ООН сообщила о нехватке продовольствия в наиболее пострадавшем штате Венесуэлы,Политика
Эксперт Подольский: индустрии туризма в России необходимо порядка 2 млн человек,Политика
"В ЛНР заявили, что атака на Старобельск разделила жизни семей на ""до"" и ""после""",Конфликты
В Красноярском крае пропала женщина с дочерью,ЧП
Акционеры Сбера утвердили рекордные дивиденды за 2025 год,Экономика
РКК назвал срок возвращения россиян с Украины на родину,Политика
Под Геленджиком потушили пожар рядом с океанариумом,ЧП
В РАН предложили создать единый реестр отозванных научных статей,Общество
Греф: общий эффект от внедрения ИИ в Сбере достигнет 550 млрд рублей,Экономика
Рособрнадзор: родители не зафиксировали нарушений прав участников на ЕГЭ-2026,ЧП
Матвиенко отметила активное развитие на Севере программ по обучению бизнесу,Политика
Жители уральского села вынуждены передвигаться по улице на лодке,Общество
Песков назвал гибель ребенка в Егорьевске результатом действий Киева,Политика
"Матвиенко, Володин и Лавров приехали проститься с Ивановым",Политика
На Урале завели дело из-за захоронения отходов в заказнике,ЧП
"Военные ВСУ убили жителя Константиновки, пытавшегося выйти в сторону ВС РФ",Конфликты
Аэропорт Жуковский обслуживает рейсы по согласованию,Транспорт
Пушилин: российские БПЛА поразили замаскированный Leopard ВСУ в Константиновке,Конфликты
МО РФ: освобождение Ровного усилило давление на оборону ВСУ у Долинок,Конфликты
Песков анонсировал рабочую встречу Путина с Хинштейном,Политика
"Роднина считает, что к старту сезона все вопросы допуска фигуристов прояснятся",Спорт
Экс-мэр Одессы назвал песни на русском частью истории и самобытности города,Политика
Жителя Самары осудили за передачу за рубеж данных о движении военной техники,Общество
"Компания ""Дальрефтранс"" прошла второй этап ЭКГ-рейтинга",Политика
"В Приангарье задержали ОПГ, совершившую свыше 15 преступлений",ЧП
В ОДКБ предложили создать исполнительный орган по ЧС,ЧП
Потери ВСУ за сутки в зоне СВО составили порядка 1 395 военных,Конфликты
Росатом поможет создать во Вьетнаме центр технологий 3D-печати,ЧП
ЦБ вырабатывает стратегию и тактику защиты в суде с Euroclear в Бельгии,Политика
ЛДПР первой принесла в ЦИК документы для заверения списков кандидатов в Госдуму,Политика
МО РФ: освобождение Лесного способствует продвижению на юго-западе Запорожья,Конфликты
Лакерник считает логичным допуск российских фигуристов на международные старты,Спорт
Песков: договоренности об импорте топлива станут шагом к стабилизации рынка,Экономика
Пушилин: ВС РФ круглосуточно ведут разведку в Константиновке,Конфликты
"Кремль не будет раскрывать, из каких стран РФ может импортировать топливо",Экономика
Песков: кабмин обсуждает меры по стабилизации рынка топлива,Экономика
ЦИК принял у ЛДПР документы для заверения списков кандидатов в Госдуму,Политика
Обезвредившего нападавшего на людей в ТЦ Краснодара бойца СВО наградили медалью,Спорт
Зря поверили в науку. Как сборная Нидерландов вылетела с ЧМ по футболу,Спорт
"В Москву прибыли два ""Театральных поезда"" после тура по 43 городам России",Транспорт
Нарышкин приехал проститься с Ивановым,Политика
Центр Блохина объявил набор пациентов на лечение онковакциной,Политика
Песков: Путин на церемонии прощания пообщался с родными Сергея Иванова,Политика
Пасечник назвал атаку на Старобельск самым бесчеловечным преступлением в ЛНР,Конфликты
Разменная фигура. В Национальной разведке США сменили очередного руководителя,Политика
Обвиняемые в убийстве студента в Омске на допросе придерживались общей версии,Общество
Генконсульство РФ ожидает рекордное число туристов из России в Гонконге в 2026 году,Политика
Эксперт Орлова спрогнозировала рост курса доллара до 87 рублей к концу 2026 года,Экономика
Посольство РФ в Латвии предупредило о проверках полицией документов у посетителей,Политика
ВС РФ за сутки поразили объекты энергетики ВСУ,Конфликты
"В Краснодаре арестовали мужчину, направившего деньги украинским националистам",ЧП
Адвокат Банару: после решения КС в Молдавии усилят давление на оппозицию,Политика
Ситуация с паводками после сильных дождей в Свердловской области стабилизируется,Погода
"Мэрия Новосибирска потребовала снести здание, где зимой обрушилась кровля",Политика
Нарышкин вручил серебряную медаль РИО министру из Республики Сербской,Спорт
Черноморский флот уничтожил семь катеров,Общество
"Смоленская область вошла в число победителей программы ""Регион для молодых""",Политика
ВС РФ за сутки освободили в Константиновке 30 зданий,Конфликты
Глейхенгауз: адаптация россиян к турнирам ISU пройдет индивидуально,Спорт
Роднина назвала Дмитриева уникальным спортсменом и творческим человеком,Спорт
Солнечные электростанции мощностью 628 МВт построят в Амурской области,ЧП
"Кравцов рассказал, как прошел ЕГЭ-2026",Политика
В Краснодаре выявили сторонника националистической идеологии,ЧП
"ООН подсчитала, сколько может стоить Африке вспышка Эболы в ДРК",Политика
Российские средства ПВО сбили 806 беспилотников ВСУ,Конфликты
Мишустин прислал венок к церемонии прощания с Ивановым,Политика
ВС РФ за сутки заняли 4 опорника и 54 здания в Красном Лимане,Конфликты
Медведев назвал правильной позицию поляков по отношению к героизации УПА Киевом,Политика
Дмитриев назвал рациональным призыв АдГ возобновить импорт нефти и газа из РФ,Экономика
По итогам ЕГЭ-2026 76 выпускников набрали 300 баллов,Общество
"Парламент Франции принял законопроект против ""сверхбыстрой моды""",Политика
ВТБ рассчитывает на рекордную чистую прибыль в 2026 году,Экономика
"ВС РФ освободили Малиновку, Лесное и Ровное",Конфликты
"Глейхенгауз предположил, сколько россиян смогут участвовать в турнирах ISU",Спорт
"""Алису AI"" теперь можно ставить главным ИИ-помощником на Android-устройствах",Политика
Курс иены к доллару опустился до минимума за 40 лет,Экономика
Из-за атак ВСУ на Херсонскую область за сутки погиб человек,Конфликты
Вайно посетил церемонию прощания с Ивановым,Политика
На ЗАЭС сообщили о сложной ситуации с электроснабжением Энергодара,Политика
Медведев приехал в ЦКБ на прощание с Ивановым,Политика
В Горловке две женщины пострадали из-за удара дрона ВСУ,Конфликты
ВВС США провели учения с использованием дальнобойной крылатой ракеты LRASM,Наука
В Московском зоопарке больших сухопутных черепах перенесли в уличные вольеры,Общество
ВСУ ударили по жилой застройке Энергодара,Конфликты
Обвиняемые в убийстве студента в Омске назвали мотив преступления,Общество
Лавров анонсировал открытие диппредставительств РФ в четырех странах Африки,Наука
S7 Airlines рассматривает возобновление рейсов в ОАЭ ближе к зиме,Политика
"Echo: Euroclear подал иск против ЦБ РФ, чтобы не допустить взыскания",Политика
Fesco и Huayuan International Land Port будут развивать ж/д контейнерные перевозки,Транспорт
Россиянку осудили за передачу Украине данных о кораблях ЧФ,Политика
Жителя Костромы приговорили к 25 годам колонии за госизмену и терроризм,Общество
Литва денонсировала договор с Белоруссией о приграничном движении,Политика
В ТАСС расскажут о мероприятиях тематической недели ко Дню семьи в Новосибирской области,Общество
NASA: из-за землетрясения в Венесуэле повреждены или разрушены почти 59 тыс. зданий,ЧП
Лавров: товарооборот России и Африки в 2025 году превысил $27 млрд,Политика
Экс-премьер Молдавии назвал ошибкой отказ властей от участия в ПМЭФ,Политика
В РСТ назвали маловероятным полный запрет выдачи шенгенских виз россиянам,Политика
"Захарова: Польша в ответе за кровожадных монстров из Киева, которых вскормила",Политика
Из-за атаки БПЛА под Тверью погибла женщина,ЧП
В Костромской области отменили беспилотную опасность,ЧП
В Крымском районе Кубани объявили беспилотную опасность,ЧП
Хабаровский судозавод построит 11 судов и 60 причалов до 2030 года,Политика
На Кипре продолжат рассмотрение дела об экстрадиции россиянина Актулаева в США,Политика
Дегтярев прокомментировал решение ISU по допуску россиян,Политика
В ISU пока не обсуждают возвращение на турниры российских судей,Спорт
Гуляев: конькобежцы РФ планируют осенью выступить на Кубке мира,Спорт
Росатом и Руанда обсудили проект сооружения атомной электростанции,Политика
"Козлов оценил назначение Ковальчука на пост президента ""Шанхай Дрэгонс""",Политика
Лидер АдГ призвала возобновить импорт нефти и газа из России,Экономика
Глава МЧС РФ призвал укреплять потенциал чрезвычайных ведомств ОДКБ,ЧП
Сальдо призвал ограничить энергопотребление на Херсонщине,Политика
В Калининграде аномальная жара сменится прохладной погодой,Погода
"Журналист ""Эспресо"": Киев накрыло едким облаком из Чернобыля",Политика
Глава МЧС РФ призвал ОДКБ принимать согласованные меры по защите от катастроф,ЧП
Матвиенко отметила успехи северных регионов в демографии,Политика
В уральских Нижних Сергах подтопило музей храма,Культура
Хронология участия Владимира Путина в траурных церемониях,Политика
Токаев: строительство АЭС в Казахстане с Росатомом начнется в 2027 году,Общество
ЦБ изменил правила определения расходов на ремонт по ОСАГО,Политика
"В ISU заявили, что могут как смягчить, так и усилить санкции к россиянам",Политика
S7 Airlines начнет эксплуатировать купленные у Red Wings самолеты в августе,Транспорт
В ДТП в Бурятии погибли два человека,ЧП
На Урале транспортное сообщение ограничено с 17 населенными пунктами,ЧП
Угольные компании вернут в бюджет РФ 53 млрд рублей,Экономика
От атак ВСУ в Запорожской области за сутки пострадали пять человек,Конфликты
Shell ждет роста мирового спроса на СПГ на 65% к 2050 году,Культура
VIZANT GROUP поддержит крымских производителей закупками для отеля в Подмосковье,Политика
В Елизаветграде произошли взрывы,ЧП
Количество поданных в Росреестр экстерриториальных заявлений выросло на 31%,ЧП
СК опроверг причастность к убийству студента в Омске его бывшей девушки,Общество
"В РФ выдача ипотеки в мае снизилась на 8,6% по сравнению с апрелем",Экономика
Матвиенко назвала Север территорией добра и милосердия,Конфликты
Жулин назвал Артура Дмитриева талантливейшим человеком,Политика
В Литве призвали вычеркнуть из конституции запрет на размещение ядерного оружия,Политика
"Греф сравнил экономику РФ с коровой, которую хотят доить пять раз в день",Экономика
Кремль показал видео прощания Путина с Сергеем Ивановым,Политика
Галлямов считает мотивирующим решение ISU по российским спортсменам,Спорт
КС Армении обнародует решение по оспариванию итогов выборов 4 июля,Политика
Матвиенко назвала одну из главных задач II Форума женщин Севера,Общество
Эксперт Кайль назвал реальным риском прекращение выдачи шенгенских виз россиянам,Политика
Навка назвала огромной победой допуск россиян на турниры ISU,Спорт
В Белгородской области при детонации БПЛА пострадал мужчина,ЧП
"В ГСЧС объяснили, почему пятый день не могут потушить пожар в Чернобыльской зоне",ЧП
Нарышкин: РИО с Минобрнауки намерены создать рекомендации по истории на фоне ИИ,Культура
Путин поприветствовал участников Второго форума женщин Севера,Политика
Пропавшую в Ульяновске девочку нашли живой,ЧП
КС Молдавии признал законными санкции против оппозиционных партий,Политика
Лидер Сирии обвинил Израиль в стремлении дестабилизировать ситуацию на юге страны,Политика
European Gymnastics обсудит решение по флагу России до 3 августа,Политика
"В Латвии намерены возвести ""стену дронов"" на границе с РФ и Белоруссией к концу лета",Конфликты
Власти Горного Алтая примут временные меры против искусственного ажиотажа с ГСМ,Наука
ВЦИОМ: более половины россиян отдают предпочтение отечественным препаратам,Общество
В Киеве из-за жары ограничили движение грузового транспорта,ЧП
"Авербух считает, что россияне будут конкурентоспособны после допуска ISU",Спорт
В Приморье суд запретил осужденному менять пол,ЧП
"Фетисов рассказал, какой совет дал Овечкину",Политика
Глава ДСВР: президент Румынии не выдвинет премьера до получения гарантий от партий,Политика
В Москве на нескольких улицах закрывали движение транспорта,Транспорт
Shell ждет сохранения мировой торговли СПГ на уровне 2025 года,Экономика
Дело журналистов Baza поступило в суд,ЧП
"Свищев считает, что изменение хартии МОК повлияло на допуск российских фигуристов",Спорт
Fesco и SIPG Logistics будут развивать контейнерные перевозки через порт Шанхай,Транспорт
"В ""Аккую нуклеар"" рассказали о будущем вкладе АЭС в климатические цели Турции",Политика
В Нижегородской области ввели беспилотную опасность,ЧП
Шуваев подал документы на участие в выборах губернатора Белгородской области,Политика
На Украине вводят графики отключения электричества на фоне жары,ЧП
Индия опровергла сообщения о вторжении армии Китая в штат Аруначал-Прадеш,Конфликты
Сразу три столичные школьницы получили по 400 баллов на ЕГЭ,Общество
"Над трассой ""Новороссия"" сбили высотные ударные БПЛА ВСУ Hornet",Конфликты
В Калужской области объявили режим беспилотной опасности,ЧП
ТАСС: Италия не поддерживает идею запрета на въезд россиян в Европу,Экономика
В Орловской области объявляли ракетную опасность,Конфликты
"Жулин рассказал, что его воодушевила новость о допуске россиян на турниры ISU",Спорт
Тарлев призвал вернуться к закупкам электроэнергии на ГРЭС в Приднестровье,Политика
Семин назвал провалом для сборной Германии вылет с ЧМ на стадии 1/16 финала,Спорт
"Оператор питания в школе на Урале, где отравились дети, заплатит компенсацию",Общество
Погибший от атаки украинского БПЛА в Донецке пожарный отдал службе 30 лет,ЧП
Греф призвал снижать ключевую ставку,Экономика
Эксперт Воскобойник указал на ежегодное сокращение населения Украины,Политика
"Журова считает, что ISU постепенно допустит россиян с флагом и гимном",Спорт
"ЦБ купил юани на 5,5 млрд рублей с расчетами 29 июня",Экономика
Эксперт Литвинов: человек в жару может терять с потом до 3 л жидкости в сутки,ЧП
На Украине около 600 населенных пунктов остались без электроснабжения,Политика
В Перми четыре 11-классника стали мультистобалльниками,Политика
ISU допустил российских спортсменов до турниров в нейтральном статусе,Спорт
На Украине дезертир семь раз ударил соседа ножом,Конфликты
В лагере под Тверью заявили об отсутствии кишечной инфекции у детей,Общество
В Перми будут активнее информировать население о бесплатных спортивных событиях,Общество
Актер Галибин высказался за отмену возрастного ограничения на фильмы об СВО,Культура
Мишин назвал большой победой допуск российских фигуристов к международным стартам,Политика
В Подмосковье мужчину приговорили к семи годам за покушение на автомастера,Политика
"Тарасова считает, что у ISU не осталось аргументов для отстранения россиян",Спорт
В Челябинской области пресекли работу группы криминальных связистов,ЧП
В кабмин внесли программу развития угольной промышленности до 2050 года,Политика
Путин не менее 20 минут провел на прощании с Ивановым,Политика
В аэропорту Краснодара ввели ограничения,Транспорт
"Глава МО Польши заявил, что Украина с бандеровской идеологией не вступит в ЕС",Политика
На Колыме приняли меры для предотвращения резкого скачка цен на бензин,Общество
Инвестиции в добычу и обогащение угля в РФ в 2025 году снизились на 19%,Экономика
На подъезде к Нижнему Новгороду произошло массовое ДТП,ЧП
ФСБ показала кадры задержания готовивших теракты в трех областях РФ,Конфликты
Журова назвала смерть Дмитриева большой потерей для фигурного катания,Спорт
"В ТАСС расскажут о программе культурных событий ""Обские фестивали-2026"" в Новосибирске",Культура
В Кузбассе спасли пенсионера с костью в бронхах,Экономика
"""Обские фестивали-2026"" в Новосибирске",Культура
"Министр юстиции Армении считает, что оснований для отмены итогов выборов нет",Политика
"Мероприятия тематической недели ко Дню семьи, любви и верности в Новосибирской области",Общество
Шестого обвиняемого в убийстве студента в Омске арестовали,Общество
В Венесуэле из-за землетрясения погибла 19-летняя бодибилдерша,ЧП
Путин приехал в ЦКБ проститься с Сергеем Ивановым,Политика
ФНС: страховые взносы с дохода более 300 тыс. рублей нужно уплатить до 1 июля,Экономика
Музей Победы покажет реликвии главного маршала бронетанковых войск Ротмистрова,Культура
Саммит стран СНГ состоится 9 октября в Туркменистане,Политика
В Ивановской области отменили опасность атаки БПЛА,Конфликты
Reuters: центробанки мира впервые намерены сократить долю доллара в резервах,Экономика
"Эксперт Литвинов рассказал, какую еду следует исключить из рациона в жару",Политика
Москвичей призвали проветривать машины и парковаться в тени,Политика
В Воронежской области объявляли ракетную опасность,Конфликты
Фетисов сообщил о подготовке хоккейного матча легенд России и США,Спорт
Путин отметил созидательную работу Российского исторического общества,Политика
В Белгородской области при детонации БПЛА на остановке пострадали три человека,ЧП
В России ликвидировали юрлицо Sennheiser,Политика
Биография двукратного олимпийского чемпиона Артура Дмитриева,Спорт
В Подмосковье ликвидирован узел связи телефонных мошенников,Общество
"Почти половина опрошенных американцев уверена, что лучшее время США прошло",Политика
Белоруссия и Россия представили в СНГ доклад о правах человека в мире,Культура
НТК с начала года выполнила плановый ремонт более 7 тыс. вагонов,Экономика
Зарплаты медиков ДНР довели до среднероссийского уровня,Экономика
Астроном Язев: крупные астероиды можно обнаружить за годы до сближения с Землей,Наука
Нарышкин: единство народов России особенно актуально в условиях борьбы с врагом,Политика
Пожар под Геленджиком локализовали на 370 кв. м,ЧП
Пострадавший от взрыва в Монако Ермолаев входил в топ-50 богатейших украинцев,ЧП
"В Москве мужчина забрал несколько бутылок с алкоголем и скрылся, не оплатив",ЧП
Сальмонеллез из гастронома. Массовое отравление в Астраханской области,ЧП
Российский рынок акций растет в начале торгов,Экономика
В Москве 26 июня вошло в тройку самых популярных свадебных дат за 50 лет,Культура
"Около 300 атлетов примут участие в чемпионате России по ""грэпплингу"" и ""грэпплинг-ги""",Спорт
"В Республике Сербской заявили, что БиГ пора избавиться от опекунства",Политика
Спрос на онлайн-покупку полисов ОСАГО вырос на 20% за полгода,Экономика
В Воронежской области поручили дважды включать сирены при ракетной опасности,Конфликты
"Малый театр представит на ""Театральном бульваре"" свою версию сказки Андерсена",Культура
Мирошник: манипулятивность высказываний чиновников ООН потрясает,Политика
"Тарасова назвала Дмитриева фигуристом, показавшим, что такое профессионализм",Политика
Астроном Язев рассказал о правилах присвоения имен астероидам,Наука
"Росатом сосредоточил усилия на пуске АЭС ""Аккую"" в 2026 году",Общество
"В аэропортах Калуги, Нижнего Новгорода и Ярославля сняли ограничения",Транспорт
Министр юстиции Республики Сербской: не допустим введения виз для россиян,Политика
Польша не передаст Украине МиГ-29,Политика
В Москве речные вокзалы приняли 120 тыс. пассажиров с начала летней навигации,Транспорт
В Иркутской области в ДТП пострадали пятеро взрослых и младенец,ЧП
В центре и на западе Москвы предупредили о локальных ограничениях движения,Общество
FT: глава Covestro заявил о неконкурентоспособности энергоемкой химии из ЕС,Политика
Bloomberg: азиатские НПЗ начали предлагать часть ближневосточной нефти США,Экономика
В Донецке при повторной атаке БПЛА погиб сотрудник МЧС,ЧП
Обвиняемый в убийстве девочки в Кузбассе не признал вину,ЧП
В Омске арестовали пятого обвиняемого в убийстве студента,Общество
Whoosh сделал поездки на самокатах дешевле за повторное изучение ПДД,Транспорт
В Иванове согласовали проект комплексного развития территорий,Политика
Первая сенсация плей-офф. Как парагвайцы выбили с ЧМ сборную Германии,Спорт
Экология как инвестиция: как меняется Магнитогорск через модернизацию инфраструктуры,Экономика
Министр энергетики Украины поручил увеличить импорт электроэнергии из-за жары,Экономика
"Киммих заявил, что вина за вылет сборной Германии с ЧМ лежит на игроках",Спорт
За подготовку терактов в трех регионах осудили троих россиян,Конфликты
В Кузбассе арестовали обвиняемого в убийстве девочки,ЧП
ТАСС: Европа к концу июня закачала лишь треть необходимых объемов газа к зиме,Экономика
"ГОСА Сбера, интервью с Германом Грефом и встреча Клуба акционеров. Текстовая трансляция",Спорт
В Екатеринбурге побит рекорд по осадкам 40-летней давности,Погода
В аэропорту Сочи сняли ограничения,Транспорт
АВС: в Венесуэле из-за землетрясения обрушился отель с депортированными из США,ЧП
Бастрыкин согласился завести дело против председателя суда в Кузбассе,ЧП
Прокуратура утвердила обвинение Лизе Миллер,Политика
Сбер: годовое Общее собрание акционеров и встреча Клуба акционеров. Онлайн-трансляция,Экономика
"Аленичев считает, что 37-летнему Дзюбе рано завершать карьеру",Спорт
Провал немцев и победа бразильцев. Итоги игрового дня ЧМ,Спорт
Решетников назвал экстремально низким текущий уровень безработицы,Политика
Прокуратура начала проверку после подтопления жилого сектора в Нижних Сергах,ЧП
На МКАД произошло ДТП с тремя машинами,ЧП
Выкатывание самолета в Якутии классифицировали как серьезный авиаинцидент,Транспорт
В Белгородской области при атаках ВСУ погиб мирный житель,Конфликты
В уральских Нижних Сергах ввели режим ЧС,ЧП
Фетисов: команды России и США могут провести ответный хоккейный матч в Америке,Спорт
В Приамурье будут судить руководителя путевой станции по делу о ЧП на ж/д,ЧП
Силы ПВО отразили атаку 60 БПЛА в Подмосковье,Конфликты
Силы ПВО сбили 11 летевших на Москву БПЛА,Конфликты
В Курской области загорелись емкости на АЗС после атаки ВСУ,Конфликты
В РФ вступило в силу решение о 180-дневном пребывании дальнобойщиков из СНГ и Грузии,Политика
Кубок полпреда в УрФО для защитников Отечества стартовал в Челябинске,Спорт
В Ростовской области отменили беспилотную опасность,ЧП
На Солнце впервые более чем за неделю произошли сильные вспышки,Конфликты
Над Брянской областью за сутки сбили 123 БПЛА,Конфликты
Экс-конгрессвумен Тейлор-Грин: войны превратились для ВПК США в бизнес,Конфликты
В Волгоградской области отменили беспилотную опасность,ЧП
Эксперт Белогорьев допустил возобновление ритмичных поставок нефти через Ормуз,Экономика
Под Геленджиком загорелись игровая зона и тир,ЧП
Справедливая драма. Марокканцы по пенальти прошли нидерландцев на ЧМ,Спорт
Reuters: Израиль сомневается в способности Ливана выполнить обязательства по соглашению,Политика
В суд Кузбасса доставили обвиняемого в убийстве девочки,ЧП
Экс-конгрессвумен Тейлор-Грин: США будут создавать военную угрозу Кубе,Политика
"Фетисов считает, что Овечкин пойдет за новым рекордом в ""Вашингтоне""",Спорт
В Ульяновске пропала 12-летняя девочка,Политика
В Москве объявили оранжевый уровень опасности почти на двое суток из-за жары,ЧП
Экс-конгрессвумен Тейлор-Грин: вступление Украины в НАТО грозит вернуться на повестку дня,Политика
В Новосибирске мужчину осудили за жестокое убийство и вымогательство,Политика
"В ДРК число заболевших Эболой превысило 1,3 тыс.",ЧП
В Якутии госпитализировали 14 человек с признаками кишечной инфекции,ЧП
В Мордовии отменили беспилотную опасность,ЧП
"Большинство опрошенных россиян позитивно относятся к маркировке ""Сделано в России""",Общество
"В НовГУ рассказали, как тяжелые металлы накапливаются в белых грибах",Общество
В Тульской области отменили опасность атаки БПЛА,Конфликты
В аэропортах Внуково и Домодедово сняли временные ограничения,Транспорт
Экс-конгрессвумен Тейлор-Грин: США ведут на Украине прокси-войну с Россией,Политика
В Воронежской области отменили опасность атаки БПЛА,Конфликты
Mehr: двое бойцов КСИР погибли при нападении на западе Ирана,ЧП
Wildberries запускает проверку IMEI дорогих смартфонов во всех российских ПВЗ,Конфликты
В аэропорту Сочи задерживаются 50 рейсов,Транспорт
Politico: Франция выступает за усиление внешнеполитической службы ЕС,Политика
"Операторы дронов ""Варяга"" поразили 25 АЗС и цистерны с горючим на Украине",Конфликты
"Как в ""Капитане Цубасе"", только наоборот. Подвиг бразильцев в 1/16 финала ЧМ",Спорт
В Егорьевске после падения БПЛА на частный дом погиб ребенок,ЧП
В Белгородской области от атак ВСУ за сутки пострадали 10 человек,Конфликты
В Одессе девушка ранила ножом сотрудника ТЦК,Общество
Над Калужской областью сбили девять БПЛА,Конфликты
На севере Москвы сократили перепробеги машин и ускорили проезд автобусов,Транспорт
WSJ: Уоррен Баффетт отказался от пожертвований в фонд Гейтса из-за дела Эпштейна,Политика
Axios: Уиткофф обсудит с премьером Катара соглашение по ядерной программе Ирана,Культура
ТАСС: число отравившихся продукцией гастронома в Астрахани выросло до 35,ЧП
Президент Сирии призвал Израиль вывести войска после ударов на юге страны,Конфликты
В Уфе при пожаре в жилом доме спасли шесть человек,ЧП
Глава Европарламента ожидает серьезных политических изменений в ЕС в 2027 году,Экономика
"""Сбермобайл"" запустил белый список в Крыму, Донбассе и Новороссии",ЧП
ИИ научили различать заболевания легких по составу выдыхаемого воздуха,Политика
"Пленный из ВСУ: украинский БПЛА ударил по дому с пленными из полка ""Скала""",Конфликты
Лукашенко предложил углубить сотрудничество Минска и Пекина в сфере образования,Политика
Третьяк: в ФХР продолжают искать возможности для игр с американцами,Конфликты
Найдено тело пропавшей во время сплава под Красноярском,ЧП
В Адыгее отменили беспилотную опасность,ЧП
В Республике Сербской заявили о борьбе с попытками дестабилизации в БиГ,Политика
Домодедово обслуживает рейсы по согласованию,Транспорт
В Кургане в многоквартирном доме при пожаре погибли два человека,ЧП
В аэропорту Жуковский сняли ограничения,Транспорт
"Володин посоветовал Польше наградить Зеленского ""орденом Иуды""",Политика
В аэропорту Сочи ввели ограничения,Транспорт
В уральских Нижних Сергах до конца дня планируют откачать воду из 38 домов,Общество
В Елизаветграде произошел взрыв,ЧП
Лукашенко продолжает визит в Китай,Политика
Сенатор Гибатдинов призвал возродить тимуровское движение,Политика
"""Купол Донбасса"" за сутки уничтожил четыре дрона ВСУ над ДНР",Конфликты
Куман отметил психологический эффект гола Рахими в серии пенальти,Политика
В Донецке при атаке украинского БПЛА пострадала женщина,ЧП
"В Москве 4 июля ограничат движение на западе города из-за велогонки ""Столица""",Политика
The Phuket News: на Пхукете россиянина нашли мертвым в номере отеля,Политика
В Липецкой области объявили воздушную опасность,ЧП
Астроном Бурмистров назвал размеры самого большого астероида в истории,Наука
Матвиенко поздравила глав парламентов стран мира с Днем парламентаризма,Политика
В ТПП предложили существенно повысить штрафы за незаконное предпринимательство,Политика
"Расчет ""Молнии-2"" группировки ""Север"" уничтожил восемь укрепленных позиций ВСУ",Конфликты
В Первоуральске подтопило 29 домов,Политика
Мошенники угрозами заставили жительницу Югры отдать курьеру почти 10 млн рублей,Экономика
Марочко: ВС РФ начали бои за Осыково на северо-западе от Константиновки,Конфликты
Wildberries увеличила срок уведомления продавцов об изменениях оферты до 45 дней,Экономика
Посольство РФ выясняет обстоятельства предъявления новых обвинений Королевым,Политика
"Его кандидатуру одобрил сам Гвардиола. О новом тренере ""Манчестер Сити"" Энцо Мареске",Спорт
В Херсонской области за ночь сбили 26 БПЛА,Конфликты
СК не рассматривает любовные отношения как мотив убийства студента в Омске,Общество
"Моравецкий: Украина заплатит за решение создать национальный ""пантеон героев""",Политика
Над Тульской областью за сутки уничтожили 17 украинских БПЛА,Конфликты
СК: убийцы омского студента встречались с ним до совершения преступления,Общество
На Ямале площадь лесных пожаров за сутки выросла почти вдвое,ЧП
В Костромской области объявили беспилотную опасность,ЧП
Уникальный чемпион. Ушел из жизни двукратный победитель ОИ Артур Дмитриев,Спорт
В Москве водителей призвали не оставлять детей и животных в машинах,Общество
В Ульяновской области отменили беспилотную опасность,ЧП
РОМИР: в России выросла доля финансово самостоятельных женщин,Экономика
В Подольске появится первое в РФ производство растворителя для микроэлектроники,Экономика
"""Профессии будущего"": в Москве появились необычные сезонные вакансии",ЧП
"Боец Велес: группировка ""Север"" применила более 1,2 тыс. дронов по ВСУ за неделю",Конфликты
Эксперт Гроза: в гуманитарии нередко скрывается высокое аналитическое мышление,Политика
"""Авито"": россияне проводят на шопинг-платформах в среднем 24 минуты в день",Общество
"Боец Топор: саперы ""Севера"" за неделю уничтожили более 100 мин ВСУ",Конфликты
Марочко: ВС РФ наносят серьезные удары по ВСУ на трех участках у Константиновки,Конфликты
Над Воронежской областью за сутки сбили 32 украинских БПЛА,Конфликты
Над регионами России за ночь сбили 419 украинских БПЛА,Конфликты
Американский законодатель: договоренности США и Ирана выгоднее для Тегерана,Политика
В подконтрольной Киеву части Запорожской области произошли взрывы,ЧП
"""Выберу.ру"": россияне стали тратить больше денег на анализ сна",Общество
"Кандидат в президенты Франции Меланшон считает, что стране надо выйти из НАТО",Политика
Глава Минюста Республики Сербской: выборы в БиГ напоминают лотерею,Политика
В Чувашии отменили угрозу атаки БПЛА,Конфликты
В Индии при пожаре на трубопроводе пострадали не менее 35 человек,ЧП
"Индекс Мосбиржи на открытии утренней торговой сессии рос на 0,4%",Наука
В Волгоградской области объявили беспилотную опасность,ЧП
В Якутии проведут проверку после госпитализации людей с подозрением на инфекцию,ЧП
Над Калужской областью уничтожили 13 украинских БПЛА,Конфликты
Каждый третий опрошенный клиент МФО зарабатывает более 100 тыс. рублей в месяц,Экономика
В Новосибирском зоопарке впервые получили потомство от пары степных лисиц,Спорт
Князь Монако осудил первый в истории страны теракт,Конфликты
Эксперт Орлова назвала неплохим сценарием ключевую ставку 12% в 2027 году,Культура
Лантратова обратилась к Цыбульскому из-за закрытия филиала техникума в Пинеге,ЧП
В аэропортах Домодедово и Жуковский ввели временные ограничения,Транспорт
Эксперт Петриченко: ИИ научился прогнозировать риски инфаркта и инсульта,Политика
Росстандарт принял первые ГОСТы для систем промышленной автоматизации,Политика
В Самарской области отменили беспилотную опасность,ЧП
"Боец Карта: дроны ""Севера"" уничтожили более 85 БПЛА ВСУ",Конфликты
Мирошник: число пострадавших от ударов ВСУ превысило 300 за неделю,Конфликты
"Астроном Бурмистров рассказал, где на Земле можно найти частицы астероидов",Наука
"Аналитики сообщили о подорожании офисов в ""Москве-Сити"" на 15,5% за год",Экономика
Мирошник: Киев усилил атаки на гражданские автомобили в ЛНР,Транспорт
"""Росконгресс"": предсказуемость затрат стала драйвером аутсорсинга ИБ для МСП",Политика
Марочко: ВС РФ серьезно закрепились северо-западнее Красного Лимана,Конфликты
В аэропорту Тамбова сняли временные ограничения,Транспорт
"Мирошник назвал удар по ""Самбекским высотам"" очередным циничным терактом ВСУ",Конфликты
"Артиллерия ""Севера"" за ночь уничтожила девять пунктов БПЛА и более 60 солдат ВСУ",Конфликты
Посол в РФ: Ирак выступает против агрессии Израиля в Ливане,Политика
Мирошник: за неделю от ударов ВСУ погибли 42 жителя РФ,Конфликты
В Москве назвали топ-10 самых востребованных этим летом станций метро,Транспорт
В ДНР задержали мужчину по подозрению в призывах к экстремизму,ЧП
"S7 отстранила от полетов экипаж борта, выкатившегося за пределы ВПП в Якутии",Политика
Определилась первая пара 1/8 финала чемпионата мира,Спорт
Солнце — двигатель истории: совпадали ли магнитные бури с войнами и революциями,Конфликты
СК назвал основную причину убийства студента в Омске,Общество
Жительницу Кузбасса осудили за оправдание терроризма,Общество
В Липецкой области отменили воздушную опасность,ЧП
В Ростовской области за ночь сбили более 60 БПЛА,Конфликты
Сборная Марокко вышла в 1/8 финала чемпионата мира по футболу,Спорт
"Эксперт Бурмистров объяснил, почему у астероидов нет хвостов",Политика
"""Известия"": ЕК обсуждает полный запрет на выдачу турвиз россиянам",Общество
В НМИЦ Мешалкина заменили протез клапана сердца через прокол в бедре,Общество
"Депутат Гаврилов объяснил, как перевести садовый дом в жилой для догазификации",Политика
Хроника экстремальных магнитных бурь,Политика
В Калининграде зафиксировали температурный рекорд,Погода
"Командир Кобальт: ""Север"" уничтожил тяжелые дроны Vampire ВСУ",Конфликты
Аэропорт Саратова возобновил прием и выпуск самолетов,Транспорт
Лишь 35% опрошенных россиян обучились использованию ИИ на работе,Общество
ТАСС: под Сумы переброшены до 50 мобилизованных предпенсионеров,Конфликты
"В СФ заявили, что условия жизни в малых городах должны быть аналогичными большим",Общество
В Липецкой области отменили угрозу атаки БПЛА,Конфликты
ТАСС: ВСУ неизбирательно бьют по жилым домам в Черниговской области,Конфликты
ТАСС: солдаты ВСУ ждут эвакуацию в подвалах в Бачевске с трупами сослуживцев,ЧП
ТАСС: подразделения бригады ВСУ вывели в Сумы с границы ДНР и Днепропетровщины,Конфликты
ТАСС: операторы БПЛА ВСУ в Сумах оборудуют пункты управления в квартирах,Конфликты
Юрист Сорокина объяснила права работника при замене ушедших в отпуск коллег,Общество
В Сибири задержали пять подозреваемых в хищении денег у участников СВО,Общество
В Якутии самолет со 173 пассажирами на борту выехал за пределы полосы,Транспорт
В Ростовской области объявили беспилотную опасность,ЧП
Снова провал. Сборная Германии проиграла парагвайцам и покинула ЧМ,Спорт
"Минобрнауки: абитуриенты чаще всего выбирают IT, педагогику и медицину",Общество
В ДНР заявили об окончании активной фазы создания подразделения по борьбе с БПЛА,Конфликты
"Депутат Говырин рассказал, кому с июля повысят пенсии",Экономика
bnMAP.pro: в 14 районах Москвы цена 1 кв. м новостроек превысила 1 млн рублей,Экономика
Ликвидацию свалок на арктическом острове Колгуев начнут в 2026 году,Общество
В аэропортах Домодедово и Жуковский сняли ограничения,Транспорт
Спасатели возобновили поиски пропавших под Красноярском во время сплава туристов,ЧП
Синоптик Макарова: гребень с аномальной жарой в Европе заденет Россию,Погода
Эксперт Бурмистров: космонавта может ударить током при высадке на астероид,Конфликты
OneTwoTrip: спрос россиян на летние поездки в Италию и Францию снизился на 40%,Транспорт
"В Красноярском крае площадь лесных пожаров за сутки сократилась до 253,6 тыс. га",ЧП
В России создали микро-вертолет для преодоления минных полей и водных преград,Политика
"Беспилотники ""Севера"" уничтожили четыре пункта управления БПЛА ВСУ за ночь",Конфликты
Марочко: ВС РФ вытеснили основные силы ВСУ из Красного Лимана,Конфликты
"Группировка ""Север"" заявила о поражении 81 БПЛА ВСУ на Харьковщине и Сумщине",Конфликты
В Москве прогнозируют переменную облачность и до 28 градусов тепла,Погода
В перевернувшемся на Алтае микроавтобусе находились граждане Монголии,Политика
В Новороссийске объявляли угрозу атаки безэкипажных катеров,Конфликты
В Якутии пройденная огнем площадь пожаров составила 6 тыс. га,ЧП
"""Страна"": в Запорожье БПЛА атаковал здание военной администрации",Конфликты
В Госдуме предложили ввести выплаты для домохозяек из небогатых семей,Политика
В аэропорту Волгограда сняли временные ограничения,Транспорт
Силы ПВО уничтожили 50 летевших на Москву БПЛА,Конфликты
Дмитриев сыронизировал о поддержке Мерцем проигравшей на ЧМ сборной Германии,Спорт
Эксперт Леус рассказал о росте опасных погодных явлений в РФ,Погода
На Алтае перевернулся микроавтобус,Политика
"Командир Зоркий: разведка ""Севера"" уничтожила солдат ВСУ в лесном массиве",Конфликты
В Сибири создали технологию для придания березе текстуры ценных пород дерева,Общество
Бразильский наемник поблагодарил российских военных за спасение жизни,Конфликты
Прокуратура проводит проверку по факту ДТП с микроавтобусом на Алтае,ЧП
"Дмитриев допустил, что в ЕС могут запретить бассейны",Политика
"Нойеру горько от того, как закончилась его международная карьера",Политика
Боец Туман: ВСУ безрезультатно пытаются контратаковать Писанцы,Конфликты
"Боец Туман рассказал, как уничтожил дрон и спас технику с десантом у Писанцов",Конфликты
"Рядовой Гура принял на себя удар дрона, чтобы спасти пятерых гражданских",Конфликты
Южная группировка за сутки уничтожила 31 блиндаж с военными ВСУ,Конфликты
"НБКИ: объем выданных автокредитов в январе-мае вырос на 25,6%",Политика
Посол в РФ: Ирак готов провести у себя переговоры США и Ирана,Политика
"Группировка ""Запад"" за сутки уничтожила 99 тяжелых боевых квадрокоптеров ВСУ",Конфликты
Стрелок Бредус: ВС РФ неделю ползли в Писанцы для зачистки населенного пункта,Конфликты
"Группировка ""Восток"" за сутки уничтожила семь станций связи Starlink",Общество
СФ поможет проработать стаж участников СВО в пользу госслужбы,Общество
"Группировка ""Север"" уничтожила за сутки 60 октокоптеров типа R-18",Конфликты
"Матвиенко рассказала, как сделать власть более сбалансированной",Политика
На Сахалине ищут пропавшего на озере Буссе мужчину,Политика
РСМД: расширение инфраструктуры НАТО в Восточной Азии направлено против КНР и РФ,Политика
"Марочко: наступая у Малой Волчьей, силы ВС РФ сжимают кольцо у Варваровки",Конфликты
"Якушев назвал ""Единую Россию"" женской партией",Политика
Боец Бредус: ВСУ сбежали из Писанцов после зачистки ВС РФ половины села,Конфликты
ВС РФ уничтожили до взвода солдат ВСУ в Писанцах,Конфликты
ВС РФ уничтожили роботизированные комплексы ВСУ в районе Красного Лимана,Конфликты
Боец Бредус: ВС РФ на подходе к Писанцам уничтожали дроны из ружья,Конфликты
ВС РФ уничтожили пункт управления дронами ВСУ в пригороде Константиновки,Конфликты
"Группировка ""Север"" выбила ВСУ с позиций в Харьковской области",Конфликты
НКР: доля льготной ипотеки в новых выдачах к концу года сократится до 50%,Экономика
"В Госдуме рассказали, у кого с июля увеличатся соцвыплаты",Политика
Арестованным в Австралии россиянам Королевым может грозить пожизненное,Общество
На Сахалине у нескольких сел по берегу моря выявили нефтепродукты,Экономика
Пленный из ВСУ: в Черновцах кладбище заполнено могилами военных,Конфликты
Президент Парагвая объявил выходной в честь победы сборной над немцами,Спорт
Росимущество выставило на продажу компании экс-главы морпорта на Камчатке,Общество
"""Intermark аренда"": москвичи массово переезжают из элитных квартир в свое жилье",Общество
Депутат Демин: с 1 июля в анкетах на кредит не получится завысить уровень дохода,Экономика
Пленный из ВСУ: 116-я бригада понесла большие потери на купянском направлении,Конфликты
Вратарь парагвайцев Хиль назвал привилегией победу над чемпионами мира немцами,Спорт
"Аналитики выяснили, какой должна быть зарплата для покупки ""двушки"" в Москве",Экономика
В Хабаровском крае мост у села деформировался из-за хищения денег при ремонте,Транспорт
"Пленный из ВСУ рассказал, как группу дезертиров поймали и отправили в штурмовики",Конфликты
Пленный из ВСУ: украинские солдаты убили сослуживца при попытке сдаться в плен,Конфликты
Марочко: ВС РФ закрепились в Малой Волчьей и наступают на востоке от поселения,Конфликты
Нагельсман отказался уходить с поста главного тренера сборной Германии,Спорт
"""Известия"": регионы могут снабдить объекты связи автономными источниками энергии",Политика
В аэропорту Нижнего Новгорода ввели ограничения,Транспорт
"У берегов Королевства Тонга зафиксировали землетрясение магнитудой 5,2",ЧП
В ГД внесут законопроект о цензе оседлости для получения права на покупку оружия,Политика
Водолацкий: завод Латвии и Украины по производству БПЛА станет законной целью РФ,Политика
В аэропорту Геленджика сняли временные ограничения,Транспорт
В аэропорту Ярославля ввели временные ограничения,Транспорт
Хаверц извинился за вылет сборной Германии с чемпионата мира,Спорт
"Эксперт Голубева рассказала, из-за чего могут приостановить выплату пенсии",Экономика
"Министр юстиции Республики Сербской заявил, что РФ поддерживает энтитет",Политика
В Самарской области ввели режим беспилотной опасности,ЧП
В районе на Чукотке ввели режим ЧС муниципального характера из-за лесных пожаров,ЧП
Трамп потребовал снизить цены на бензин в США,Политика
РСМД: поставки из России смягчили для КНР последствия кризиса в Ормузе,Политика
Сборная Германии впервые проиграла в серии пенальти на чемпионатах мира,Спорт
Чукотка получит грант на открытие новых центров поддержки добровольчества,Наука
В аэропорту Геленджика ввели временные ограничения,Транспорт
ЛДПР предложила ввести для ветеранов индивидуальные маршруты реабилитации,Транспорт
В аэропорту Краснодара сняли временные ограничения,Транспорт
На Ставрополье отменили беспилотную опасность,ЧП
Сборная Парагвая обыграла немцев и вышла в 1/8 финала чемпионата мира по футболу,Спорт
Россияне с 1 июля смогут покупать и продавать жилье с помощью биометрии,Общество
Аэропорт Саратова приостановил прием и выпуск самолетов,Транспорт
Минобрнауки: прием заявлений на бюджет в вузы завершится 25 июля,Экономика
Посол в РФ: Ирак открыт для туристов из России,Политика
"Британия вложит более $6,5 млрд на производство беспилотников для военных нужд",Конфликты
"Марочко: освободив Богодаровку, ВС РФ начали бои за Покровское",Конфликты
Алмазный центр Антверпена подарил Трампу к юбилею США перстень с 321 бриллиантом,Политика
В ОП предложили увеличить время на оплату парковки до двух часов,Общество
"""Великий комбинатор"" стал лучшим спектаклем сезона на ""Хрустальной Турандот""",Культура
На Украине выставят на аукцион две киевские квартиры Артемия Лебедева,Общество
Аппарат Лантратовой фиксирует все свидетельства пыток в украинском плену,Политика
В Смоленской области объявили опасность атаки БПЛА,Конфликты
"В СБ ООН только КНР, Греция и Либерия осудили удар ВСУ по автобусу с белорусами",Конфликты
"В ГД рассказали, кого затронут новые требования к переводам по СБП",Политика
В Харькове произошел взрыв,ЧП
Эксперт Панкратов: Латвия превращает границу с РФ в плацдарм беспилотной войны,Конфликты
В Чувашии объявили опасность атаки БПЛА,Конфликты
Из-за последствий общения детей в сети переживают 23% опрошенных родителей,Общество
European Gymnastics отложил утверждение решения по флагу России на турнирах,Спорт
На Камчатке произошло ДТП с пассажирским автобусом,Транспорт
ТАСС: средняя зарплата в Москве выросла за пять лет более чем на 103 тыс. рублей,Экономика
Постпредство РФ при ООН: причастных к атаке на автобус с детьми установили,Транспорт
Госминистр Монако не подтвердил гражданство пострадавших при взрыве,ЧП
РСМД: страны Балтии вряд ли решатся на эскалацию вокруг Калининградской области,Политика
Эксперт Бурмистров рассказал о самом опасном для Земли астероиде,Политика
Марочко назвал освобождение Богодаровки стратегической победой ВС РФ,Политика
В Ульяновской области объявили беспилотную опасность,ЧП
На Дальнем Востоке создадут карту стажировочных площадок,Транспорт
Ученый Язев: тунгусское космическое тело нельзя называть метеоритом,Наука
Рубио: США будут содействовать восстановлению единства Ливии,Политика
В аэропорту Волгограда ввели ограничения на прием и выпуск самолетов,Транспорт
Figaro: среди пострадавших при взрыве в Монако может быть украинский олигарх,ЧП
Стала известна причина смерти двукратного олимпийского чемпиона Дмитриева,Спорт
Глава правительства Монако назвал взрыв в княжестве терактом,ЧП
Белоруссия призвала международное сообщество осудить удар ВСУ по автобусу,Конфликты
Кейко Фухимори побеждает на выборах в Перу после подсчета 100% голосов,Политика
"Суд 15 июля заслушает обвинительное заключение по делу основателя ""Русагро""",ЧП
"Ученый Язев рассказал, зачем нужна астрономия в школах",Наука
Monaco-matin: все пострадавшие при взрыве в Монако являются украинцами,ЧП
В ФФККР подтвердили смерть двукратного олимпийского чемпиона Дмитриева,Спорт
"Министр юстиции Республики Сербской заявил, что БиГ не введет визы для россиян",Политика
"Росморречфлот не обеспечил ввод в эксплуатацию оборудования на 316,1 млн рублей",Экономика
В аэропорту Тамбова ввели временные ограничения,Транспорт
Постпред Белоруссии при ООН: удар ВСУ по автобусу под Брянском был управляемым,Конфликты
Бастрыкину доложат обстоятельства дела об избиении ребенка с онкологией,Общество
Посол в РФ: Ирак хотел бы вступить в БРИКС,Политика
Дмитриев: борьба ЕС с кондиционерами вызвана снижением потребления энергетики РФ,Политика
Ученый Язев назвал самую вероятную версию падения Тунгусского космического тела,Наука
Постпредство Белоруссии при ООН: Минск и Киев продолжают диалог,Политика
Калуга впервые принимает чемпионат России по спортивной гимнастике,Спорт
Постпред Белоруссии при ООН: спонсоры Украины являются прямыми участниками войны,Конфликты
Постпред Белоруссии при ООН: Минск рекомендует Киеву не испытывать его терпение,Политика
Сергей Язев: человек и астероид,ЧП
Ефрейтор Марков вынес на себе раненого товарища к месту эвакуации,ЧП
BFMTV: среди пострадавших при взрыве в Монако могут быть россияне,ЧП
В России с 30 июня появится цифровой профиль мигрантов,Общество
"Истекает срок выкупа Шишкаревым доли ""Росатома"" в УК ""Дело""",ЧП
Открытый набор в отряд космонавтов завершается,Политика
Эксперт Степанов: НАТО готовится к конфликту с РФ в Черном и Средиземном морях,Конфликты
Миссия при ООН: Россия продолжит наносить удары по военным объектам Украины,Конфликты
В ЮАР проходит общенациональный день протеста против миграции,Политика
В Киеве надеются получить лицензию на производство французских ракет SCALP,Политика
В Туапсинском округе объявили беспилотную опасность,ЧП
В Ираке сообщили о конфискации у замминистра нефти почти $14 млн,Экономика
Приберечь Неймара. Бразильцы с трудом победили японцев и вышли в 1/8 финала,Спорт
Мэр Ниццы назвал терактом взрыв в Монако,ЧП
Военная операция на Украине. Хроника событий 29 июня 2026 года,Культура
В Новороссийске объявили угрозу атаки БПЛА,Конфликты
Daily Mail: вероятный преемник Стармера отказался переезжать на Даунинг-стрит,Политика
"Силы ПВО сбили один БПЛА, летевший на Москву",Конфликты
ТАСС: умер двукратный чемпион ОИ по фигурному катанию Артур Дмитриев,Спорт
AFP: в Монако при взрыве пострадали три человека,ЧП
Постпредство при ООН: РФ сможет противостоять попыткам Запада нанести поражение,Политика
"Нойер вошел в топ-5 по числу матчей на ЧМ, сравнявшись с Мальдини",Спорт
В Кривом Роге мобилизовали отца-одиночку пока его дочь была в детском саду,Общество
Дипломат РФ: Москва предпочла бы достигнуть целей СВО мирными средствами,Политика
Monaco-Matin: в Монако произошел взрыв,ЧП
Постпредство при ООН: РФ не принимает ультиматумы и не даст навязать себе решения,Политика
В Рязанской области объявили беспилотную опасность,ЧП
"Клуб MLS ""Чикаго Файр"" объявил о переходе футболиста Левандовского",Спорт
В США признали законность обработки бюллетеней в почте после дня голосования,Политика
В Пензенской области объявили режим беспилотной опасности,ЧП
В Карелии создадут реестр достопримечательностей с льготным доступом для местных жителей,Общество
Пашинян не считает ограничения РФ на товары из Армении санкциями,Политика
Число сбитых на подлете к Москве БПЛА с начала суток превысило 10,ЧП
"Ipsos: 26,5% словаков готовы участвовать в референдуме о лишении выплат для Фицо",Политика
В Херсоне снова произошли взрывы,ЧП
Балицкий предупредил о высокой активности дронов над Запорожской областью,Конфликты
В Челябинске при поддержке Народного фронта открыли футбольное поле для незрячих,Спорт
"Постпредство РФ: Запад понимает, что его оружие идет на удары по мирным жителям",Конфликты
Постпредство РФ: Киев сделал военные преступления частью своей стратегии,Политика
В районах Свердловской области подтопило дома из-за непогоды,ЧП
"Постпредство РФ: Европе пора осознать, что Зеленский почти ""сорвался с поводка""",Экономика
Постпредство РФ при ООН назвало дымовой завесой риторику Киева о защите Европы,Экономика
Китай призвал Россию и Украину как можно скорее возобновить переговоры,Политика
Постпредство РФ: Киев пытается шантажировать регион риском ядерной катастрофы,Политика
Трамп: консультации по меморандуму США и Ирана могут быть важными,Политика
ЦИК: Лавров и Собянин не обязаны уходить в отпуск на время думской кампании,Политика
"Анчелотти заявил, что Неймар должен был выйти в овертайме игры с японцами",Политика
Постпредство РФ при ООН назвало поддержку Киева выгодным предприятием для Запада,Политика
КНР осудила удар ВСУ по автобусу с белорусскими гражданами,Конфликты
Постпредство РФ: режиму Зеленского важно показать Западу мнимые успехи ВСУ,Конфликты
В Липецкой области объявили опасность атаки БПЛА,Конфликты
РФ требует от генсека ООН однозначного осуждения кровавых преступлений Киева,Политика
В Запорожье вновь произошел взрыв,ЧП
Постпредство РФ: инсинуации Киева по удару по автобусу не выдерживают критики,Транспорт
ООН встревожена эскалационной риторикой касательно Белоруссии,Политика
В адыгейской станице отремонтируют дом культуры,ЧП
"Комплекс ""Самбекские высоты"" будет закрыт 30 июня",Культура
В МХТ имени А. П. Чехова прошел вечер памяти Игоря Золотовицкого,Политика
"Число жертв землетрясения в Венесуэле превысило 1,7 тыс.",ЧП
В Ельце и еще восьми районах Липецкой области объявили опасность атаки БПЛА,Конфликты
"Рубио и Вадефуль заявили о поддержке ""прочного мира"" на Украине",Политика
В Смоленской области сбили два беспилотника,Конфликты
Теннисистка Гасанова впервые выиграла матч на турнире Большого шлема,Спорт
Сборная Бразилии вышла в 1/8 финала ЧМ после волевой победы над японцами,Спорт
В ДНР из-за атак ВСУ с начала суток погибли три жителя,Конфликты
В Ивановской области удовлетворили иск к получившему землю вне очереди экс-судье,ЧП
Теннисистка Александрова вышла во второй круг Уимблдона,Спорт
В Свердловской области ввели режим повышенной готовности,ЧП
В Севастополе отменили режим ограничения электроэнергии,ЧП
Число видов насекомых на Земле недооценивают примерно в три раза,Экономика
Мирра Андреева выиграла стартовый матч на Уимблдоне,Спорт
В Иране в ДТП погиб зампредставителя верховного лидера в ВМС КСИР,ЧП
В Воронеже объявили угрозу непосредственного удара БПЛА,Конфликты
Захарова: НАТО и Украина готовятся создать оружие для поражения авиабаз РФ,Политика
Депутат Рады Кучеренко: на Украине отключения света могут длиться до восьми часов,Политика
Экс-начальника Контртеррористического центра Венгрии допросили по делу Ощадбанка,Политика
В Калужской области уничтожили четыре беспилотника,Конфликты
Постпред США: Вашингтон получил свыше $6 млрд от продажи НАТО оружия для Киева,Политика
Эксперт Сучков: обострение на Ближнем Востоке затрагивает интересы РФ в регионе,Политика
ЦАХАЛ заявил об атаке на три объекта в подземном комплексе ХАМАС в центре Газы,Конфликты
Анохин: в Смоленской области заготовку кормов ведут с опережением показателей 2025 года,ЧП
"В Словакии запускают четвертый энергоблок АЭС ""Моховце""",Политика
Рютте не тревожит нехватка опыта у кандидата в премьеры Британии Бернэма,Культура
В Ярославской области осудили фигурантов дела о хищении 20 тонн никеля,ЧП
Теннисистка Калинская вышла во второй круг Уимблдона,Спорт
СК потребовал доклад по делу об убийстве жителя Нижегородской области,Общество
Стрельбу в Штаде устроил 45-летний житель ФРГ турецкого происхождения,Общество
На Кубани площадь пожара на НПЗ сократилась в четыре раза с начала возгорания,ЧП
Роскосмос выразил соболезнования в связи со смертью экс-гендиректора Воткинского завода,Наука
В Югре при купании в необорудованном месте утонул ребенок,ЧП
Маковецкий: театр не должен подстраиваться под зрителя,Культура
В Сумах произошли перебои со светом,ЧП
Система ПВО сбила летевшие на Москву БПЛА,Конфликты
Мема назвал безответственным решение Финляндии разрешить ввоз ядерного оружия,Политика
"Ремонт атакованного ВСУ музея ""Самбекские высоты"" могут завершить до 1 ноября",Конфликты
Глава МО Израиля назвал возможным возобновление войны с Ираном,Конфликты
МИД Ирана: делегация республики посетит Катар,Политика
"На кинофестивале ""Горький фест"" отметят 100-летие Евгения Евстигнеева",Культура
В Донецке при атаке ВСУ на АЗС пострадали три человека,Конфликты
Минфин подготовит разъяснения для продавцов ювелирных изделий,Политика
Отец и брат убитого аниматора на Кубани подали иски о компенсации,Конфликты
Молдавская полиция пришла с обысками к критикующему власть активисту,Политика
"В Госдуме отметили, что РФ использует потенциал гидроэнергетики на 20%",Политика
В аэропортах Сочи и Краснодара сняли ограничения,Транспорт
На реке Кубань ожидается подъем уровня воды до неблагоприятных отметок,Общество
Над регионами России сбили 75 украинских БПЛА,Конфликты
ТАСС: под Харьковом ликвидировали объявленного в розыск грузинского наемника,Конфликты
В Белгородской области при детонации дрона ВСУ пострадали два человека,Конфликты
ТАСС: на Украине врачам за заключения ВВК могут грозить обвинительные приговоры,Общество
В Словакии зафиксировали самый жаркий день за всю историю наблюдений,Погода
В центре Екатеринбурга несколько улиц подтопило из-за многодневных дождей,Погода
AFP перешло на генераторы из-за отключения электричества в центре Парижа,ЧП
Актер Евгений Дербышев погиб в зоне СВО,Культура
Коубек покинул пост главного тренера сборной Чехии после чемпионата мира,Спорт
В Севастополе более 100 улиц и 10 поселков отключили от электроснабжения,Конфликты
СБ: для строительства ГЭС определят механизмы льготного кредитования,Экономика
В Тюмени за 12 часов выпала половина месячной нормы осадков,Погода
Беспрозванных назвал обеспечение сельского хозяйства топливом одним из приоритетов,Политика
Хуснуллин: на конкурс проектов для городской среды подали более 140 заявок,Конфликты
Матвиенко обсудила с главой Ялты вопросы развития города,Политика
Казахстан обсудил с Германией возможность поставок нефти,Экономика
В Адыгее объявили беспилотную опасность,ЧП
В Северском районе Кубани объявили угрозу атаки БПЛА,Конфликты
Вучич сообщил о планах объявить отставку до осени,Политика
Капитан танкера Deliver вернулся на судно после содержания под стражей во Франции,ЧП
Новак: решение о запрете экспорта дизеля для производителей еще не приняли,Экономика
В Калининграде проверят информацию о противоправных действиях над несовершеннолетней,Политика
Президент Германии выразил соболезнования в связи со стрельбой в Штаде,Политика
В Херсонской области свет вернули большинству обесточенных потребителей,ЧП
ИИ для бизнеса. Реальные истории российских компаний,Культура
Пашинян не видит нужды в реакции на принятие Израилем резолюции по геноциду,Политика
Российский рынок акций закрылся ростом основных индексов,Экономика
"Директор Николая Носкова заявил, что речи о возобновлении концертов пока нет",Культура
"Тарлев: Молдавия преследует за отрицание сталинских репрессий, но обеляет нацистов",Политика
"Хорватия не будет участвовать в параде в Париже из-за ""Коалиции желающих""",Политика
Рябков обсудил с замгендиректора МИД Израиля вопрос о нераспространении,Политика
В Петербурге назвали контролируемой ситуацию с поставками топлива,Политика
Даниил Медведев с победы стартовал на Уимблдоне,Политика
Ливан намерен разместить свою армию на всей протяженности границы с Израилем,Конфликты
Хотин из-за обмеления Днестра остался без водоснабжения,ЧП
В Саратовской области до 15 июля продлили лимит на продажу бензина,ЧП
ВС США признал право президента увольнять глав независимых федеральных ведомств,Политика
"""Родники 2026"" в Калининграде: подготовка к главному концерту сезона",Культура
Минфин: условия семейной ипотеки останутся без изменений до 1 октября,Экономика
В Ульяновской области объявляли ракетную опасность,Конфликты
"Через ""Госуслуги"" заявления в вузы подали 93% абитуриентов",Общество
Постпредство РФ: разрядка на Ближнем Востоке дает надежду на прогресс по Палестине,Политика
В Чувашии объявляли ракетную опасность,Конфликты
"Приложение ""Сберинвестиций"" ""Актив"" удалили из App Store",Политика
Новым торгпредом России на Кубе назначили Вахтанга Мосашвили,Политика
В Оренбургской области объявляли ракетную опасность,Конфликты
Матвиенко призвала включить ведущие цифровые платформы в демографическую повестку,Политика
В Самаре приостанавливали движение общественного транспорта,Транспорт
В Татарстане объявляли режим ракетной опасности,Конфликты
Пашинян рассчитывает на скорую встречу с Путиным,Политика
Николай Носков отменил концерт из-за проблем со здоровьем,Культура
В Нижнем Новгороде при пожаре в многоквартирном доме погиб человек,ЧП
В Кабардино-Балкарии второй раз за сутки объявляли беспилотную опасность,ЧП
Торгпредство РФ: рост торговли с Индией создает новые возможности для бизнеса,Конфликты
В Липецкой области объявляли ракетную опасность,Конфликты
"""Портовый альянс"" нарастил грузооборот за пять месяцев 2026 года на 10%",Культура
Федорищев: ситуация на топливном рынке Самарской области выравнивается,ЧП
"Матвиенко призвала беречь ""каждую копейку""",Политика
В Новгородской области создадут запас топлива для спецтранспорта,ЧП
Матвиенко предложила подумать над единым механизмом кредитования регионов,Экономика
Пушилин поручил создать резерв топлива для аграриев,Экономика
В Самарской области объявляли ракетную опасность,Конфликты
В Ахтубинском районе Астраханской области вводили ракетную опасность,Конфликты
Хуснуллин: условия семейной ипотеки с 1 июля не изменятся,Экономика
В аэропорту Краснодара ввели временные ограничения,Транспорт
"В аэропортах Пензы, Самары, Саратова и Ульяновска сняли временные ограничения",Транспорт
Минфин: ведомства продолжают работу по улучшению семейной ипотеки,Экономика
В вузы РФ за первую неделю приемной кампании подали более 590 тыс. заявлений,Общество
В Госдуме предложили предупреждать о фонограмме на концерте до оплаты билета,Культура
Матвиенко: перелома в демографической ситуации можно добиться работой вдолгую,Политика
"Фотовыставки, посвященные сотрудникам группы ""Россети"", открылись более чем в 20 городах",Конфликты
На Украине введут отключения света из-за жары,ЧП
Синнер успешно начал защиту титула на Уимблдоне,Спорт
"Shaman рассказал, что пел на ""Интервидении"" без ушного мониторинга",Политика
"Бразильский футболист Аугусто перешел из ""Трабзонспора"" в ""Зенит""",Спорт
"Индонезия получила официальный статус страны - партнера ""Иннопром-2026""",Политика
На Ставрополье объявляли ракетную опасность,Конфликты
Мишустин обещал проработать исключение из госреестра утраченных памятников,Политика
В Ростовской области объявляли ракетную опасность,Конфликты
В Волгоградской области объявляли ракетную опасность,Конфликты
Уборочная кампания в России проходит в штатном режиме,Политика
Российские аграрии собрали более 1 млн тонн зерна нового урожая,Конфликты
AFP: Макрон надел солнцезащитные очки из-за проблем с глазами,ЧП
Верховный суд США отказал Трампу в рассмотрении апелляции по иску о домогательствах,Политика
Захарова назвала участников УПА матерыми нацистами с последователями в Киеве,Политика
Петербургские специалисты внедрили экспериментальные технологии в реставрацию книг,Наука
Генсек ООН указал на адаптацию террористов к новым технологиям,Политика
"Воспитанник ПСЖ Сидибе перешел в ""Ахмат""",Политика
Борисенко обсудил с замгендиректора МИД Израиля ситуацию на Ближнем Востоке,Политика
"В Ростове-на-Дону пройдет международный фестиваль ""Ханжонков ДОК: линия фронта""",Культура
"ТАСС: прощание с Константином Худяковым пройдет в храме ""Всех скорбящих Радость""",Политика
"Мишустин: на ""Госуслугах"" появятся пакетные решения",Политика
Помощник экс-премьера Британии признал вину в ставках на дату выборов,Экономика
Лукашенко в Пекине: насколько критичной может оказаться роль Китая в украинском вопросе?,Политика
В Дагестане четырех человек осудили за нападение на правоохранителей в 1999 году,ЧП
В зоопарке Калининграда животным дают замороженную пищу из-за аномальной жары,ЧП
Der Spiegel назвал причину стрельбы в Штаде,Политика
В Китае опровергли связь между аутизмом и парацетамолом,Политика
Жителя Дагестана осудили за содействие терроризму,Общество
Мишустин: на спецшколы для адаптивного спорта заложили свыше 1 млрд рублей,Экономика
Стоимость алюминия на LME опустилась ниже $3 100 впервые с 24 февраля,Экономика
ČTK: премьер Чехии на саммите НАТО возглавит делегацию с президентом,Политика
В аэропортах Самары и Ульяновска ввели ограничения,Транспорт
Мишустин: уже две трети мероприятий стратегии пространственного развития выполнено,Политика
"Мишустин считает, что за региональными финансами нужно внимательно следить",Экономика
Шойгу: у России есть все возможности для начала нового этапа сооружения ГЭС,Политика
В Киевской области отмечено загрязнение воздуха из-за пожаров в Чернобыле,ЧП
В аэропорту Сочи ввели временные ограничения,Транспорт
Эксперт Омельченко: украинцы могут быть без света в жару до пяти часов в сутки,ЧП
"Экипажи ""Союз МС 29"" прибыли на Байконур для подготовки к вылету на МКС",Наука
Медики рассказали о состоянии пострадавших при атаке БПЛА на Нижний Новгород,Конфликты
Мишустин: средства на нацпроекты по техлидерству заложены в бюджет на три года,Экономика
Матвиенко поблагодарила Мишустина за конструктивное взаимодействие,Политика
Мишустин отметил активность СФ в сохранении культурного наследия России,Политика
Мишустин отметил активное участие СФ в подготовке мер защиты здоровья детей,Общество
Число жертв стрельбы в Штаде увеличилось до шести,ЧП
Мишустин: нужно многое сделать по улучшению условий в приграничье,Политика
Мишустин отметил высокое качество инициатив Совета Федерации,Общество
Мишустин: кабмин продолжит работу над мерами для улучшения демографии,Общество
Мишустин поддержал идею отказаться от проведения бесцельных форумов за госсчет,Политика
Эксперт Сихарулидзе: реформа образования в Грузии положительно скажется на отношениях с РФ,Политика
Мишустин: кабмин почти мгновенно реагирует на все идеи по поддержке бойцов СВО,Политика
Эксперт Тети: Италии нужно больше исторических трудов авторов из РФ,Политика
Мишустин призвал СФ и кабмин включать регионы в разработку новых решений,Политика
Мишустин: в 2025 году приняли 30 законов о помощи защитникам Отечества,Политика
"""Аэрофлот"" не ждет роста цен на билеты из-за авиакеросина",Транспорт
В аэропортах Пензы и Саратова ввели временные ограничения,Транспорт
Шойгу: Россия пока существенно отстает от Китая и Индии по использованию ГЭС,Политика
"Шойгу: при строительстве ГЭС в Сибири нужно исключить ""серые зоны""",Общество
Шойгу: России нужны самые передовые технологии строительства ГЭС,Культура
Шойгу предложил определить экономические механизмы для сооружения ГЭС в Сибири,Политика
"Продажа госпакета акций ""Аэрофлота"" пройдет без допэмиссии",Транспорт
Шойгу не исключил использование иностранного оборудования для ГЭС в РФ,Конфликты
В Днепропетровске снова произошел взрыв,ЧП
"ЦБ повысил курс доллара на 30 июня до 77,75 рубля",Экономика
Ж/д перевозчик в Крым назначил дополнительный поезд из Керчи в Москву,Транспорт
Ростех представил новую помехозащищенную систему связи для беспилотников,Конфликты
"Никитин заявил, что Нижегородская область обеспечена топливом",Политика
На Украине заявили о сложной ситуации в Дружковке,Политика
"""Аэрофлот"" сохранил прогноз по перевозкам в 2026 году на уровне 2024-2025 годов",Транспорт
"""Аэрофлот"": почти все условия контракта на 90 самолетов МС-21 согласовали",Транспорт
Мишустин: сенаторы активно работают над укреплением продбезопасности РФ,Политика
"В Москве приступили к рассмотрению по существу дела основателя ""Русагро"" Мошковича",Политика
В Белгородской области при атаках ВСУ пострадали четыре человека,Конфликты
Кабмин одобрил продление договоров аренды участков для бойцов СВО до возвращения,Политика
Мишустин заявил о выполнении поручений по итогам общения кабмина и СФ,Политика
"Мишустин напомнил, что Матвиенко была у истоков Международного дня парламентаризма",Политика
В еще четырех муниципалитетах Липецкой области объявили опасность атаки БПЛА,Конфликты
Ленобласть стала лидером по количеству тотальных ДТП,ЧП
В Подмосковье двое пьяных ранили ребенка из пневматического оружия,Общество
Макрон: Франция и Оман намерены совместно участвовать в разминировании Ормуза,Политика
"Чесноков считает, что Рублеву не повезло с жеребьевкой на Уимблдоне",Экономика
"Первые жители заехали в жилой комплекс ""Моментс"" в Москве",Общество
Грузия и Казахстан подписали соглашение о стратегическом партнерстве,Политика
В СФ назвали приоритетом поддержку учителя-наставника на законодательном уровне,Политика
"Пианисты из России и зарубежных стран выступят в 3-м сезоне ""Русской фортепианной школы""",Общество
Поиски пропавшего в Приморье вертолета Robinson приостановили до утра 30 июня,ЧП
В Подмосковье более 800 выпускников стали стобалльниками,Общество
В Новгородской области отменили беспилотную опасность,ЧП
В Новороссийске отменили угрозу атаки БПЛА,Конфликты
Инвестпортфель Коми составляет 72 проекта на 700 млрд рублей,Экономика
Минпромторг назвал эффект от нацрежима для стальных канатов,Политика
В Славянском районе Кубани после атаки БПЛА обезвредили опасные обломки,Конфликты
Т-банк и ВШЭ будут совместно развивать студенческое предпринимательство,Политика
"В Армении намерены в середине июля национализировать ""Электросети"" Карапетяна",Политика
"Рекордная жара в Европе: жертвы, риски и последствия",Погода
ФТС опровергла рост числа доначислений по утилизационному сбору для водителей,Политика
Лавров: шантаж и давление Запада усиливают нестабильность на мировой арене,Политика
В СНТ Славянска-на-Кубани превышен допустимый уровень содержания сажи в воздухе,ЧП
Рынок акций РФ растет более чем на 2%,Экономика
В Подмосковье 30 июня ночью и утром ожидается туман,Культура
Молдавия вводит уголовную ответственность за отрицание сталинских репрессий,Политика
Янчук назвал упорным матч между Сафиуллиным и Рублевым на Уимблдоне,Спорт
"""Новая оплеуха от Брижит"". Филиппо пошутил о Макроне в солнцезащитных очках",Политика
В корешке старинной книги из коллекции графа Виельгорского нашли перо XIV века,Культура
"Visione Editore запустило серию, посвященную произведениям русской литературы",Политика
"В Москве в ноябре пройдет ""Евразийский диалог""",Политика
Во Львовской области 76 населенных пунктов остались без света,ЧП
В Волгограде из больницы выписали шесть пострадавших после ракетной атаки,Конфликты
Синоптики выпустили экстренное предупреждение о сильной жаре в Москве,Погода
Shaman назвал свою главную мечту,Политика
В Москве 29 июня ожидается гроза,Культура
В Заполярье предложили вручать стобалльникам по ЕГЭ сертификаты на жилье,Общество
Кабмин заявил о работе НПЗ на максимальной загрузке,Политика
ВСУ более 460 раз за неделю обстреляли Новокаховский округ Херсонской области,Конфликты
Hamburger Morgenpost: стрельба в Штаде произошла в центре матери и ребенка,ЧП
В Подмосковье спасли получившего удар током при спасении котенка подростка,Конфликты
Сафиуллин обыграл Рублева в первом круге Уимблдона,Спорт
В пяти муниципалитетах Липецкой области снова объявили опасность атаки БПЛА,Конфликты
"Учебники по химии, физике и биологии для старших классов разработают к 2027 году",Наука
"В Венгрии анализируют финансовую сторону проекта АЭС ""Пакш-2""",Экономика
Пострадавших под Брянском при ударе ВСУ по автобусу детей выписали из больницы,Конфликты
На Украине предъявили обвинение в вымогательстве депутату Рады,Политика
В работе Ощадбанка из-за проблем с электроснабжением произошли сбои,ЧП
В Чегеме в Кабардино-Балкарии около 100 льготников получили земельные участки,Политика
В Липецкой области снова объявили воздушную опасность,ЧП
Президент Литвы предложил ввести для трудовых мигрантов срочные разрешения,Политика
На Урале завели дело после пропажи женщины во время сплава по реке,ЧП
В ДНР наемника из США приговорили к шести годам колонии заочно,Конфликты
"""Ветер ли старое имя развеял"". Выставка Рабиндраната Тагора, ставшего художником в 67 лет",Культура
В Музее Победы представили трофейный кортик Героя СССР летчика Позднякова,Культура
"Фетисов заявил, что ВООП проверит сообщения о возможных нарушениях на Байкале",Политика
"РЖД запустит дополнительный поезд для фанатов ""Зенита"" на матч за Суперкубок",Спорт
Эксперт Абасов: страны ЕС ужесточают условия подачи документов на визы,Политика
Опасный загар: профилактика онкологических заболеваний кожи в летний период,Политика
Международный литературный фестиваль в Ростове,Культура
"В Анапе, Новороссийске и Туапсинском районе объявили угрозу атаки БПЛА",Конфликты
Эксперт Церазов назвал потенциальный эффект от создания рублевого стейблкойна,Экономика
"Shaman рассказал, что его партия ""Мы"" не связана с политикой",Политика
В Архангельске подозреваемого во взрыве гранаты заключили под стражу,ЧП
В Севастополе проведут реактивное бомбометание для борьбы с диверсантами,ЧП
В Нижнем Новгороде умерла участница Великой Отечественной войны Ефимия Репетилова,Конфликты
Жителя Ингушетии приговорили к девяти годам за ДТП с тремя погибшими,ЧП
Посольство РФ не располагает данными о россиянах среди пострадавших в Штаде,Политика
Миронов: Киев ради наживы не брезгует даже наркоторговлей,Политика
В ГД положительно оценили критику Ватиканом политики двойных стандартов ЕС,Политика
Spiegel: в Европарламенте хотят запросить проверку созданного АдГ объединения,Экономика
В Москве неизвестные напали на сотрудника ДПС,ЧП
В Екатеринбурге скрининг помог выявить редчайшее заболевание у младенца,ЧП
На Кубани вдвое сократили площадь пожара на НПЗ после атаки дрона,Конфликты
Эксперт Тарасов: особый статус учителя в РФ станет признанием его высокой миссии,Политика
Оман выступил против введения пошлин за проход через Ормузский пролив,Политика
"Бывший футболист ""Манчестер Юнайтед"" Эвра спел ""Седую ночь"" в шапке-ушанке",Спорт
На Международном Невском форуме обсудили единство ценностей и диалог культур,Политика
"Галузин предположил, почему Ереван не спешит с референдумом по ЕАЭС",Политика
На Кубани осудили совершившего убийство из-за конкуренции на рынке,ЧП
"В Оренбурге арестовали водителя, сбившего двух женщин-пешеходов",Конфликты
Генконсульство РФ порекомендовало россиянам в ЮАР проявлять осторожность,Конфликты
Кандидат от ЛДПР подал документы на выдвижение на пост ульяновского губернатора,Политика
Финалистка Roland Garros Хвалиньская проиграла на старте Уимблдона,Спорт
У высотки на Воробьевых горах 5 тыс. выпускников МГУ получили красные дипломы,ЧП
"Встреча с послами ""евротройки"", база в Гюмри и референдум в Армении по ЕАЭС. Заявления МИД",Политика
В Петербурге не спасли пострадавшего в ДТП подростка с ожогом тела почти 100%,ЧП
"Галузин назвал недавнюю встречу с послами ""евротройки"" содержательной",Экономика
Галузин заявил о начале процесса вступления Армении в ЕС,Политика
"Садовничий: выпускники МГУ основывают многие фирмы-резиденты ИНТЦ ""Воробьевы горы""",Политика
Комиссии по оценке ущерба осмотрели 774 подтопленных дома в Бугуруслане,ЧП
В Кременной при ударе БПЛА погиб тракторист,ЧП
Hart van Nederland: в Нидерландах разрешили особо охраняемым тюрьмам сбивать дроны,Конфликты
Медведев поддержал кандидатуру Шуваева на пост секретаря белгородского отделения ЕР,Политика
Заммэра Ракова: столичные специалисты помогают младенцам из группы рисков,Общество
Макрон вновь появился в солнцезащитных очках на публичной встрече,Политика
Эксперт Степанов: наркокартели Мексики используют для финансирования диверсий в РФ,Экономика
"Садовничий назвал приоритетные задачи, над которыми работают ученые МГУ",Наука
"В России работают более 1,7 тыс. МСП в сфере судостроения",Общество
"За фигуранта дела экс-министра Украины Галущенко внесли $3,3 млн залога",Политика
В Югре продлили самые большие в стране выплаты для контрактников,Культура
Нидерланды намерены оказывать военную помощь Украине до конца 2029 года,Политика
"Махонин: ""Зеленое кольцо"" превращает сложный ландшафт в современную среду",Политика
"Дивиденды ""Газпром нефти"" за 2025 год составят 45,41 рубля на акцию",Экономика
В Карачаево-Черкесии отменили беспилотную опасность,ЧП
"В Москве начали строить станцию метро ""Южный порт""",Транспорт
"""Манчестер Сити"" объявил о назначении Марески на пост главного тренера",Спорт
В почти 100 московских домах заменили системы отопления в рамках капремонта,Общество
В Пинске побит абсолютный температурный рекорд Белоруссии,Погода
В половине округов Херсонской области восстановили электроснабжение,ЧП
Галузин: Зеленский от вербальных угроз Белоруссии перешел к терактам,Конфликты
"Педагог столичной 500-балльницы на ЕГЭ рассказала, что девочка всегда была отличницей",Общество
ВС РФ поразили газораспределительную станцию у Косогоровки,Конфликты
"Спектакль ""Бременские музыканты"" станет главным событием ""Карандаш-феста"" в Старице",Культура
Дрон ВСУ атаковал автозаправочную станцию в Донецке,Конфликты
Галузин: непростой период в отношениях Москвы и Баку прошел,Общество
На Кубани отмечают рост спроса на топливо в два раза,Культура
"Косачев: вторые ""Сенатские чтения"" посвятят становлению власти в XVIII веке",Политика
WP: университеты США теряют доходы из-за антимигрантской кампании Трампа,Политика
В Воронежской области объявили опасность атаки БПЛА,Конфликты
ТГК-1 не выплатит дивиденды за 2025 год,Общество
РФ поднимет вопрос об освобождении 11 россиян с главой МИД Азербайджана,Политика
В ЦЕРНе заявили о завершении научной работы большого адронного коллайдера,Политика
"Галузин: проект ""дороги Трампа"" в Армении пройдет через зону, охраняемую РФ",Политика
ВС РФ ударили по газораспределительной станции в Харьковской области,Конфликты
ТГК-2 не выплатит дивиденды за 2025 год,Общество
"В базу ""Миротворца"" внесли депутата Верховной рады от правящей партии",Политика
Экс-ректору ПсковГУ Ильиной продлили домашний арест до 29 сентября,ЧП
"Глава ВОЗ заявил, что вспышка хантавируса на MV Hondius практически сошла на нет",Политика
"Венгрия приостановила прием документов на визу в Казани, Самаре и Уфе",ЧП
Галузин: РФ выполняет свои обязательства по соглашению о базе в Гюмри,Политика
"Галузин: Британия, Франция и ФРГ избрали неприемлемые для РФ подходы по Украине",Политика
Малайзия продлила до июля 2027 года соглашение о поисках обломков рейса MH370,ЧП
Лагерь под Тверью расформировали из-за госпитализации детей с признаками инфекции,Общество
Галузин описал приемлемого для РФ переговорщика от Европы,Экономика
Галузин: сроки визита главы МИД Азербайджана в Москву прорабатываются,Политика
Эрдоган: Турция работает над возобновлением переговоров по Украине,Политика
"Галузин: Иран и Китай вряд ли будут в восторге от ""дороги Трампа"" в Армении",Политика
Полиция ФРГ подтвердила гибель пяти человек при стрельбе в Штаде,ЧП
"Глава студии Грекова оценила сроки восстановления панорамы ""Оборона Севастополя""",Конфликты
"УЕФА выплатит РФС более €2,6 млн за сезон-2025/26",Общество
Галузин: сигналов от Армении о пересмотре статуса базы РФ в Гюмри не поступало,Политика
"В России предложили создать межрегиональное сотрудничество ""Круг Охотского моря""",Культура
Силы ПВО сбили летевшие на Москву БПЛА,Конфликты
"В Дагестане закрыли автодорогу ""ФАД ""Кавказ"" - Сиртич - Татиль""",Транспорт
Туроператоры не получали жалоб от россиян на отравление в Анталье,Общество
Российская авиация разбомбила пункт дислокации ВСУ в Николаевке,Конфликты
Галузин: прозападные НПО в Армении пытаются очернить военное присутствие РФ,Политика
"Представители власти и учреждений Тамбовской области вступают в отряд ""Барс""",Политика
В США допустили завершение строительства стены на границе с Мексикой в 2027 году,Политика
Демографическая трансформация Южного Кавказа и последствия для РФ: прогноз до 2036 года,Политика
Галузин назвал контакты омбудсменов РФ и Украины единственными для гумвопросов,Политика
The Guardian: пять американцев ежечасно умирают из-за токсичных автовыбросов,Политика
"ЦАХАЛ сообщил о ликвидации в Газе главы отдела безопасности бригады ""Рафах"" ХАМАС",Конфликты
"В районе Ростовской области расширили зону ЧС после атаки на ""Самбекские высоты""",Конфликты
Уиткофф и Кушнер отправятся в Доху для переговоров с Ираном,Политика
В Positive Technologies предупредили о росте числа дипфейков в сети,Общество
"США исходят из того, что режим прекращения огня с Ираном остается в силе",Политика
"Отец пятисотбалльницы ЕГЭ рассказал, что склад ума дочери был виден с 1-го класса",Общество
Ученый Белов сообщил об аномальной температуре воды на Балтике,Погода
"""Яндекс"" представил платформу для разработки ИИ-агентов",Политика
В Чечне отменили беспилотную опасность,ЧП
"Депутата Рады от ""Слуги народа"" отправили под домашний арест по делу о коррупции",Политика
В лагере под Тверью взяли пробы для выяснения причин вирусной инфекции у детей,Общество
В крупнейшем погранпереходе Приморья время пропуска грузов сократят до 10 минут,ЧП
"В Запорожской области задержали украинского шпиона, передававшего данные о ВС РФ",Конфликты
Лантратова доложила Путину про ответ ООН из-за удара ВСУ по колледжу,Конфликты
"В Москве сотрудника банка осудили на 13,5 года за убийство начальницы",Экономика
"В ДНР средняя пенсия по федеральному законодательству достигла 25,7 тыс. рублей",Экономика
Представитель Пугачевой не подтвердила информацию об операции на сердце певицы,Культура
Росздравнадзор: врачи не имеют права оказывать медуслуги у себя на дому,Общество
В 22 городах Италии объявили максимальный уровень опасности из-за жары,ЧП
Омский суд арестовал четырех подозреваемых в убийстве студента,Общество
В Йошкар-Оле дожди побили рекорд 82-летней давности по количеству осадков,Погода
На Кубани подростки нашли минометную мину времен Великой Отечественной войны,Конфликты
В пяти муниципалитетах Липецкой области объявляли опасность атаки БПЛА,Конфликты
ТАСС: число пересекающих Ормузский пролив судов сокращается третий день подряд,Конфликты
В Саратовской области отправили в отставку главу района после обращения губернатора,Политика
Reuters: Apple оспорила данные властей Индии о недобросовестной конкуренции,Политика
"На блоке №2 АЭС ""Аккую"" завершили формирование герметичной зоны реакторного здания",Общество
Мужчину осудили за захват заложников в Дагестане из-за спора с бывшей женой,Конфликты
Фадеев: реакция Запада на доклады СПЧ о преступлениях ВСУ остается слабой,Конфликты
"В АСИ сообщили о готовности к пилотированию проекта ""Единица природы""",Политика
В Костроме закрыли асфальтобетонный завод,Политика
Президент Израиля назвал рамочное соглашение с Ливаном шагом к миру,Политика
Экс-муниципального депутата из Петербурга осудили за легализацию мигрантов,Политика
"IATA: мировые цены на авиатопливо в мае упали на 16,3% по сравнению с апрелем",Спорт
Итоги федерального голосования за дизайн-проекты благоустройства Ленинградской области,ЧП
Центр помощи участникам СВО штаба Захара Прилепина: итоги работы,Политика
В Самаре в ДТП с автобусом пострадали четыре человека,ЧП
Испания увеличила сроки выдачи виз россиянам,Общество
ВС РФ в районе Харькова поразили логистический центр для хранения БПЛА,Конфликты
The Times of Israel: Израиль серьезно воспринимает слова Эрдогана,Политика
Лантратова: одного из курян вернули в Россию с Украины в его день рождения,Политика
В больницах остаются 17 пострадавших при атаке ВСУ на Воронеж 22 июня,Конфликты
На Украине начались аварийные отключения света,ЧП
T-Online: в ФРГ при стрельбе погибли до пяти человек,ЧП
В Венесуэле из-под завалов извлекли мужчину,ЧП
Один из пострадавших в ДТП в Астраханской области находится в реанимации,ЧП
"Pinterest оштрафовали на 3,5 млн рублей",Экономика
ТАСС: украинский транспортный самолет улетел в Европу из Черновцов,Транспорт
"Над регионами РФ, акваториями Черного и Азовского морей сбили 96 украинских БПЛА",Конфликты
"Twitch оштрафовали на 3,5 млн рублей",Экономика
"У берегов Венесуэлы произошло новое землетрясение магнитудой 4,6",ЧП
"Telegram оштрафовали на 3,5 млн рублей",Экономика
Очередей на подходах к Крымскому мосту не осталось,Транспорт
Филатов: новый глава FIDE сможет восстановить права российских шахматистов,Спорт
"Кураньи заявил, что не в восторге от игры немцев на групповом этапе ЧМ",Спорт
Трамп: Иран запросил встречу с США,Политика
Возвращение всех курян и иностранные СМИ в Старобельске. Встреча Путина и Лантратовой,Политика
В Белгородской области первые кандидаты подали документы на участие в выборах губернатора,Политика
Жители Кушвы получили 163 единовременные муниципальные выплаты,Общество
Песков не стал давать оценку эмоциональной тональности заявлений Зеленского,Политика
Лантратова: более половины обращений к омбудсмену касаются темы СВО,Политика
АР: в Венесуэле из-под завалов спустя четыре дня спасли мужчину и его сына,Общество
Молодые художники и танцовщики из 20 стран пройдут обучение в Петербурге,Культура
Жительница Горловки ранена после атаки дрона ВСУ,Конфликты
Филатов: авторитет ФШР поможет Дворковичу выиграть выборы президента FIDE,Политика
За нападение на 6-ю роту псковских десантников в Чечне осудили уже 37 человек,ЧП
В Удмуртии на АЗС сформировали запас бензина для социальных и экстренных нужд,Экономика
Захарова: политика Финляндии по ядерному оружию потребует от РФ реакции,Политика
Политолог Сандро Тети: Запад расчеловечивает русских и чествует Петлюру,Политика
ВС РФ у Петровки поразили пятью авиабомбами пункты дислокации ВСУ,Конфликты
Останки штурмана Машковцева захоронили в Кировской области,Конфликты
Лантратова поблагодарила Путина за доверие,Политика
"ВС РФ ударили БПЛА ""Герань-4"" по хранилищу ГСМ в Кировоградской области",Конфликты
"В Пятигорске ""Кавказский диалог - 2026"" соберет около 100 участников из 10 стран",Общество
В свердловской Кушве производят отсыпку берегов реки,ЧП
"Эрдоган рассказал, что страны НАТО обсудят на саммите  в Анкаре",Политика
"Лантратова: иностранные СМИ убедились, что в атакованном ВСУ колледже в ЛНР жили дети",Конфликты
В России открылся предзаказ на GTA VI,Политика
"В Хакасии перенесли суд о банкротстве пивоваренной компании ""Альпина""",Экономика
"ООН: более 2,2 тыс. спасателей из 27 стран участвуют в операции в Венесуэле",ЧП
"Путин отметил, что Лантратова ""активно взялась за работу"" на посту омбудсмена",Политика
"Глушаков планирует восстановиться к первому матчу клуба ""СКА-Ростов"" в кубке",Спорт
Калининградцы 40 раз за три дня вызывали скорую помощь из-за тепловых ударов,Конфликты
На Украине отказали Ермаку в просьбе снять с него электронный браслет,Политика
Самый дешевый билет на матч за Суперкубок России по футболу стоит 1 500 рублей,Спорт
"В Кабардино-Балкарии создадут патриотический центр ""Казачий хутор""",ЧП
Лантратова приняла участие в возвращении 550 пленных с Украины,Политика
"Смагин считает, что конкурентам в FIDE нечего противопоставить Дворковичу",Спорт
"В МВД рассказали, как не стать нелегалом в России",Общество
МИД: Россия работает над обеспечением безопасности на выборах в ГД за границей,Политика
КС: суд не должен ужесточать наказание из-за участия государства в потерпевшей компании,Политика
Участников покушения на митрополита Тихона не выпустили из СИЗО,ЧП
Аграрии Марий Эл завершили посевную и рассчитывают на урожай не меньше прошлогоднего,Политика
В Мариуполе два человека погибли в ДТП с пассажирским автобусом,ЧП
BTV: в Болгарии некоторые черноморские пляжи загрязнены нефтепродуктами,Экономика
В Кабардино-Балкарии отменили беспилотную опасность,ЧП
В МЭИ создали модель для повышения эффективности и экологичности работы котлов,Политика
Лантратова сообщила о возвращении всех незаконно удерживаемых на Украине курян,Политика
"В Заполярье направят 50 млн рублей на финансирование проекта ""Работа рядом""",Экономика
"В ""Целе"" подтвердили уход футболиста Иосифова из команды",Спорт
Депутат ГД Шеремет: выделение новых траншей помощи Киеву приближает развал ЕС,Политика
Большинство единороссов из руководства ГД вошли в списки кандидатов на выборы,Политика
Под Новосибирском три человека погибли в ДТП с пятью авто,ЧП
Шипов: Дворкович не в силах вернуть гимн и флаг российским шахматистам,Спорт
Как стейблкоины могут вернуть РФ триллионы и что будет с торговлей БРИКС и ЕАЭС,Политика
"Депутат Шеремет: Украина формирует ""культ предательства""",Политика
В Ингушетии в 2026 году закупят новые автобусы для социально значимых маршрутов,Транспорт
Политолог Тети: Европа не должна потворствовать реабилитации Украиной Петлюры,Экономика
"Россияне проверили результаты ЕГЭ на портале ""Госуслуги"" более 10 млн раз",Общество
Lil Pump впервые даст большой сольный концерт в Москве,Культура
"ФАС выявила картель в сфере ЖКХ на сумму более 5,5 млрд рублей",Экономика
Новак поручил регионам повысить эффективность распределения топлива,Экономика
ТАСС: Фидан обсудит с Каллас и еврокомиссарами вопросы евроинтеграции Турции,Экономика
Xinhua: число умерших от лихорадки денге в Шри-Ланке достигло 31,ЧП
Минск считает освобождение заключенных инструментом в диалоге с США,Политика
В Белоруссии предупредили об ответе Украине в случае вторжения в республику,Политика
Гимнастка Мельникова снялась с чемпионата России,Спорт
"""Газпром"" не будет выплачивать дивиденды за 2025 год",Политика
Беседа Путина с Лукашенко и каналы диалога по Украине. Темы брифинга Пескова,Политика
"Синоптик Шувалов рассказал, когда в Москве ожидается пик жары",Погода
В Кушве около 60 домов остаются без света после урагана,ЧП
В Кушве восстановили 28 поврежденных ураганом домов,Политика
В ДРК запретили массовые собрания в столице и трех провинциях из-за Эболы,ЧП
Минск пытается убедить Запад сменить военную риторику на диалог,Политика
В Минске заявили о регулярном общении с представителями Запада,Политика
"Эксперт Демьяновская рассказала, что следует учитывать при выборе марафона у детей",Политика
"Песков: позиция РФ по Украине последовательна и известна и Киеву, и США",Политика
Новый формат пошел на пользу. Впечатления о ЧМ-2026 на экваторе турнира,Спорт
ТАСС: Сергея Иванова похоронят на Троекуровском кладбище 30 июня,Конфликты
В Приморье после ДТП погиб подросток,ЧП
Кураньи назвал главную проблему сборной Германии на ЧМ-2026,Спорт
"В Республике Алтай произошло землетрясение магнитудой 4,1",ЧП
"Эксперт Меньшиков раскрыл, как защититься от инфекций грызунов при уборке сарая",Политика
Дворкович объявил о намерении переизбраться на пост главы FIDE,Политика
В Белоруссии не видят приготовлений Украины к конфликту на границе,Конфликты
Дрон ВСУ с помощью аудиоколонки пытался спровоцировать энергодарцев на эвакуацию,Конфликты
"Время подачи заявления в вуз через ""Госуслуги"" в 2026 году составляет две минуты",Общество
ТАСС: Фидан обсудит с Каллас конфликт на Украине,Конфликты
Эрдоган: важно в ближайшее время добиться результатов в урегулировании на Украине,Политика
"Расследование дела о нападении на съемочную группу ""Известий"" завершили",Политика
ВС РФ поразили пункт управления подразделения РЭБ ВСУ в Никополе,Конфликты
В ДНР назначили нового детского омбудсмена,Общество
В Донбассе и Новороссии выявили почти 2 млн объектов недвижимости,Общество
Песков: к Путину и Лукашенко на Валдае присоединился Мишустин,Политика
Замглавы МИД Белоруссии назвал бравадой угрозы Зеленского в адрес Минска,Политика
Песков: каналы диалога по Украине должны оставаться непубличными,Политика
ВКС РФ разбомбили пункты управления БПЛА бригады Нацгвардии у Кучерова Яра,Конфликты
В Польше задержали организовавших акции протеста среди беженцев украинцев,Экономика
В ростовский суд поступило дело нациста Оберландера об убийстве граждан СССР,ЧП
В России разрабатывают новый подход к установлению ограничений скорости,Политика
"В ""Алавесе"" сообщили, что ведут переговоры по переходу Парады в ""Спартак""",Спорт
"На конференции ""Код человечности"" обсудят опыт взаимодействия потребителя с брендом",Политика
Офицер Моздок: ВСУ безуспешно пытаются выходить из Константиновки группами,Конфликты
На нескольких набережных и улицах Москвы перекроют движение 4 июля,Транспорт
В Приморье завершили модернизацию крупнейшего погранперехода региона,ЧП
Песков: Путин и Лукашенко на Валдае обсуждали попытки провоцирования Минска,Политика
МИД Ирана опроверг информацию о проведении 30 июня консультаций с США в Дохе,Политика
"Фестиваль ""Летний вальс"" откроется концертом оркестра министерства обороны РФ",Культура
Синоптик Шувалов исключил 40-градусную жару в Москве,Погода
Консульство РФ в Претории закроется на сутки в день акции против миграции,Экономика
Песков напомнил слова Путина о последствиях за вторжение ВСУ в Курскую область,Конфликты
В Воронежской области приемных родителей арестовали за истязание троих детей,Общество
Дорогу между горной и равнинной Ингушетией ввели в эксплуатацию после капремонта,Политика
Песков: Лантратова успела сделать многое для организации обменов пленными,Политика
В Обнинске при падении обломков БПЛА повреждена крыша хозпостройки дома,ЧП
"К главе организации ""Славим человека труда!"" подали иски из-за задержки зарплаты",Экономика
Песков: Лукашенко не передавал Путину посланий от Зеленского,Политика
Путин примет Лантратову впервые после вступления в должность омбудсмена,Политика
Песков: общение Путина и Лукашенко на Валдае было неформальным,Политика
Песков: Путин и Лукашенко затрагивали тему Украины на Валдае,Политика
"Бутягин сообщил, что крымские экспедиции Эрмитажа отложили",Политика
В Оренбуржье количество закрытых из-за дождя участков дорог сократилось до пяти,Погода
ТАСС: экс-главу Минздрава Кубани Филиппова приговорили к четырем годам,ЧП
Собянин: реконструкция Воробьевского путепровода в Москве выполнена на 70%,Общество
Более 78% опрошенных учащихся поддержали введение оценки за поведение,Общество
В ФРГ сообщили о 26 утонувших на минувших выходных при купании в аномальную жару,Конфликты
"В Гидрометцентре заявили, что жара из Европы ""дотянется краем"" до Москвы",Погода
Минобороны показало кадры освобождения Богодаровки,Конфликты
ВЦИОМ: половина россиян довольна состоянием и оснащением спортивных площадок,Общество
Политолог Тети: Рим тщетно пытается воспрепятствовать обменам между РФ и Италией,Политика
"Астроном Язев рассказал, когда добыча ресурсов на Луне может стать выгодной",Наука
В Тверской области госпитализировали более 10 детей с вирусной инфекцией,Общество
"В ""Аэрофлоте"" одобрили выплату дивидендов за 2025 год из расчета 5,29 рубля на акцию",Экономика
"Никитин вошел в совет директоров ""Аэрофлота""",Транспорт
Литва сообщила о поступлении партии противотанковых мин стоимостью около €3 млн,Экономика
End of story. Каким Сергей Иванов был вне политики и как жил баскетболом,Спорт
Выпускник из Подмосковья впервые набрал 400 баллов на ЕГЭ,Общество
В Венесуэле из-за землетрясения повреждены или разрушены свыше 770 зданий,ЧП
"В Буркина-Фасо объяснили, что привело к разрыву дипотношений с Францией",Политика
В оренбургском Бугуруслане за сутки от воды освободили 44 участка,Конфликты
"Samsung обещал вложить $1,7 трлн в экономику Республики Корея",Экономика
На востоке Индии из-за наводнений пострадали свыше 22 тыс. человек,ЧП
Эксперт Рыбаков: архивы опровергают миф о штрафбатах и заградотрядах в годы ВОВ,Политика
"Из-за ""разочарования и отвращения"". Буркина-Фасо рвет отношения с Францией",Политика
В РАН предупредили о риске фронтального удара по Земле при вспышке высшего класса,Конфликты
В Липецкой области объявляли опасность атаки БПЛА,Конфликты
"Фомин уверен, что со Шварцем ""Динамо"" сможет сделать шаг вперед",Спорт
Российские артиллеристы поразили пункт управления дронами ВСУ в Красном Лимане,Конфликты
ТАСС: лодка пропавших под Красноярском могла перевернуться из-за течения,ЧП
"Бойцы ""Запада"" уничтожили артиллерийские орудия ВСУ в районе Красного Лимана",Конфликты
ТАСС: реггруппы кандидатов в депутаты Госдумы от ЕР возглавили 45 губернаторов,Политика
РБК-Украина: подготовку Киева к зиме могут переложить с мэра на его заместителя,Политика
"Первая 500-балльница ЕГЭ рассказала, что ей помогло сдать экзамены",Общество
"ООН: в Венесуэле почти 1,8 млн человек нуждаются в гумпомощи",Политика
Бабушкина: более 400 депутатов прошли обучение в свердловском заксобрании,Политика
В Мурманской области направили более 60 млн рублей на индексацию соцвыплат,Экономика
В Праге ночь на 29 июня была самой жаркой в истории,Погода
В Каховке при ударе ВСУ по многоэтажному дому пострадал мужчина,Конфликты
Глава Башкирии поручил проверить цены на топливо на частных АЗС,Экономика
Подозреваемыми по делу об убийстве студента в Омске проходят шесть человек,Общество
"Представителю Захаряна ничего неизвестно о переходе футболиста в ""Краснодар""",Спорт
Политолог Тети: в Италии издадут книги Прилепина и Рубанова,Культура
Corriere della Sera: военная помощь НАТО Киеву может быть меньше ожидаемого из-за США,Политика
ТАСС: на Урале задержали четвертого участника свердловской ОПГ,ЧП
Минпромторг открыл прием заявок на субсидии для поддержки экспортных проектов,Экономика
Эксперт Рыбаков: мифы об СССР целенаправленно создавались в годы перестройки,Политика
Освобождение Богодаровки позволило ВС РФ закрепиться на правом берегу Гайчура,Конфликты
МСП в сфере науки привлекли более 2 млрд рублей господдержки с начала года,Наука
В Петербурге оценили стоимость создания полигона для беспилотных трамваев,Экономика
В Кузбассе мужчину и его сыновей осудили за обман 98 женщин,ЧП
Bloomberg: число пересекающих Ормузский пролив судов снизилось на 80%,Политика
"Проект ""Продюсер города"": запуск реалити-шоу в малых городах России",Политика
В Башкирии пострадавшую в ДТП с пятью жертвами девочку доставили в Уфу,ЧП
CNN: за четыре дня через Ормузский пролив прошли 124 судна,Политика
СВР предупредила о наращивании сотрудничества Украины с наркокартелями Мексики,Политика
ТАСС: при освобождении Богодаровки уничтожили более взвода живой силы ВСУ,Конфликты
На Ставрополье похищенного мужчину продали за четыре коробки колбасы,ЧП
В ЦБ заявили о влиянии роста стоимости топлива на инфляционные ожидания,Экономика
"""Петровакс фарм"" начнет экспорт лекарств в Южную Африку",Экономика
В Чечне объявили беспилотную опасность,ЧП
FT: British American Tobacco сократит 9 тыс. рабочих мест из-за снижения спроса,Общество
В Эстонии выразили готовность терпеть падения БПЛА Украины на своей территории,Конфликты
Замглавы Тамбовской области вступил в БАРС,ЧП
ВС РФ в Константиновке за сутки уничтожили до 95 военных ВСУ,Конфликты
ВС РФ поразили места хранения и запуска дальних беспилотников ВСУ,Конфликты
ВС РФ в Красном Лимане заняли 48 зданий,Конфликты
"ВСУ за сутки потеряли более 1,5 тыс. военных на всех участках СВО",Конфликты
Российские средства ПВО сбили за сутки 415 беспилотников ВСУ,Конфликты
Силы ПВО сбили четыре БПЛА на подлете к Москве,Конфликты
ВС РФ освободили Богодаровку в Днепропетровской области,Конфликты
В КЧР к поискам упавшего в горную реку туриста привлекли кинологов,Культура
В Карачаево-Черкесии объявили беспилотную опасность,ЧП
OE24: в Австрии ночь на 29 июня стала самой жаркой в истории,Погода
В Мордовии объявили беспилотную опасность,ЧП
Генсек ОДКБ посетил участки таджикско-афганской границы,Политика
Саратовский губернатор предложил уволить главу района из-за жалоб жителей,Политика
Биологи улучшили способность нейросетей определять структуру гибкой части белков,Наука
Обвиняемые в убийстве студента в Омске заманили его обещанием передать самородок,Общество
"""Автодор"" напомнил об опасности питбайков на скоростных трассах",Транспорт
На Филиппинах назвали сумму ущерба инфраструктуре от землетрясения,ЧП
"ЦБ купил юани на 5,4 млрд рублей с расчетами 26 июня",Экономика
FT: Rolls-Royce намерена возобновить выпуск двигателей для узкофюзеляжных лайнеров,Политика
ТАСС: найдены лодки и вещи пропавших под Красноярском туристов,ЧП
СВР: режим Зеленского стремится получить доход от транзита наркотиков,Политика
Чемпион мира по паделу Чосас сыграет в турнире в Екатеринбурге,Спорт
"""Работать на максимуме и новых проблем не создавать"". Поручения президента РФ по топливу",Политика
Музей Мирового океана отнесли к особо ценным объектам культурного наследия,Культура
"Кокорин считает, что футболист Батраков смог бы заиграть в ПСЖ",Спорт
Украина как перевалочная база и сотрудничество Киева с наркокартелями. Заявления СВР,Политика
ЦБ не поддержал предложение о бюджетном правиле исключительно в рублях,Экономика
"В ""Инарктике"" одобрили дивиденды за 2025 год в размере 10 рублей на акцию",Экономика
В Курской области ожидают дополнительные поставки топлива,ЧП
Ricci: предложение в новостройках старой Москвы может сократиться более чем вдвое,Общество
НБКИ: средний срок автокредита в мае вырос почти до шести лет,Экономика
Польские евродепутаты предложили принять резолюцию в память о жертвах УПА,Экономика
В Орловскую область поступает дополнительное топливо,ЧП
Суд Литвы заслушает доводы осужденного экс-банкира россиянина Антонова,Политика
В Париже молния ударила в шпиль Эйфелевой башни,Конфликты
"Трамп опубликовал картину, где он изображен с роботом и Джорджем Вашингтоном",Политика
СВР назвала одесские порты перевалочной базой для наркотранзита в Европу,Экономика
"Лукич назвал сумасшедшими условия, в которых играла сборная РФ в Европе",Спорт
"Эксперт Сорокин: молдаване считают, что  РФ может гарантировать им безопасность",Политика
СВР: наркогруппировки Латинской Америки видят в Украине коридор для поставок в Европу,Экономика
В Белгородской области при атаках ВСУ пострадали три человека,Конфликты
В Москве цены на офисы класса А выросли на 15% за полгода,ЧП
Очередь на Крымский мост сократилась до 389 автомобилей,Транспорт
В Перми женщину осудили за мошенничество с квартирами пенсионерок,Общество
Российский рынок акций перешел к росту более чем на 1%,Экономика
Кураньи восхищен результативной игрой Месси на чемпионате мира,Спорт
В Калмыкии объявили беспилотную опасность,ЧП
Освобожденные из плена куряне получат меры поддержки в приоритетном порядке,Общество
В Венесуэле из-под завалов спасли девятимесячного ребенка и его мать,Общество
"Жена Спивакова рассказала, когда дирижера выпишут из больницы",Общество
Пловец Кожакин оценил свои результаты на турнире в Италии,Спорт
"ЦАХАЛ заявил о ликвидации в Газе члена ""Исламского джихада""",Конфликты
В Кабардино-Балкарии объявили беспилотную опасность,ЧП
"ФАС признала действия ""Алкой-фарм"" недобросовестной конкуренцией",Политика
В тайге под Красноярском пропали мужчина и женщина,ЧП
В Ленобласти завели дело после аварийной посадки сверхлегкого самолета,Транспорт
Кредитный рейтинг WB Банка повышен до уровня ruBBB+,Экономика
В Киеве и области введут графики отключения света,ЧП
Двое пострадавших при ударе ВСУ по колледжу в Старобельске остаются в больницах,Конфликты
Названа причина госпитализации Спивакова,Политика
ФСБ предотвратила поджог синагоги в Ярославле. Главное,ЧП
В Херсонской области за ночь уничтожили 34 БПЛА,Конфликты
В Москве ликвидировали узел связи телефонных аферистов,Общество
"Политик Пейю: президент Румынии ""навязывает личную волю"", как это делал Кароль II",Политика
В Набережных Челнах рассказали о состоянии пострадавшей от взрыва газа,ЧП
Иран и Катар договорились о разблокировке $6 млрд активов,Политика
Le Monde: Франции дали неделю на закрытие посольства в Буркина-Фасо,Политика
"Групповой этап чемпионата мира по футболу посетили 4,6 млн человек",Спорт
"Кокорин: Сперцян в будущем может перейти из ""Аль-Ахли"" в европейский клуб",Спорт
В России разработали импортозамещающие датчики для морских судов,Экономика
На Камчатке проведут проверку после слов чиновника о поиске водителей скорой,Политика
Миграционная политика на Ставрополье,ЧП
В Подмосковье обвинили четырех мужчин после массового отравления наркотиками,ЧП
На Солнце 29-30 июня возможны вспышки высшего класса,Культура
Эксперт Козлова призвала готовить школьных учителей к работе с ИИ,Общество
"Наркотики в Подмосковье, где произошло массовое отравление, привез курьер",ЧП
ТАСС: число пострадавших от еды из гастронома в Астрахани увеличилось до 30,ЧП
В Бердянске приостановили водоснабжение,Политика
"При экологической партии ""Зеленые"" создали научно-экспертный совет",Политика
Иран и Оман провели первое заседание рабочей группы по Ормузскому проливу,Политика
Климент Колесников симпатизирует японцам на ЧМ по футболу,Спорт
Профессор Язев: для добычи металлов на Луне не надо будет копать шахты,Политика
В Башкирии ограничили отпуск бензина для снижения ажиотажа,Экономика
ФБР: в США во время ЧМ возле спортобъектов перехватили более 400 БПЛА,Политика
В Молдавии с 30 июня объявили красный код опасности из-за аномальной жары,ЧП
В Афганистане заявили о 36 погибших из-за атак Пакистана,ЧП
Кураньи назвал сборную Франции главным фаворитом чемпионата мира,Спорт
Время Африки и трагедия иранцев. Самые яркие события группового этапа ЧМ,ЧП
Глава МИД Эстонии: некоторые страны ЕС не хотели бы дальше давить на Россию,Политика
В Херсоне произошли взрывы,ЧП
Эксперт: на ММК роботизировано свыше 400 процессов,Политика
Пилота вертолета могут лишить свидетельства после посадки у маяка на Сахалине,ЧП
Жителям белгородского села разрешили вернуться домой после разминирования,Общество
"ЦБ выпустит памятную монету, посвященную ВДНХ",Политика
Спикер Рады Стефанчук: Украине для вступления в ЕС придется изменить конституцию,Политика
"Марш: сборная Канады добилась цели сыграть с ""гигантами"" мирового футбола",Спорт
В Башкирии мужчину задержали за попытку поджечь объект сотовой связи,ЧП
На поезда из России в Абхазию раскупили 90% билетов до конца лета,Транспорт
В федерации назвали шикарным результат прыгунов в воду РФ на первенстве Европы,Экономика
Российский рынок акций снижается в начале торгов,Экономика
В части Днепропетровска после взрыва пропал свет,ЧП
В Астрахани 14 человек остаются в больнице после заражения сальмонеллезом,Общество
МИД КНР: ограничения против Японии направлены против милитаризма,Политика
"Экипажи ""Союза МС-29"" отправились на Байконур",Политика
В Калининградской области побит многолетний температурный рекорд,Погода
Вице-спикер Сейма Босак назвал постыдным предложение Варшавы о помощи Киеву,Политика
Жителей села под Белгородом попросили уехать после атаки ВСУ,Конфликты
"Кураньи заявил, что групповой этап ЧМ-2026 превзошел его ожидания",Спорт
В Новосибирском зоопарке родились краснокнижные дальневосточные котята,Общество
"Модель беспилотной амфибии ""Меридиан"" завершила испытания на открытой воде",ЧП
В Приморье оштрафовали владельцев угольных морских терминалов,ЧП
Избирательная кампания - 2026 в Северной Осетии,Общество
Тарасова призвала отвечать победами на письмо 11 гимнастических федераций,Спорт
"Глава парламента Турции рассказал, что помешало достичь мира между РФ и Украиной",Политика
Азербайджан призвал Израиль пересмотреть резолюцию о признании геноцида армян,Политика
В Якутии ввели лимиты на продажу топлива на некоторых государственных АЗС,Экономика
Ски-альпинист Филиппов хочет завоевать несколько золотых медалей на Олимпиаде-2030,Спорт
"В Нижегородской области задержали курьера мошенников, похитивших 5 млн рублей",Экономика
Депутата Верховной рады от правящей партии задержали по делу о коррупции,Политика
"Приложение ""Сберинвестиций"" снова доступно в App Store",Политика
На Украине назвали ситуацию с отключением света в Сумской области самой сложной,Политика
Грузия намерена подписать заявление о стратегическом партнерстве с Казахстаном,Политика
В АП РФ отметили важность эмпатичности регионального лидера для россиян,Политика
Handelsblatt: промсектор ФРГ уже в 2026 году может лишиться до 100 тыс. рабочих мест,Общество
В Подмосковье сообщили о достаточных запасах бензина,Политика
Задержанный в Ярославле признался в намерении поджечь синагогу,Политика
Digi24: в Румынии цена на электричество станет самой высокой в ЕС,Политика
Шара Буллет может провести бой на турнире UFC в Абу-Даби,Спорт
Защита от атак БПЛА и применение искусственного интеллекта. Заявления Белоусова,Наука
"Решать проблемы с топливом, не создавая новых. Поручения Путина",Политика
Фальков отметил необходимость ввести в вузах два обязательных модуля по ИИ,Общество
"Талалаев считает, что Месси может побить рекорд по голам за один чемпионат мира",Спорт
В ТАСС расскажут о чемпионате России по спортивной борьбе в Новосибирске,Спорт
Соцфонд назвал средний размер новой семейной выплаты для работающих родителей,Общество
ЦБ определил объемы операций на внутреннем валютном рынке c 1 июля по 31 декабря,Экономика
ВС РФ уничтожили два пункта дислокации с живой силой ВСУ у Константиновки,Конфликты
В Одесской области начались аварийные отключения света,ЧП
Развитие туризма на Дальнем Востоке,Транспорт
Минобороны Катара и РФ договорились о создании канала прямой связи при кризисах,Конфликты
ФСБ показала кадры предотвращения поджога синагоги в Ярославле,ЧП
Мишустин поздравил работников судостроительной отрасли с Днем кораблестроителя,Политика
Турпоток из России в Шанхай вырос на 130% в январе - мае,Экономика
"Дюков сообщил, что должно произойти для перехода на систему ""весна-осень"" в РПЛ",Конфликты
На Камчатке завели дело после сообщений об издевательствах над ребенком в лагере,ЧП
"В Приамурье действуют 12 лесных пожаров на площади свыше 2,5 тыс. га",ЧП
Журова считает попыткой напакостить письмо 11 гимнастических федераций,Спорт
В ЛНР загорелась машина коммунальщиков после удара БПЛА,ЧП
В нескольких регионах Украины анонсировали введение графиков отключения света,Политика
"Лукашенко заявил, что приезжает в Китай ""как к себе домой""",Политика
Сбили 209 БПЛА. Главное об отражении атак на российские регионы,Конфликты
В больницах Москвы театры и оркестры будут проводить выступления для врачей и пациентов,Общество
На Украине призвали готовиться к отключениям света из-за жары,Политика
Аленичев назвал трех главных фаворитов чемпионата мира 2026 года,Спорт
CTV: в Канаде затонула лодка с туристами,ЧП
"Белоусов рассказал, для чего в российских дронах применяется ИИ",Конфликты
Легализация финрынка Сибири в 2026 году,Общество
Почти на всей территории Румынии объявили красный уровень опасности из-за жары,ЧП
Путин поздравил россиян с Днем кораблестроителя,Политика
"ЦАХАЛ заявил об ударах по трем командным центрам ""Хезболлах"" на юге Ливана",Конфликты
Белоусов: финансирование лабораторий по ремонту техники на СВО дважды увеличивали,Наука
"Монсон считает, что Шаре Буллету будет сложно стать чемпионом UFC",Спорт
Белоусов заявил об активном внедрении ИИ в ПВО,Конфликты
"Российский бизнес обсудит применение гуманоидных роботов на форуме ""Снабтех-2026"" в Шанхае",Общество
Талалаев назвал паузы на водопой на ЧМ серьезным подспорьем для тренеров,Спорт
Белоусов: у войск беспилотных систем эффективность применения дронов втрое выше,Конфликты
Белоусов: ситуация с защитой от БПЛА регионов и зоны СВО меняется каждые два-три месяца,Конфликты
Белоусов: в ВС РФ выстроили эшелонированную систему защиты от БПЛА,Конфликты
Белоусов: в РФ активно внедряются мобильные огневые группы с FPV-перехватчиками,Политика
В РФ создается информсреда для повышения ситуационной осведомленности по БПЛА,Конфликты
Белоусов провел встречу с военкорами,Политика
Бывший чемпион UFC Джонс считает Махачева уникальным спортсменом,Спорт
Чемпионат России по спортивной борьбе в Новосибирске,Спорт
CNN: Мадуро обратился к венесуэльцам с цитатой из Библии,Политика
Историк Рыбаков: говорить правду не значит преуменьшать,Политика
В Свердловской области предупредили о возможных паводках из-за дождей,Погода
ОСК передала заказчикам за 3 года 110 кораблей и судов,Экономика
В России вынесли первый приговор по делу об организации ЛГБТ-сообщества,Политика
Тюменская область направила 30 пожарных-десантников для тушения пожаров на Ямале,ЧП
Фальков заявил о потере у дипломных и курсовых работ функции проверки знаний,Политика
Такой футбол нам не нужен. Первый матч плей-офф ЧМ разочаровал,Спорт
"Аленичев отметил, что на групповом этапе ЧМ было много скучных матчей",Спорт
Х5 остановила поставки Kinder и Raffaello в свои магазины,Политика
Обвиняемые в убийстве омского студента познакомились с ним в интернете,Общество
Потомок Бисмарка заявил о необходимости прямого общения россиян и немцев,Политика
На севере Украины сообщают о масштабных отключениях света,Политика
В Новосибирске экс-главу управления по борьбе с коррупцией осудили за взятки,Политика
Мост в Новоазовске на юге ДНР частично разрушен после атаки БПЛА,Транспорт
Предложение об ограничении зоны боевых действий и ход СВО. Заявления Путина,Конфликты
Обвиняемые в убийстве студента приехали в Омск для совершения преступления,Общество
В Ярославле предотвратили поджог синагоги,ЧП
"Потомок Бисмарка: политические элиты ЕС на самом деле ""лузеры""",Политика
ТАСС: Европа уже закачала в хранилища 22 млрд куб. м газа к следующей зиме,Экономика
В Москве задержали подозреваемых в разбойном нападении на букмекерский клуб,Спорт
В Петербурге задержали подозреваемого в производстве более 10 кг марихуаны,ЧП
В России 55 регионов приняли законы о развитии ответственного ведения бизнеса,Политика
"Директор ""Артека"" заявил, что ВСУ не жалеют детей",Конфликты
Около 70% расходов бюджета Подмосковья направлены на социальный блок,Экономика
Медведчук: при Зеленском в биолабораториях США на Украине начались опыты на людях,Политика
В Ростовской области объявляли беспилотную опасность,ЧП
"Медведчук рассказал, когда на Украине создали первые биолаборатории США",Политика
Встреча Лукашенко и Си Цзиньпина продолжалась более трех часов,Политика
В аэропорту Краснодара задерживается 21 рейс,Транспорт
FT сообщила о рекордных ценах на морские грузоперевозки из-за пошлин США,Политика
В Севастополе при атаках ВСУ повреждены четыре частных дома,Конфликты
Медведчук указал на вспышки болезней из-за биолабораторий США на Украине,Политика
Медведчук: работа по биобезопасности на Украине прикрывала создание биооружия,Политика
Медведчук: при Януковиче на Украине создали 28 объектов сети биолабораторий США,Политика
ВСУ 107 раз за сутки обстреляли отселенные районы Курской области,Конфликты
Двух пострадавших под Брянском детей могут выписать из больницы 29 июня,Общество
Си Цзиньпин: КНР поддерживает Белоруссию в защите суверенитета,Политика
Диетолог Лебедева рассказала о рисках употребления бабл-ти,Общество
В аэропорту Сочи задерживаются более 50 рейсов,Транспорт
"В Подмосковье выделили 8,5 тыс. квотируемых рабочих мест для ветеранов",Общество
Под Севастополем из-за падения обломков БПЛА загорелась хвойная подстилка,ЧП
В Москве ожидается кратковременный дождь,Погода
"Талалаев надеется, что уровень судейства в РПЛ будет соответствовать ЧМ",Спорт
В Иркутске пресекли четыре факта спекуляции бензином,ЧП
ВС РФ поразили голландский БТР ВСУ в районе Константиновки,Конфликты
В Тамбовской области объявили опасность атаки БПЛА,Конфликты
В России более 90% самокатчиков нарушают правила дорожного движения,Общество
Названы самые популярные у россиян женские музыкальные группы,Культура
"Джон Джонс заявил, что готов вернуться в ММА ради большого боя",Политика
В Австралии продолжат рассмотрение дела арестованных россиян Королёвых 3 августа,Политика
Пропавших в Улан-Удэ детей нашли живыми,Общество
Спикер Мособлдумы: рост бюджета Подмосковья позволяет выполнять соцобязательства,Экономика
"""Купол Донбасса""  за сутки сбил 34 беспилотника над ДНР",Конфликты
"Вход на станцию метро ""Парк культуры"" Кольцевой линии закроют в часы пик с 6 июля",Транспорт
"Armenie Football: футболист Захарян перейдет в ""Краснодар""",Спорт
В Забайкалье семь человек госпитализировали после ДТП с Lexus,ЧП
Талалаев назвал невпечатляющим выступление сборной Португалии на ЧМ,Спорт
В Нижневартовске в ДТП с двумя автомобилями пострадали четыре человека,ЧП
FT допустила минимальные за 15 лет запасы газа в Европе к отопительному сезону,Экономика
NBC: в США из-за наводнений погибли не менее четырех человек,ЧП
На Ямале двое подростков утонули в водоемах,ЧП
В Приморье завели дело после гибели ребенка на воде,ЧП
"Володин рассказал о законах, вступающих в силу в июле",Политика
Пожароопасность в лесах Томской области снизилась из-за дождей,Погода
"Потомок Бисмарка: в политические элиты ЕС пришли ""лузеры""",Политика
Politico: группа чиновников ЕС выступает за ликвидацию внешнеполитической службы,Политика
"ВСУ атаковали Белгородскую область более 1,1 тыс. раз за неделю",Конфликты
Домодедово принимает и отправляет рейсы по согласованию,Транспорт
"Футболист ""Урала"" Бондарев надеется, что Месси выиграет ЧМ второй раз подряд",Спорт
Экс-конгрессвумен Тейлор-Грин рассказала о рисках при эскалации войны с Ираном,Конфликты
В Белгородской области при атаках ВСУ за сутки пострадала женщина,Конфликты
Названа причина гибели детей на территории британской базы на Кипре,Общество
"На Ямале тушат лесные пожары площадью более 9,3 тыс. га",ЧП
Экс-конгрессвумен Тейлор-Грин: Ормузский пролив находится под контролем Ирана,Политика
"Экс-конгрессвумен Тейлор-Грин: у РФ и США больше общего, чем разъединяющего",Политика
Экс-конгрессвумен Тейлор-Грин: граждане США хотят восстановления отношений с РФ,Политика
Жителя Красноярска задержали за граффити с рекламой наркомагазинов,Общество
Эксперт Марочко назвал самые успешные участки в зоне спецоперации у ВС РФ на неделе,Конфликты
Brand Analytics: репетиторы стали почти обязательной статьей расходов семей,Политика
Открытия новых крупных астероидов практически прекратились,Наука
Марочко: Киев за неделю в боях потерял 10 тыс. солдат и наемников,Конфликты
Марочко: у ВСУ за неделю обрушилась оборона в Красном Лимане и Константиновке,Конфликты
Цыбульский: Поморье и КРДВ в течение двух месяцев подготовят инвестплан региона,Конфликты
"Коденко: Россия сможет отправлять серфингистов на ОИ не раньше, чем через 16 лет",Политика
Евродепутат Зайончковская-Херник: конфликт с Варшавой вскрыл наглость Зеленского,Экономика
В Югре площадь лесных пожаров за сутки выросла вдвое,ЧП
"""Плохо от необходимости принимать решения"". Как абитуриенты справляются с муками выбора",Политика
Около половины опрошенных россиян считают разумным менять работу каждые пару лет,Общество
Под Белгородом после атаки ВСУ разрушен дом,Конфликты
Под Красноярском мужчина погиб во время сплава по реке,ЧП
Талалаев допустил поражение сборной Бразилии от японцев в матче плей-офф ЧМ,Спорт
В Елизаветграде на Украине произошел пожар на объекте инфраструктуры,ЧП
Среди кандидатов в депутаты Мособлдумы ожидаются участники СВО,Политика
Си Цзиньпин: китайско-белорусские отношения переживают исторический пик,Политика
В России разработали компактный книжный сканер,Политика
В Венесуэлу прибыла новая группа бразильских спасателей,Экономика
Эксперты отметили рост интереса к покупке ситихаусов в Москве,Культура
BioCubaFarma: Куба и РФ создали первое совместное фармацевтическое предприятие,Конфликты
На подходах к Крымскому мосту скопились 1 400 автомобилей,Транспорт
Над регионами России за ночь сбили 209 украинских БПЛА,Конфликты
MWS AI: россияне боятся зависимости от ИИ сильнее потери работы из-за него,Политика
В Югре завели дело после гибели ребенка и травмирования еще двух в ДТП,ЧП
Офтальмолог Егоров предупредил об опасности купания в линзах в водоемах,Политика
"Боец Карта: группировка ""Север"" уничтожила 400 солдат ВСУ под Харьковом",Конфликты
В Хабаровске планируют создать муралы с маршалами Победы,Политика
"Эксперт Домахин рассказал, как предотвратить взрыв пауэрбанка при нагреве",ЧП
LSM: Латвия и Украина построят завод БПЛА на границе с Россией и Белоруссией,Политика
Экс-премьер Бангладеш Шейх Хасина намерена вернуться в страну до конца года,Политика
В Забайкалье пятерых человек обвиняют в финансировании нежелательной организации,Экономика
В Новосибирске в праздновании Дня города приняли участие более 100 тыс. человек,Общество
На Камчатке подводники подписали шефское соглашение с руководством города Омска,Политика
По Крымскому мосту возобновили движение автотранспорта,Транспорт
Над Калужской областью ночью уничтожили 10 украинских БПЛА,Конфликты
"В МВД советуют не хранить крупные суммы на картах, привязанных к маркетплейсам",Экономика
CCTV: Си Цзиньпин встретился с Лукашенко в Пекине,Политика
На Камчатке проверяют информацию о буллинге ребенка с онкозаболеванием,Общество
В Томске сняли режим ЧС муниципального характера из-за паводка,ЧП
"Командир Зерно: группировка ""Север"" поразила порядка 10 машин ВСУ под Харьковом",Конфликты
В Омске семь человек задержали по подозрению в убийстве студента,Общество
Потомок Бисмарка: ЕС не может посредничать в решении украинского конфликта,Конфликты
В Воронеже прошла отправка военнослужащих в Президентский полк,Политика
Daily Mail: во Франции двое детей погибли в раскаленной из-за жары машине,ЧП
В Ростовской области отразили атаку БПЛА,Конфликты
"Variety: байопик ""Майкл"" стал самым кассовым в истории",Спорт
ТАСС: бежавшие с позиций солдаты теробороны попали под огонь заградотрядов ВСУ,Конфликты
Эксперт Франк назвала неэффективными процедуры очистки от микропластика,Политика
ТАСС: военная полиция Украины проводит рейды по дезертирам под Черниговом,Политика
ТАСС: в погребах Лосевки нашли заминированные тела солдат ВСУ,Конфликты
ТАСС: под Сумами создали фильтрационные центры ВСУ по работе с дезертирами,Конфликты
В Севастополе военные отражают атаку ВСУ,Конфликты
В Сибири прогнозируют аномальную жару со шквалистым ветром и грозами,Общество
Матвиенко поздравила Гурбангулы Бердымухамедова с днем рождения,Общество
Все округа Херсонской области полностью или частично обесточены,ЧП
"В ГД рассказали, как изменится подтверждение права на северную надбавку к пенсии",Экономика
В НАО в 2026 году намерены начать пробную эксплуатацию Лаявожского месторождения,Общество
Медведев поздравил Гурбангулы Бердымухамедова с днем рождения,Политика
"Эксперт Шилина рассказала, какие дети чаще становятся жертвами мошенников",ЧП
Открытый корпус экстренной медпомощи в Донецке заработает в полную силу осенью,ЧП
Мишустин поздравил Гурбангулы Бердымухамедова с днем рождения,Общество
Эксперт Балынин: спрос на инженеров и электриков сохранится во втором полугодии,Политика
В Венесуэле после землетрясения из-под завалов спасли собаку,ЧП
Путин поздравил Бердымухамедова с днем рождения,Политика
Роскачество назвало самые популярные у россиян безалкогольные напитки,Общество
Комбат Задон раскрыл тактику успешной зачистки кварталов в Константиновке,Политика
"Потомок Бисмарка напомнил о словах ""железного канцлера"" про дружбу с Россией",Политика
В Москве прогнозируют облачную погоду с прояснениями и до 23 градусов тепла,Погода
"""Точка блаженства"": как еда делает людей зависимыми",Политика
В Якутске ввели особый противопожарный режим,ЧП
"""Ozon банк"": россияне от 18 до 23 лет чаще выбирают вклады на два месяца",Экономика
Аэропорт Внуково импортозаместил систему управления багажом,Транспорт
Москва и Подмосковье прорабатывают механизмы регулирования продажи вейпов,Политика
Эксперт Нильсен: закрытие границы с РФ ударило по экономике регионов Финляндии,Экономика
"Освобожденный курянин рассказал, что ВСУ выжгли трезубец на лбу у пленного",Конфликты
В Забайкалье в ДТП погибли два человека,ЧП
"Сомнолог Полуэктов объяснил сны с падениями ""вестибулярными галлюцинациями""",Политика
"В ГД предложили указывать на упаковке, подвергался ли продукт разморозке",Политика
Южная группировка ударила по отступающей из Константиновке пехоте ВСУ,Конфликты
Командир Икона: ВСУ потерпели поражение в стрелковых боях в Новоскелеватом,Конфликты
Боец Шир: ВСУ в Новоскелеватом использовали и минометы на базе пикапов,Конфликты
В Хабаровском крае по иску прокуратуры аннулировали брак погибшего участника СВО,ЧП
Командир Икона: ВСУ в Новоскелеватом использовали подвалы в качестве укреплений,Конфликты
В Новороссийске объявляли угрозу атаки БПЛА,Конфликты
Врач Авиценна: пулевые ранения очень редко встречаются в ходе СВО,ЧП
"Командир Икона: ВС РФ уничтожили опорный пункт ВСУ, забросив туда кирпич",Конфликты
"РСЗО ""Град"" поразили позиции ВСУ в Запорожской области",Конфликты
Потомок Бисмарка: в России люди чувствуют себя в безопасности,Политика
"Группировка ""Запад"" поразила пункт управления БПЛА ВСУ",Конфликты
ВС РФ поразили пункт управления дронами ВСУ на Запорожье,Конфликты
Командир Икона: ВСУ в Новоскелеватом по ошибке уничтожали собственных солдат,Конфликты
В РФ до конца года планируют завершить исследования вакцины от туберкулеза,Наука
Боец Шир: солдат ВСУ в Новоскелеватом выдали акцент и украинская речь,Конфликты
Командир Икона: в Новоскелеватом ВСУ оставили десятки тел сослуживцев,Конфликты
Российский военный забросал гранатами блиндаж с иностранными наемниками,Конфликты
В Красноярском крае площадь лесных пожаров за сутки выросла на 20 тыс. га,ЧП
В Крыму разработали механизм компенсаций за поврежденное имущество от ударов ВСУ,Конфликты
"В Хабаровском крае на выборы в Госдуму от ""Единой России"" пойдут три кандидата",Политика
На Крайнем Севере упростят подтверждение права на повышенную пенсию,Экономика
"Хинштейн назвал ""зверьем"" выжигавшего на теле курянина букву ""Z"" солдата ВСУ",Конфликты
"В Якутии действуют 12 лесных пожаров на площади 4,8 тыс. га",ЧП
Аналитики выявили склонность молодых россиян к импульсивным покупкам,Общество
Глава Федерации футбола Саудовской Аравии ушел в отставку,Спорт
В Приморье водолазы обнаружили тело утонувшего мальчика,ЧП
На Камчатке площадь одного природного пожара превысила 2 тыс. га,ЧП
"""Известия"": в России могут расширить нацрежим на гранит, стекло и керамику",Политика
ЛДПР призвала ввести на федеральном уровне День ветеранов боевых действий 1 июля,Конфликты
"""Экосистема"" направит 15 млн рублей на развитие региональных экоцентров",Экономика
"Brand Analytics: пользователи в соцсетях ценят вузы за ""связи и тусовку""",Общество
Аэропорт Внуково отправляет и принимает рейсы по согласованию,Транспорт
Гуманитарную помощь штату Ла-Гуайра после землетрясения в Венесуэле расширят,ЧП
В Улан-Удэ ищут двух пропавших детей,Общество
В Приморье второй день ищут тело утонувшего мальчика,ЧП
"Фильм ""Майкл"" возглавил российский кинопрокат на выходных",Культура
"Исследование показало, что россияне в мае купили 511,5 тыс. подержанных машин",Наука
"Освобожденный из плена курянин рассказал, как в тюрьме его ""готовы были убить""",Политика
"В Госдуме рассказали, куда жаловаться на бездействие управляющей компании",Политика
Жительница Камчатки легализовала 600 тыс. рублей от продажи запрещенных веществ,Экономика
В 2025 году вспышки гриппа птиц регистрировали в восьми регионах РФ,Экономика
"Потомок Бисмарка рассказал, что большинство людей в ФРГ не считают РФ врагом",Политика
Командир Задон: окруженные банды ВСУ в Константиновке дезорганизованы,Конфликты
Романо: ПСЖ подписал контракт с итальянским голкипером,Культура
Бразилец из ВСУ: командование просто использует наемников из Латинской Америки,Конфликты
Талалаев назвал примитивной игру сборной Боснии и Герцеговины на ЧМ,Спорт
На юго-западе Китая 13 человек пострадали из-за землетрясения,ЧП
Венесуэлец рассказал об огромных разрушениях в Катия-де-ла Мар,Политика
Путин назначил Авдеева прокурором Дагестана,Политика
"DM: ""Барселона"" нацелилась на приобретение Кейна",Политика
Талалаев назвал причины провала сборной Турции на чемпионате мира,Спорт
По Крымскому мосту временно прекратили движение,Транспорт
В двух регионах России средняя пенсия работающих превысила 35 тыс. рублей,Экономика
Командира 154-й бригады ВСУ Кононникова нашли мертвым,Конфликты
В ГД рассказали о праве россиян продавать свой урожай без налогов,Экономика
Найден способ для улучшения растворимости твердых лекарств,Политика
Эксперт Арамилев: амурский тигр успешно охотится лишь в 20% случаев,Политика
Наехавшему на пешеходов в Лондоне уроженцу Сомали предъявили обвинения,Политика
ЛДПР предложила включить поддержку ветеранов СВО в перечень целей волонтерства,Общество
В аэропорту Внуково сняли временные ограничения,Транспорт
В Орловской области отменили ракетную опасность,Конфликты
В Венгрии побит температурный рекорд,Погода
В Ленобласти при аварийной посадке сверхлегкого самолета погиб человек,ЧП
В ГД предложили снизить возраст надбавки к пенсии до 70 лет,Экономика
"На Камчатке завели дело на мать подростка, устроившего ДТП с ребенком",ЧП
Хозяева идут дальше. Канадцы вырвали победу у команды ЮАР в 1/16 финала ЧМ,Спорт
Талалаев назвал катастрофой выступление сборной Уругвая на чемпионате мира,Спорт
В пригороде Харькова произошли взрывы,ЧП
"Потомок Отто фон Бисмарка уверен, что войны России и Европы не будет",Экономика
РСМД: отношения РФ и КНР должны развиваться без оглядки на вторичные санкции,Политика
Аэропорт Внуково принимает и отправляет рейсы по согласованию,Транспорт
В ЕП рассказали об обсуждении нового кредита Украине после 2027 года,Экономика
Пакистан заявил об уничтожении 29 боевиков на границе с Афганистаном,Конфликты
"В ОП предупредили о развитии ""смартфонозависимости""",Политика
"Израиль заявил об уничтожении подземного объекта ""Хезболлах"" на юге Ливана",Политика
Балицкий: отключения электроснабжения затронули значительную часть Запорожья,Политика
"Потомок Отто фон Бисмарка заявил, что НАТО сегодня больше не нужна",Политика
Посольство РФ: признаков размещения ядерной инфраструктуры в Финляндии нет,Политика
FT: восстановление судоходства в Ормузском проливе займет месяцы из-за мин,Политика
Шойгу соберет совещание по планам строительства ГЭС в Сибири,Общество
Дмитриев увязал нехватку энергии в ЕС и Британии с отказом от ресурсов РФ,Политика
Первый серийный беспилотник с отечественным ДВС внесли в реестр Минпромторга,Конфликты
Рядовой Куликов уничтожил прижавший к земле штурмовиков расчет пулемета ВСУ,Конфликты
Трамп назвал коммунизм главной угрозой после мировых войн и терактов 11 сентября,Конфликты
Мишустин и его заместители встретятся с Матвиенко и вице-спикерами Совфеда,Политика
Сборная Канады стала первым участником 1/8 финала чемпионата мира по футболу,Спорт
Военная операция на Украине.,Конфликты
Axios: США и Иран договорились о взаимном прекращении ударов,Конфликты
"Мирошник: конституция Украины спустя 30 лет превратилась в ""ненужную бумажку""",Политика
"NYT: планы по техническим переговорам Ирана и США остаются в силе, несмотря на удары",Конфликты
Кокорин не рассматривает варианты продолжения карьеры в РПЛ,Общество
Президент Республики Корея призвал расследовать выступление сборной на ЧМ,Спорт
Путин сыронизировал над ожиданием в ЕС победы Украины,Политика
SZ: Германия и Польша не могут согласовать формат выплат жертвам нацизма,ЧП
Турция осудила принятие Израилем резолюции о признании геноцида армян,Политика
"Путин сомневается, что европейские лидеры могли ""переубедить"" Трампа в свою пользу",Политика
ВС РФ уничтожили боевую бронированную машину ВСУ в районе Краматорска,Конфликты
ВС РФ уничтожили наземный роботизированный комплекс ВСУ у Кондратовки,Конфликты
Путин: Россия благодарна Лукашенко за посредничество с Киевом,Политика
Путин: Россия готова продолжить обсуждение с США всех модальностей Анкориджа,Политика
Под Петрозаводском в ДТП пострадали четыре человека,ЧП
Путин: РФ ожидает эмиссаров из США после нормализации ситуации вокруг Ирана,Политика
Путин: Лукашенко готов всячески поддерживать решение конфликта на Украине миром,Политика
"Путин: РФ теперь точно знает, что Киев и Запад не собирались выполнять ""Минск-2""",Политика
"Путин: Россия в Анкоридже согласилась на компромиссы, предложенные США",Политика
"Путин сообщил, что Мишустин участвовал в его переговорах с Лукашенко",Политика
Путин: в Анкоридже действительно не было никаких договоренностей,Политика
Путин: ВС РФ стоят в 2-4 км к западу от Купянска,Политика
"Путин прокомментировал ""окрики Киева"" в адрес Белоруссии",Политика
Путин: у ВСУ нет подготовленной обороны за Добропольем,Конфликты
Путин: под контролем ВС РФ находится 96% Константиновки,Политика
Путин: у России нет претензий на Сумскую область,Политика
Путин заявил о необходимости наращивать производство и поставки средств ПВО,Конфликты
"Путин: ВС РФ осталось до Сум 10,5 км",Политика
Путин: РФ внимательно относится к каждому поступающему предложению по Украине,Политика
Путин: ВС РФ действуют активно и решительно на сумском направлении,Политика
Путин: Россию в Анкоридже просили пойти на компромиссы,Политика
Путин: ВС РФ хорошим темпом двигаются к Славянску,Политика
Путин: на саммите в Анкоридже не подписывались документы,Политика
«Поколение с блестящей экономической интуицией»Зумеры сходят с ума по нишевым брендам и винтажу. Как они к этому пришли?,Политика
«Россия точно отыщет резервы»Битва за Донбасс перешла в решающую фазу. Каковы позиции сторон и их шансы на прорыв?,Политика
"«Корова привязана, а рядом Lamborghini»Индийцы обожают русских. Как Индия становится для них вторым домом",Политика
"«В них сила, красота и мудрость русской женщины»Мастерица из Кузбасса создает необычные кокошники. Почему все в восторге от них?",Культура
В Европе поставили больше 60 рекордов жары,Экономика
Сборная Канады обыграла команду ЮАР и вышла в 1/8 финала ЧМ-2026,Спорт
В Москве оценили масштабы прошедших ливней,Политика
29 июня: какой праздник отмечают в России и мире,Общество
Путин назвал причину переноса переговоров по Украине в Стамбул,Политика
Путин рассказал об уничтожении украинских диверсантов,Политика
Раскрыт неожиданный способ защитить мозг от деменции,Политика
Мужчина с самым маленьким пенисом стал собирать деньги на его увеличение,Спорт
Посольство России высказалось о размещении ядерного оружия в Финляндии,Политика
Стало известно о договоренности США и Ирана о прекращении ударов,Конфликты
"Путин назвал главную задачу спецоперации. Что сказал президент о ходе СВО, новых предложениях по Украине и встрече в Анкоридже?",Политика
Первый оргазм обошелся девушке в 10 тысяч долларов,Экономика
Потомок Бисмарка заявил о ненужности НАТО,Политика
Стало известно об интересе украинцев к российскому гражданству,Политика
США задумали массово производить ракеты по системе «Макдоналдса»,Политика
В сети восхитились внешностью возлюбленной Ди Каприо на фото с голой грудью,Общество
В Евросоюзе начали обсуждать выделение нового кредита Украине после 2027 года,Экономика
Польша вновь потребовала репарации от Германии,Политика
Европе припомнили отказ от российской энергии на фоне рекордной жары,Экономика
Трамп назвал коммунизм величайшей угрозой США,Политика
В Раде раскрыли способ переизбрать Зеленского,Политика
Samsung подняла цены на дешевый смартфон,Политика
Тюремная медсестра занялась сексом с заключенным и сняла это на видео,ЧП
Мирошник заявил о превращении конституции Украины в ненужную бумажку,Политика
Потомок Бисмарка оценил вероятность войны России и Европы,Экономика
"«Господи, что это?»Журналистка из Британии узнала правду об уникальных сиамских близнецах, над которыми проводили опыты в СССР",Политика
"ЗОЖ с вином и шашлыками — мечта миллионов людей. Возможно ли быть здоровым, позволяя себе слабости?",ЧП
Вора в законе Вагона считали в США лидером русской мафии.Как он заслужил авторитет и почему его смерть оставила много вопросов?,Политика
"«Я жила как запуганный зверек»Девочку в 9 лет выдали замуж. Как ее жизнь превратилась в ад, а история побега поразила мир?",Культура
28 июня: какой праздник отмечают в России и мире,Общество
Стало известно о больших потерях ВСУ в Сумской области,Конфликты
Назван фаворит матча ЧМ-2026 Хорватия — Гана,Спорт
Известного футболиста обвинили в изнасиловании,Спорт
Модрич обошел Марадону по одному показателю,Политика
Кадыров заявил о захвате двух колумбийских наемников в зоне СВО,Конфликты
Раскрыто имя секретного гостя на празднике «Алые паруса»,Общество
Журналист из США высказался об «Алых парусах»,Политика
В Венесуэле спустя 70 часов после землетрясения спасли ребенка,ЧП
США нанесли удары по Ирану в районе Ормузского пролива,Конфликты
Бриг «Россия» под алыми парусами проплыл по Неве,Политика
Военные самолеты США начали кружить у границ одной страны,Транспорт
В США заявили о завершении операции по нанесению ударов по Ирану,Конфликты
В России высказались о будущем британской поддержки Украины после смены премьера,Культура
Англия одержала уверенную победу над Панамой в матче ЧМ-2026,Спорт
Гутерришу предрекли президентство в одной европейской стране,Экономика
Сборная Хорватии обыграла Гану в матче ЧМ-2026,Спорт
Жителей Киева предупредили о необратимом периоде лета,Общество
Биолог сообщил о возможных последствиях укуса комара,Политика
США нанесли удары по Ирану в районе Ормузского пролива в ответ на нарушения перемирия. Какие цели атаковал Вашингтон?,Конфликты
ВС России атаковали Киев ракетами,Конфликты
Трамп пригрозил уничтожить Иран,Политика
Хинштейн рассказал о пытках над освобожденными из плена жителями Курской области,Общество
"«Когда видишь их, осознаешь величие природы»Лето — время наблюдения за китами. Где в России можно встретить этих морских гигантов?",Общество
"Генсек, генерал и новые русские.Они рвались к власти в 1990-е. Кто пытался обойти Ельцина на выборах президента?",Политика
Лидер культа мужской красоты бил себя по лицу молотком и увеличивал пенис грузами.Но ему все равно отказывают женщины,Общество
«Я пожму руку и дьяволу»Утонувшие в Великой депрессии американцы помогли Сталину создать советскую промышленность. Как это было?,Культура
Франция и Норвегия вышли в плей-офф чемпионата мира,Спорт
27 июня: какой праздник отмечают в России и мире,Общество
«Никаких шансов на успех». ВСУ готовят новые подразделения и говорят о расширении фронта. Стоит ли ждать нового наступления?,Конфликты
Открытки с Днем молодежи в 2026 году:90+ картинок и поздравлений,Общество
"День молодежи в 2026 году: история и традиции, как отмечают праздник",Общество
«Алые паруса» в 2026 году: программа мероприятий и ограничения в Санкт-Петербурге,Культура
Стало известно о появлении у российских военных нового ударного дрона,Конфликты
В Иране отреагировали на удары США,Конфликты
Путин обратился к школьникам,Политика
Трамп представил дизайн паспорта США со своим портретом,Политика
Жившую среди гор мусора трехлетнюю девочку заели вши,ЧП
В Крыму завершили вывоз детей из «Артека»,Общество
В Британии задались вопросом об Украине,Политика
Вице-президент США пообещал отвечать Ирану «насилием на насилие»,Политика
В МИД России оценили сроки отмены западных санкций,Политика
Дмитриев посчитал убытки простых европейцев из-за действий ЕС,Экономика
Скандалу между Украиной и Польшей нашли объяснение,Политика
Россиянам назвали причины ослабления рубля,Экономика
У любимого лакомства появится новый ГОСТ,Общество
Евродепутат раскрыл отношение коллег к России,Экономика
Нетаньяху сделал новое заявление после заключения соглашение Израиля и Ливана,Политика
Экс-премьера Польши разозлила выходка мэра Львова,Политика
Российская армия устроила ВСУ проблемы с топливом,Конфликты
Раскрыты подробности содержания девочки в «домашнем концлагере»,ЧП
Советник экс-президента Украины возмутился улыбкой жены Зеленского,Политика
Россиян предупредили о новой схеме мошенничества,Общество
Афера на драйве.В Москве автомошенники с безногим каскадером украли 200 миллионов рублей. Как одна ошибка привела их в тюрьму?,Экономика
«О ней попросту забудут»Чем завершатся переговоры о вступлении Украины в ЕС и почему европейцы хотят возобновить диалог с Россией?,Экономика
«Хотела бросить детей в отеле и сбежать». Отпуск с ребенком — это испытание для родителей. Как пережить его и не сойти с ума?,Общество
«Не звони чертовым копам»Вышел второй сезон «Шугара» с Колином Фарреллом. Почему этот сериал все еще неотразим?,Культура
26 июня: какой праздник отмечают в России и мире,Общество
Захарова выступила с обвинением в адрес Киева,Политика
Захарова назвала главное препятствие на пути к миру на Украине,Политика
Россиян предупредили о мошеннической схеме с талонами на бензин,Общество
Открытки на выпускной из старших классов:80+ картинок и поздравлений,Общество
США впервые испытали украинские морские дроны в Тихом океане,Конфликты
На Украине превратили гаубицу «Богдана» в ершик,Политика
Учительницу поймали во время секса с подростком в красной машине,ЧП
Командование ВСУ отказывалось эвакуировать раненых с позиций,ЧП
Рютте решил убедить Трампа в полезности НАТО,Политика
Бастрыкин взял на контроль дело о гибели пациентки в больнице Крыма,Общество
Для российских дронов создали новые легкие боеприпасы,Конфликты
США прекратят предоставлять политическое убежище,Политика
Раскрыт правильный порядок вытирания частей тела после душа,Общество
В Госдуме рассказали о датах ответного визита конгрессменов США,Политика
В МИД России высказались о присутствии НАТО в разных регионах мира,Политика
Херсонская область оказалась обесточена,ЧП
Вэнс рассказал о попытках убедить Трампа изменить цели операции в Иране,Политика
Певица Лиса в нижнем белье попала на обложку Vanity Fair,Культура
«Больше не являются нейтральным посредником». Макрон заявил об изменении роли США в урегулировании на Украине,Политика
Германия и Кот-д'Ивуар вышли в плей-офф чемпионата мира,Спорт
Три московских аэропорта частично прекратили работу,Транспорт
Число регионов со средней пенсией свыше 30 тысяч удвоилось,Экономика
Журналистка рассказала о пытках новобранцев в полку ВСУ «Скала»,Конфликты
Швейцария и Канада вышли в плей-офф чемпионата мира по футболу,Спорт
"«Спасая Бориса», или Специальная предвыборная операция ЦРУ.Как США помогли Ельцину не пустить коммунистов к власти в России?",Политика
«Чувствовал себя непобедимым»Вратари команд-андердогов становятся главными героями ЧМ-2026. Чем они покоряют болельщиков?,Спорт
В кино — «День разоблачения» Стивена Спилберга.Почему возвращение великого режиссера — это лучший блокбастер года?,Культура
"«Это зашло слишком далеко»Угрозы, наркотики и изнасилования: правда о популярном шоу поставила на уши целую страну",Культура
25 июня: какой праздник отмечают в России и мире,Общество
Стало известно об угрожающем одной стране выходе из ЕС при присоединении к нему Украины,Политика
Ученые предупредили об опасности частого приема антибиотиков,Наука
Учителя занялись сексом в школе и попали на видео,Общество
"Трамп восхитился одним решением России, Китая и Турции",Политика
Назван неочевидный признак проблем со сном,Наука
Власти одной страны захотели продать 100 тысяч тонн российской нефти для помощи Киеву,Экономика
В сети восхитились уволенной из-за возраста российской актрисой в бикини,Культура
США протестировали новый летательный аппарат для ядерных испытаний,Конфликты
Россиянам назвали способы экономии топлива,Общество
Прототип европейского скафандра испытали,Экономика
Трамп заявил о непричастности США к ракетному удару по начальной школе в Иране,Конфликты
29-летняя учительница изнасиловала школьника,Общество
Лавров захотел выхода России из ОБСЕ,Политика
В России раскрыли план Европы по украинскому конфликту,Экономика
Жилые многоэтажные дома разрушились от мощного землетрясения,ЧП
Стратегическая ошибка при использовании микроволновки привела к неожиданным последствиям,Общество
У румынско-украинской границы заметили самолет радиолокационного обнаружения НАТО,Транспорт
Имена сотрудников ТЦК начали вносить в список для молитвы за упокой,Политика
Россия и Индонезия захотели вместе развивать переработку минералов,Экономика
Трамп выразил недовольство Европой,Экономика
Названы явные признаки плохого секса,Общество
Бразилия разгромила Шотландию в матче ЧМ-2026,Спорт
Трамп заявил об отсутствии у Ирана планов по введению сборов в Ормузском проливе,Политика
Тиктокерам объявили войну из-за видео про исчезнувшие пенисы,Конфликты
Трамп поглумился над трансгендерами в женском спорте,Политика
«Схема Долиной у нас не работает»Россияне стали чаще покупать жилье в Белоруссии. Чем их привлекает недвижимость соседней страны?,Общество
«К нам относились как к мясу»В России под арестом находятся тысячи бойцов ВСУ. Как они попали в плен и что говорят о своей службе?,Конфликты
"ЧМ-2026 стал скандально дорогим. Пока фанаты жалуются на цены, богачам продают туры за миллионы — с черной икрой и яхтами",Спорт
США отказали Европе в необычной просьбе против России,Экономика
24 июня: какой праздник отмечают в России и мире,Общество
Россиянин дискредитировал ВС РФ надписями на купюрах,Конфликты
Сенат США принял резолюцию о завершении войны с Ираном,Конфликты
В Германии приостановили движение поездов,Транспорт
Военблогер необычно объяснил отсутствие ударов по Банковой,Экономика
Назван повышающий риск рака поджелудочной железы продукт,Наука
Девушка переспала с собственным отцом и родила ему одновременно сына и внука,Общество
Россия увеличила экспорт нефти до рекордного уровня с начала года,Экономика
Раскрыты последствия для Запада в случае столкновения с Россией,ЧП
Сборные Англии и Ганы сыграли вничью в матче ЧМ-2026,Спорт
Врач предупредил о провоцирующей бессонницу летом вечерней привычке,Общество
Внешность дочери Сильвестра Сталлоне в бикини восхитила фанатов,Общество
Министр армии США предложил воспользоваться Украиной и дать для этого военную базу,Конфликты
На Западе назвали «главного управляющего» конфликтом на Украине,Конфликты
Россиянки рассказали о видении идеальной семьи,Общество
Экс-депутат Европарламента сделал печальный вывод о подготовке Латвии к войне,Экономика
Нарколог объяснил феномен долголетия алкоголиков,Наука
Объявлен суровый приговор 26-летней учительнице за изнасилование 15-летнего школьника,Общество
В США удивились «беспрецедентному событию» ВКС России,Конфликты
В МИД отреагировали на поставки обогащенного урана на Украину,Политика
Женщина испугалась лобковых вшей и столкнулась с еще большими неприятностями,Общество
В Европарламенте заговорили о мрачной реальности из-за санкций против России,Экономика
Ким Чен Ын заявил об оснащении флота КНДР ядерным оружием,Политика
«Цели еще не достигнуты»Почему Израиль не готов прекратить войну даже после сделки Ирана с США и что будет с Ближним Востоком?,Конфликты
Начал выходить новый сезон «Дома дракона».Чем обещает удивить набирающий ход приквел «Игры престолов»?,Культура
«Жизнь Лени измеряется миллилитрами питательного раствора»Пятимесячного малыша спасет внутривенное питание. Ему нужна ваша помощь,Общество
В постпредстве России при ООН объяснили незаконное удержание Зеленским власти,Политика
23 июня: какой праздник отмечают в России и мире,Общество
Мирошник объяснил героизацию Зеленским УПА вопреки давлению Польши,Политика
«Русские в некотором смысле и не белые вовсе»Пара из Сибири переехала в Африку помогать детям. Их встретили колдуны и дикие звери,Общество
В России оценили роль Евросоюза в конфликте на Украине,Экономика
Раскрыты подробности о смерти российского туриста в Анталье,ЧП
Народный артист РСФСР Михаил Ножкин умер в возрасте 89 лет,Культура
Найдено природное средство для снижения воспаления кишечника,Наука
Обвиненный в попытке изнасилования мужчина оправдал себя микропенисом,ЧП
В России дали совет Зеленскому и его спонсорам,Политика
Трамп отреагировал на уход Стармера,Политика
В Британии сравнили санкции против России с бумерангом,Политика
Названы приводящие к бессоннице ошибки,Наука
Беременную третьим ребенком Энн Хэтэуэй сняли в бикини на пляже,Общество
У владельца АЗС «Нефтьмагистраль» с бензином за 110 рублей нашли миллиарды,Экономика
Российские силы усилили давление на ВСУ у Красного Лимана,Конфликты
Вице-спикер сената Польши вернул две украинские награды,Политика
В Молдавии исключили вступление в ЕС до 2030 года,Политика
В России заявили о грядущей трансформации высшего образования,Общество
В Испании призвали отменить санкции Евросоюза против России,Политика
Названа причина замалчивания Евросоюзом нацизма на Украине,Экономика
Аналитик оценил возможности США принудить Европу и Украину к миру с Россией,Экономика
Китай увеличит орбитальную станцию Tiangong в два раза,Наука
Переспавшая с тысячей мужчин порномодель рассказала о планах после рождения ребенка,Общество
В России назвали действенный способ пресечения атак украинских дронов,Конфликты
В России выросла средняя пенсия,Экономика
"«22 июня, ровно в четыре часа...»Как Третий рейх напал на СССР: редкие кадры первых дней Великой Отечественной войны",Конфликты
«Горжусь этим решением»На ЧМ-2026 играют семь пар родных братьев. Почему большинство из них выступает за разные сборные?,Спорт
«Германец повторно полез!»85 лет с начала Великой Отечественной войны. Как новость о нападении на СССР шла по стране?,Конфликты
25 лет назад вышел «Форсаж».Как он превратился в одну из самых популярных кинофраншиз современности?,Культура
22 июня: какой праздник отмечают в России и мире,Общество
Бельгия в меньшинстве сыграла вничью с Ираном на ЧМ-2026,Спорт
Назван помогающий замедлить возрастную потерю мышц овощ,Наука
25-летняя учительница занялась сексом с шестью школьниками,Общество
Умер исторический командир Кубинской революции Рамиро Вальдес,Политика
Предупреждение Лаврова о ядерной войне вызвало тревогу на Западе,Конфликты
54-летняя актриса раскрыла секреты фигуры на фото в купальнике,Культура
Мужчины стали чаще просить женщин о крайне болезненной секс-практике,Общество
Готовность Европы завершить конфликт на Украине оценили,Экономика
Кофе оказался опасен в жаркую погоду,Погода
Трамп раскритиковал премьера Мелони из-за Ирана,Культура
Страна Европы предупредила о негативных последствиях новых санкций против России,Экономика
Волошин назвал причину участившихся атак ВСУ на Москву,Конфликты
В Словакии раскрыли финансовые потери при отказе ЕС от российского газа,Экономика
В Турции ответили на вопрос о новых переговорах России и Украины на территории страны,Политика
В МИД России назвали главную задачу нового генсека ООН,Политика
В США рассказали о советском «Граните» для уничтожения авианосцев,Конфликты
«Богиня огня» попыталась сжечь спящих приятелей,ЧП
Супермодель ИИ взломала почти все секретные системы Агентства нацбезопасности США,Наука
Женщина сделала тест на беременность и моментально выгнала своего парня из дома,Общество
Военкор заявил о желании Зеленского взять Крым в заложники,Политика
Названа самая серьезная статья расходов США в войне против Ирана,Конфликты
Названы регионы со средней пенсией неработающих россиян выше 30 тысяч рублей,Экономика
Сексолог оценила эффект от увеличения точки G с помощью инъекций,Общество
"«Падения в ""Яму"" избежать было нельзя»Жизнь самой известной пивной Советского Союза: здесь пили все",Культура
"«Тело движется, но внутри ничего нет. Я умерла давным-давно». Как живут люди с синдромом ходячего трупа и можно ли им помочь?",Наука
"Пакистанцы изнасиловали туристку на глазах у ее детей. Глава полиции заявил, что жертва сама виновата, и страну охватили протесты",ЧП
"«Владимирский централ, Саша Северный»Михаил Круг посвятил ему главную песню. Почему бывший вор в законе сохранил уважение на воле?",Политика
21 июня: какой праздник отмечают в России и мире,Общество
Бензовоз увернулся от дрона ВСУ на российской трассе,Конфликты
Открытки с Днем медика в 2026 году:90+ картинок и поздравлений,Общество
День медицинского работника в России в 2026 году: история и традиции праздника,Общество
Критикуемый европейский лидер приготовился к уходу в отставку,Экономика
Открытки с днем летнего солнцестояния:70+ картинок и поздравлений,Общество
На Западе предрекли неизбежность раскола внутри ЕС,Политика
Преступник с мачете высказался о своем нападении на торговый центр в Краснодаре,ЧП
Миллионы бразильцев проснулись от жуткого сообщения,Общество
Вэнс раскрыл тему предстоящих переговоров США и Ирана,Политика
В Европе нашли замену США,Экономика
В Белоруссии отреагировали на новые угрозы Зеленского,Политика
Одна европейская страна была замечена в схемах поставок оружия ВСУ,Экономика
Германия вырвала победу у Кот-д’Ивуара в матче чемпионата мира,Спорт
Политолог увидел выигрыш России от сделки США и Ирана,Политика
Херсонская область осталась без света,ЧП
Украинский БПЛА атаковал многоквартирный дом в российском регионе,Конфликты
ФСБ опубликовала документы о зверствах немецких нацистов в Старобельске,Культура
В споре Польши и Украины увидели плюс для России,Политика
Раскрыт средний размер пенсии неработающих россиян,Экономика
Премьер Венгрии выдвинул условие для принятия Украины в ЕС,Культура
В Берлине прошла демонстрация за мир с Россией,Политика
Смертельное ДТП произошло в США из-за автопилота в Tesla,ЧП
В России показывают новое «Очень страшное кино».Каким получилось возвращение самой пошлой и самой популярной комедии 2000-х?,Культура
"«Не расхищение, а черный нал»Как противостояние между соратниками Ельцина вылилось в легендарное дело о коробке из-под ксерокса?",Культура
«Самая скандальная девушка страны»Россияне вновь обсуждают Диану Шурыгину. Звезда «Пусть говорят» попала под арест из-за порно,Общество
«Слабое место ИИ — это пользователь»По всему миру компании начали запрещать сотрудникам нейросети. Что их к этому подтолкнуло?,Наука
20 июня: какой праздник отмечают в России и мире,Общество
Трамп потребовал от Европы миллиарды долларов,Экономика
Медведев высказался о лишении Зеленского Ордена Белого орла,Политика
В Белоруссии назвали цель атаки ВСУ на автобус с детьми,Конфликты
Раскрыта причина уничтожения Украиной собственных дронов еще до взлета,Конфликты
Стало известно о планах Рубио посетить Ближний Восток,Политика
Участие Европы в урегулировании на Украине назвали неизбежным,Экономика
Сборная США победила Австралию в матче чемпионата мира,Спорт
Раскрыто состояние госпитализированного Спивакова,Культура
В России оценили угрозы Зеленского в адрес Лукашенко,Политика
Трамп допустил похищение президента Кубы,Политика
Режиссер сериала «Друзья» умер в возрасте 85 лет,Культура
Названа причина отмены переговоров США и Ирана,Политика
В Польше раскрыли способ оставить у Зеленского отобранный орден,Политика
Стала известна деталь об участниках подрыва «Северных потоков»,Общество
Стало известно о возможной отставке Стармера в ближайшие дни,Политика
Онищенко рассказал о целях американских лабораторий на Украине,Наука
Успехи Российской армии назвали унижением для Украины,Конфликты
В России пообещали сократить периоды отключения горячей воды,Общество
Макрон рассказал о настрое Трампа «сдать» Украину в Анкоридже из-за веры в крах Киева,Политика
На Украине допустили вторжение Зеленского в Белоруссию,Политика
Молдавию обвинили в незаконном удержании россиянина в аэропорту Кишинева,Транспорт
Решение Мадьяра по Украине назвали ударом для Киева,Конфликты
В ЕС поразились словам Каллас о России,Политика
Стали известны представители США на переговорах с Ираном в Швейцарии,Политика
«Это срез русской глубинки»Магия и волшебство вятской земли в работах Наташи Лозинской. Чем они поражают?,Культура
«Это было жутко и неприятно». Вьетнам — одно из главных мест отдыха россиян. Чем он может разочаровать?,Общество
Раскрыта личность организатора атаки БПЛА на Белый дом,Конфликты
«Эта помощь граничит с преступлением»Россиянам в сети предлагают услуги крышевания. Как устроен бизнес силового решения вопросов?,Общество
19 июня: какой праздник отмечают в России и мире,Общество
Лавров высказался о серьезной угрозе ядерных ударов между Россией и НАТО,Политика
Лавров назвал реальную цель Европы в переговорах по Украине,Политика
Лавров оценил опыт России в переговорах с Европой,Политика
Лавров назвал необходимые требования для переговоров России и Европы,Политика
Лавров оценил вклад Европы в разжигание украинского кризиса,Экономика
Уничтожение украинской электроподстанции «Геранями» сняли на видео,Конфликты
Россиянам назвали пять необходимых перед ремонтом телефона действий,Общество
"Россиянин поставил на гол Англии на ЧМ-2026 и выиграл 6,5 миллиона рублей",Экономика
Оперштаб Кубани высказался о загрязнении Черного моря,ЧП
Греция предупредила Зеленского после инцидента с морским дроном,Конфликты
Скандальная порнозвезда рассказала об отношении бойфренда к ее работе,Общество
Назван способ свести к нулю риск смерти от опасного вида рака,Наука
Лавров рассказал о «лицемерии» ЕС в вопросе переговоров,Политика
В США в отеле с фанатами сборной Шотландии произошла стрельба,Спорт
Президент Литвы предостерег Евросоюз от спешки в переговорах с Россией,Политика
Лавров высказался об экспансии Запада,Политика
23-летняя девушка пожаловалась на пикантную проблему во время орального секса,Общество
Мадьяр сделал тревожное для Зеленского заявление об Украине,Политика
Неизвестный открыл огонь в центре Нью-Йорка,ЧП
Хегсет резко высказался в адрес союзников США по НАТО,Политика
Лавров высказался о достижении целей СВО,Политика
Зеленский встретился с премьером Словакии,Культура
Мадьяр рассказал о принятом в последний момент решении по Украине,Политика
Бывшая жена банкира Бородина полуголой снялась для обложки Vogue,Экономика
«Девочка до последнего держала своего брата»Двухметровые волны сутки убивали детей одного за другим. 10 лет трагедии на Сямозере,ЧП
«У него нет принципов»30 лет назад Биньямин Нетаньяху впервые стал премьером Израиля. Как ему удается сохранить власть?,Культура
Сериал «Бухта вдов» — самый неожиданный хит сезона.За что этот необычный хоррор о проклятом острове полюбили зрители всего мира?,Культура
Электрический спортсмен.В России начались продажи одного из самых быстрых электромобилей — Avatr 12: тест-драйв «Ленты.ру»,Спорт
18 июня: какой праздник отмечают в России и мире,Общество
«Он останется на стороне Украины». Трамп пригрозил новыми санкциями России и задумался о помощи Украине. Чего он добивается?,Политика
Зеленский рассказал о важном разговоре с Трампом,Политика
В Иране раскрыли детали меморандума с Вашингтоном,Общество
Британия крупно оштрафовала американскую компанию за нарушение санкций против России,Политика
Петербургского миллиардера отправили в СИЗО,ЧП
Назван способ снизить риск рака в пожилом возрасте,Наука
Любовники занялись сексом перед тысячами людей,Общество
Посадка подавшего сигнал бедствия пассажирского лайнера попала на видео,ЧП
США и Иран удаленно подписали меморандум о взаимопонимании,Политика
Зеленский попытался поцеловать премьера страны ЕС и оконфузился,Культура
Иран предупредил США о последствиях одного опрометчивого шага,Политика
Найдено объяснение возникновению ощущения падения при засыпании,Наука
Сборная Англии обыграла Хорватию на ЧМ-2026,Спорт
Дочь Дольфа Лундгрена обнажила ягодицы на теннисном корте и вызвала ажиотаж в сети,Спорт
В ООН отреагировали на удар ВСУ по автобусу с детьми в Брянской области,Конфликты
В ОДКБ осудили атаку ВСУ на автобус с детьми под Брянском,Конфликты
В России сообщили о попытках Украины дестабилизировать обстановку на границе с Белоруссией,Политика
В МИД отреагировали на предложения Украины о переговорах,Политика
В Киеве прозвучали взрывы,ЧП
Секретный документ с подписью Сталина продали на аукционе в США,Культура
Королеву красоты объявили одержимой дьяволом из-за утробного рычания,Общество
В России рассказали о вооруженном «до зубов» «Обманщике»,Конфликты
Трамп и Макрон поборолись на руках,Политика
На Западе заявили о переломной ситуации в зоне СВО на фоне саммита G7,Политика
Парень жестоко проучил болтавшую в кинотеатре женщину,Культура
В Москву массово приехали китайские прокуроры,Политика
Чемпионы страз и леопардовых принтов.Как футболисты удивляют фанатов своим внешним видом на ЧМ-2026 в Америке,Спорт
В Ираке сдвинули начало рабочего дня из-за матча сборной на ЧМ-2026,Спорт
«У картелей есть преимущество»Как наемники ВСУ научили латиноамериканские банды дроновой войне и чем это угрожает ЧМ по футболу?,Конфликты
В кино — «Властелины вселенной».Новая версия культового фэнтези стоила 200 миллионов долларов. Чем она удивляет?,Культура
17 июня: какой праздник отмечают в России и мире,Общество
Сборная Франции с победы стартовала на ЧМ-2026,Спорт
Эффективность народных методов борьбы с вредителями на даче оценили,Общество
Ульянов прокомментировал слова командующего люфтваффе об ударах по Калининграду,Конфликты
Мбаппе стал самым результативным футболистом в истории сборной Франции,Спорт
«Калашников» покажет используемые в зоне СВО СВ-98 в Минске,Конфликты
Женщина отказалась от карьеры в крупной компании и стала БДСМ-госпожой по одной причине,Общество
Россиян предостерегли от встреч с лисами,Общество
«Это противоречит принципам ЕС». Европа захотела запретить въезд всем участникам СВО. Почему это невыполнимо?,Экономика
В Евросоюзе вступил в силу первый этап запрета на трубопроводный газ из России,Экономика
В США заблокировали попытку ограничить полномочия Трампа в отношении Ирана,Политика
В России высказались о посреднической роли ООН в урегулировании конфликта на Украине,Конфликты
Раскрыты планы Путина на саммит Россия — АСЕАН,Политика
Сексолог объяснила появление хлюпающих звуков во время секса,Общество
Вэнс рассказал о нехватке боеприпасов для отправки Украине,Политика
В Британии заявили о политической изоляции Каллас,Политика
Отец убитого военного ВСУ рассказал о боях-онлайн и ставках на смерть,Экономика
В сети появились снимки 53-летней Гвинет Пэлтроу в крошечном бикини без фотошопа,Общество
Елисейский дворец опубликовал видео с саммита G7 под российскую песню,Политика
На Западе назвали саммит G7 саммитом лузеров,Политика
Главного финансиста МЧС России отправили под домашний арест,Экономика
Привычный напиток связали со снижением риска смерти,Наука
Замужняя судья попала под следствие за шумный секс с женатым полицейским в своем кабинете,ЧП
В Белоруссии установили личности более 40 погибших  «Полка Калиновского»,ЧП
Девушка приревновала мужа к собственной сестре по неожиданной причине,Общество
«Это нереально»Как блогер за пару дней сделал из заурядного футболиста сборной Новой Зеландии мировую звезду,Спорт
«Вначале я летела камнем вниз»88-летняя россиянка летает на параплане и прыгает с парашютом,Общество
"Любовные таблетки, секс с роботами и поиск партнеров по ДНК. Как уже в ближайшее время изменятся романтические отношения?",Культура
В российском городе загорелись отделения банков,Экономика
16 июня: какой праздник отмечают в России и мире,Общество
Появились подробности поджогов банкоматов в Туле,Экономика
Украина согласилась выполнить все условия вступления в ЕС,Политика
Раскрыты повышающие риск воспаления кишечника продукты,Наука
Мужчина заклеил себе пенис суперклеем,ЧП
Стало известно о регулярном заходе заминированных судов в российские порты,Конфликты
Мирошник заявил о планах Европы сорвать переговоры по Украине,Экономика
Лукашенко предрек поражение Украине после потери Донбасса,Политика
Росавиация дала рекомендации для сверхлегких самолетов при атаках БПЛА,Транспорт
Популярная модель уменьшила грудь и нарвалась на критику мужчин,Общество
Врач назвала делающий восьмичасовой сон вредным фактор,Общество
Названы сроки разминирования Ормузского пролива,Политика
В США предрекли победу России в конфликте на Украине,Конфликты
В Евросоюзе пообещали «больно кусать» некоторые страны,Экономика
Трамп сделал новое заявление об урегулировании на Украине,Политика
Умер создатель советского синтезатора «Поливокс»,Культура
Названо число погибших при крушении бомбардировщика в США,ЧП
В Венгрии напомнили о невозможности возвращения Орбана в кресло премьера,Культура
Франция скопировала российские «мангалы»,Конфликты
Учительница два года насиловала 14-летнего школьника,Общество
Силовики заявили о пропаже обслуживающих самолеты ВСУ техников,Транспорт
Девушка элегантно отомстила грубой и высокомерной начальнице за хамство,Общество
Подозреваемый в поджоге отделений банков в Туле объяснил свой поступок,Экономика
Ельцин против всех.30 лет назад в России прошли самые странные президентские выборы в истории. Как Ельцин всех переиграл?,Политика
«Мусорный апокалипсис на каждом углу». Россияне приезжают в Индию и испытывают культурный шок. Что их поражает?,Общество
Толпа киевлян вышла против ТЦК из-за насильственной мобилизации. Прохожие заступились за парня и устроили потасовку с военкомами,Конфликты
Иран объявил «час Х»,Политика
15 июня: какой праздник отмечают в России и мире,Общество
В Одессе при попытке запуска взорвались боевые ракеты,Конфликты
Пакистан заявил о достижении соглашения между США и Ираном,Политика
Нетаньяху захотел срочно встретиться с Трампом из-за Ирана,Политика
Названа причина повышенного риска смерти от рака мозга,Наука
Учительница христианской школы изнасиловала 15-летнего ученика в доме его тети,Наука
Врио главы Белгородской области раскрыл послание Путина в день назначения,Политика
В Европе словом «безумие» ответили на предложение Зеленского,Экономика
Раскрыты подробности бунта киевлян против ТЦК,Политика
Трамп объявил о мире с Ираном,Политика
Трамп распорядился снять блокаду Ирана,Политика
Сборная Нидерландов сыграла вничью с Японией на старте чемпионата мира,Спорт
На Украине назвали потенциальные цели ближайших российских ударов,Конфликты
54-летняя Кармен Электра порадовала фанатов снимками без штанов,Общество
Раскрыто неожиданное сексуальное предпочтение зумеров,Общество
Иран подтвердил завершение работы над меморандумом с США,Политика
Названо число уничтоженных за неделю над территорией России беспилотников,Конфликты
Россиянам напомнили о двух коротких рабочих неделях в 2026 году,Общество
Тренер пообещал школьнице звездную карьеру и три года насиловал ее,Спорт
Вэнс раскрыл детали сделки США и Ирана,Общество
Военкоры сообщили о начале массированной ракетно-дроновой атаки по Украине,Конфликты
В США предупредили об опасной ситуации из-за отношения Запада к России,Политика
«Зрелище было жуткое»Как советский врач взорвал пассажирский автобус из-за ненависти к людям высокого роста,Транспорт
"«Мой поезд ушел, но сил подбросить угля найду»Александру Сокурову — 75 лет. Почему его называют самым важным режиссером России?",Транспорт
"«Вот это — курок, это — ствол, а это — мой сын»Федор Токарев создавал лучшее оружие. Почему за ним охотились даже немцы?",Культура
Огонь по своим.Что такое «дружеская бомбардировка» в отношениях и чем она может быть опасна?,Общество
14 июня: какой праздник отмечают в России и мире,Общество
Сборная Катара вырвала ничью у Швейцарии на старте чемпионата мира,Спорт
Зеленский оценил возможность Европы противостоять России без Украины,Экономика
Трамп анонсировал новую дату подписания соглашения с Ираном. Президент США обещал заключить сделку уже 37 раз,Политика
На Украине неизвестные открыли огонь по прохожим,ЧП
Физик рассказал о правилах поведения при виде шаровой молнии,Наука
В Израиле назвали плохим соглашение США и Ирана,Политика
В одной стране рассказали о планах по закупке дизеля из России,Политика
В МИД оценили вероятность встречи Путина и Трампа на саммите АТЭС,Политика
В США и Канаде начали набирать обороты сепаратистские инициативы,Политика
Херсонская область оказалась полностью обесточена,ЧП
Украине предсказали сложный и долгий процесс вступления в ЕС,Политика
Россиянам напомнили дату ближайшего нерабочего буднего дня,Общество
В ВСУ пожаловались на подход Сырского к формированию подразделений,Конфликты
В России предложили увеличить выплаты за сдачу крови,Общество
В США назвали удар ВСУ по Старобельску целенаправленным решением,Конфликты
Раскрыт самый выгодный срок вклада в июне,Экономика
На Западе предсказали полный крах Евросоюза при одном условии,Экономика
В МИД пообещали ответить на посягательства Польши на дипнедвижимость,Политика
В Британии предупредили о генеральной репетиции новой пандемии,Наука
В Германии назвали утопией переговоры о вступлении Украины и Молдавии в ЕС,Политика
Генерал ВСУ предрек взятие под контроль российских войск Краматорска без боя,Конфликты
В России указали на недовольство поляков маниакальной поддержкой Украины со стороны власти,Политика
Сторонники туалетной бумаги и биде разругались из-за интимной гигиены. Точку в этом споре поставили врачи,Общество
"Кости настоящего д'Артаньяна стали причиной скандала в Европе.Объявившего о сенсации ученого ждал арест, обыски и уголовное дело",Наука
Вор в законе Боец поднял бунт в колонии и зашил себе рот.Почему о его стойкости ходили легенды?,Политика
Кадыров пошутил про западные санкции и свою кошку,Политика
Сборная Канады сыграла вничью с Боснией и Герцеговиной на старте чемпионата мира,Спорт
13 июня: какой праздник отмечают в России и мире,Общество
Европа потребовала от одной страны ввести визы для россиян,Экономика
Госсекретарь США поздравил россиян с Днем России,Политика
Россиянин спрятал кокаин в партию мороженого тунца,Политика
Бузова вышла на связь после операции,Культура
В Иране сообщили о предупредительном выстреле в сторону Ормузского пролива,Конфликты
Президент европейской страны призвал возобновить диалог с Россией,Экономика
Мерц рассмешил членов партии АдГ заявлением по Украине,Политика
Россиян предупредили о рисках посещения Чили,Общество
На Западе раскрыли план Европы по украинскому конфликту,Экономика
Стало известно о требовании Европы к одной стране ввести визы для россиян,Экономика
В Армении задержали призывавшего к ударам по России блогера,Конфликты
Иран раскрыл ключевые положения соглашения с США,Политика
Дмитриев призвал «Википедию» исправить статью о биолабораториях на Украине,Политика
ФИФА ответила на обвинения в завышении посещаемости матча чемпионата мира,Спорт
В США допустили затягивание конфликта из-за одной просьбы Зеленского,Конфликты
Спортивный магазин в западной стране выпустил кепки с надписью «Russia» на ЧМ,Спорт
США заявили о поддержке биолабораторий на Украине. Россия подозревала о них несколько лет. Как Москва отреагировала на признание?,Политика
В США рассказали о пресечении Трампом наземной операции в Иране,Политика
Неожиданную причину появления головных болей из-за новолуния объяснили,Наука
Раскрыта причина отказа Европы от предложения Путина о переговорах по Украине,Политика
«Не можешь идти — наступай лежа»Корреспондент «Ленты.ру» стал свидетелем атаки ВСУ на передовой. Как спасали раненых бойцов?,Конфликты
«Это будет сенсация века»Звезда журналистики вышла на след убийц Кеннеди и погибла при загадочных обстоятельствах. Что она знала?,ЧП
«Эти ощущения не описать словами». Россияне полюбили отели-тюрьмы. Кого это привлекает и сколько готовы платить за ночь на нарах?,Общество
12 июня: какой праздник отмечают в России и мире,Общество
На Украине приготовились к прилету нового «Орешника»,Политика
Мексика обыграла ЮАР в матче открытия чемпионата мира-2026 с тремя удалениями,Спорт
День России в 2026 году: история и традиции праздника,Общество
"С праздником, любимая страна! Открытки с Днем России:150+ картинок и поздравлений",Общество
В Пентагоне высказались о проблемах с качеством воздуха в штаб-квартире,Политика
Евродепутат резко высказалась о запрете на въезд россиян в ЕС,Экономика
Чемпионат мира-2026 начался. Мексика разгромила ЮАР в матче с тремя удалениями,Спорт
В Иране прокомментировали заявление Трампа о завершении конфликта,Конфликты
Задержанной из-за наркотиков звезде «Великолепного века» предрекли большой тюремный срок,Политика
В МИД ответили на вопрос о приглашении Путина на саммит G20 в США,Политика
На Западе рассказали об изменившемся отношении к Зеленскому,Политика
Раскрыты пожелания Ким Чен Ына народу России,Политика
ВСУ убили из артиллерии директора российского заповедника,Конфликты
«Радио Судного дня» сообщило об изоляторном негоцианте,Общество
Зеленский поговорил о культуре с военными геями,Политика
Российский подросток пропал второй раз за месяц после возвращения домой,Политика
Илон Маск стал первым в истории триллионером,Спорт
«Мы достигли отличных договоренностей». Трамп заявил о скором завершении войны с Ираном,Конфликты
"Как отдыхаем в июне 2026 года:выходной на День России, рабочие и праздничные дни в июне",Культура
Предлагавший вернуть Россию в G7 стал главой Минобороны Британии,Политика
«Возрождение интереса к атомной энергетике неизбежно»В мире снова начнут массово строить АЭС. Победит ли Россия в этой гонке?,Культура
«Общество расколото»Почему Пашинян смог удержать власть и чем итоги парламентских выборов в Армении важны для России?,Политика
В кино — «Холоп 3».Чем закончилась собравшая миллиарды рублей трилогия о перевоспитании простого русского мажора?,Культура
"1,7 тысячи полицейских отправят на открытие чемпионата мира по футболу",Спорт
11 июня: какой праздник отмечают в России и мире,Общество
На дне Индийского океана обнаружили крупнейшее кладбище китов,Политика
Билл Гейтс сделал заявление о преступлениях Эпштейна,Политика
Глава Севастополя призвал не стоять в очередях за бензином,Политика
В Иране заявили о готовности нанести ответные удары США,Конфликты
Мошенники начали заманивать россиян фейковыми оповещениями об атаках БПЛА,Конфликты
МИД Украины отверг заявления об отказе Зеленского лететь через Польшу из-за скандала,Политика
Шеф Пентагона допустил похищение президента одной страны,Политика
В России начался сокращенный на час рабочий день,Политика
Глава делегации России назвала главных спонсоров убийства мирных россиян,Политика
Разработан способ диагностики рака мозга за считаные минуты,Наука
Голые женщина и мужчина пробежали на глазах у десятков прохожих и скрылись от полиции,ЧП
В США прокомментировали ситуацию с Ормузским проливом,Политика
США начали наносить дополнительные удары по целям в Иране,Конфликты
В иранской провинции сработала система ПВО,Конфликты
Названы доступные без специальной подготовки позы из «Камасутры»,Политика
Певица Кеша в прозрачном наряде и с обнаженной грудью попала в объективы папарацци,Культура
На Украине заявили о критической ситуации из-за ударов по Одесской области,Конфликты
Поддерживающего Россию журналиста внесли в стоп-лист в США,Политика
Самолет Зеленского вернулся в Польшу после полетов в обход страны. Глава Украины летал через Молдавию после скандала с Варшавой,Транспорт
Стало известно о боях США и Ирана в Персидском заливе,Политика
На подлете к Москве сбили беспилотники,Конфликты
Бывший глава МИД Украины отреагировал на слова Зеленского о переломном моменте,Политика
В Германии назвали кандидата на роль переговорщика с Россией,Политика
«Наш генофонд просто исчезает»Как россиянки пытаются забеременеть от погибших на СВО мужей с помощью замороженной спермы,ЧП
Роскошная свадьба Дуа Липы парализовала Палермо и вызвала волну протестов. Что творилось на торжестве за два миллиона долларов?,Экономика
"«Чем мы все это заслужили?»Маньяк, вендетта и Хавьер Бардем в сериале «Мыс страха». Почему от него невозможно оторваться?",Культура
10 июня: какой праздник отмечают в России и мире,Общество
«Атлетико» отказался продавать «Реалу» футболиста за 150 миллионов евро,Спорт
Названы неожиданные факторы риска развития диабета,Политика
Сотрудники салона красоты занялись сексом на глазах у десятков людей,ЧП
США начали наносить удары по Ирану,Конфликты
Судьи Румынии сообщили о попытках политиков подчинить правосудие,Политика
«Бенфика» объявила о выкупе Моуринью «Реалом» за 15 миллионов евро,Экономика
Более 10 человек погибли в результате удара Израиля по Ливану,ЧП
Немецкий журналист раскритиковал Каллас после ее заявлений про Россию,Политика
Бойцов ВСУ предупредили о новой хитрости российских БПЛА фразой «будет стоить вам жизни»,Конфликты
Женщинам рассказали о правилах близости с партнером с большим пенисом,Общество
В иранском портовом городе прозвучали взрывы,ЧП
Кайли Дженнер в расстегнутых джинсах анонсировала новую коллекцию модного бренда,Политика
На Украине начали задерживать выдачу загранпаспортов,Политика
В Дагестане рядом с АЗС произошло три взрыва газовой трубы. Местных жителей экстренно эвакуировали. Что известно о происшествии?,ЧП
Британия поможет Украине создать европейскую альтернативу Patriot,Экономика
В Иране предупредили об ответе на удары США,Конфликты
Американский чиновник сделал заявление об ударах США по Ирану,Конфликты
На Западе увидели отработку Россией ударов по НАТО,Конфликты
Названы типичные просьбы мужчин с маленькими пенисами,Общество
Названы цели новых ударов США по Ирану,Конфликты
Риттер раскрыл мотив Европы выдумывать войну с Россией,Экономика
Жених накануне свадьбы шокировал невесту неожиданной просьбой,Политика
В Дагестане опровергли сообщения о подрыве магистрального газопровода,Транспорт
Просыпающимся в три часа ночи людям подсказали способ снова уснуть,ЧП
"«Это редкая эстетика». В соцсетях полюбили, а потом возненавидели нишевых. Кто это такие и почему все их обсуждают?",Культура
"Норвегия, Сенегал или Япония. Кто может удивить на ЧМ-2026?Фавориты известны, но на мундиале всегда есть место сенсациям",Спорт
Россия начала охоту за подразделениями БПЛА Украины.Как страна противостоит беспилотникам Киева?,Конфликты
"«Горб все растет, мне уже трудно дышать»Ульяну спасет срочная операция на позвоночнике. Нужна наша помощь",Общество
9 июня: какой праздник отмечают в России и мире,Общество
Петербурженка перестала выходить на связь после взрыва у вокзала,Транспорт
Перечислены особенно полезные для сердца продукты,Наука
Переспавшая с тысячей мужчин порнозвезда рассказала о непростом будущем своего ребенка,Общество
Евродепутат возмутился реакцией ЕС на удар ВСУ по Старобельску,Конфликты
Медиаэксперт рассказала об особенностях мозга педофилов,Общество
Евродепутат заявил об исчезновении препятствия для быстрого принятия санкций против России,Экономика
Женщин предупредили об испорченном сексе из-за одной ошибки в душе,Общество
В сети обсудили снимок Ким Кардашьян в откровенном наряде на «Формуле 1» без фотошопа,Общество
В США призвали понять один факт о НАТО,Политика
В Германии раскрыли план Зеленского с письмом Путину,Политика
Выдавший ордер на «арест» Путина прокурор МУС отстранен от должности,Политика
В Германии назвали катастрофой слова президента Финляндии о России,Политика
Миллионы любителей популярной игры неосознанно помогли военным США,Культура
На Западе объяснили появление боеприпасов Bolt у границ НАТО с Россией,Политика
Скандальная порнозвезда устроила смертельное ДТП,ЧП
Россия поразила в Киеве 10 предприятий по выпуску военной продукции,Политика
В США рассказали о войне за «труп Украины»,Конфликты
В России напомнили Британии известную поговорку из-за срыва переговоров по Украине,Политика
Девушка неожиданно рассталась с бойфрендом после одной перемены в жизни его сестры,Общество
В Польше отказались быть «дешевой проституткой» для Украины,Политика
Женщинам раскрыли правила секса с партнером с толстым пенисом,Политика
Выдавшего ордер на «арест» Путина прокурора МУС отстранили от должности. В чем его обвиняют?,Политика
Минпросвещения высказалось о смене сроков обучения в школе,Общество
В ЕС раскрыли проблему с переговорщиком с Россией,Политика
ЦИК Армении опубликовал первые итоги голосования,Политика
«Это броня». Спасением от происходящей вокруг жестокости может стать вычурный стиль и дурацкие хобби. Как это работает?,Политика
Вора в законе Гули называли главным мафиози Азербайджана.Как он стал самым опасным авторитетом 2010-х и кто заказал его убийство?,Политика
«Работы на высоте все равно выполняет человек»На стройках жилья нужны люди. На каких работников сейчас самый высокий спрос?,Общество
ВСУ прицельно ударили по двум подросткам на велосипедах в российском регионе,Конфликты
8 июня: какой праздник отмечают в России и мире,Общество
Теннисист Зверев назвал необычную причину победы в «Ролан Гаррос»,Спорт
Часть Белгорода осталась без воды и света,ЧП
ВСУ выпустили беспилотники по Севастополю,Конфликты
Названа способная снижать воспаление в печени диета,Политика
142-сантиметровая модель OnlyFans и пауэрлифтерша пожаловалась на мужчин,Общество
Стало известно о желании Украины притормозить ресурсную сделку с США,Политика
В Германии пожаловались на большие расходы на Украину,Политика
У границ России начнутся масштабные учения НАТО,Наука
Мужчины вспомнили о глупых и при этом сработавших намеках на секс,Общество
Лидеры «евротройки» выпустили неожиданное заявление о переговорах с Россией,Экономика
Звезда «Очень страшного кино» в прозрачном наряде и без трусов снялась для журнала,Культура
В России началась короткая рабочая неделя,Политика
Трамп выступил с заявлением после атаки Ирана по Израилю,Конфликты
"Макрон, Мерц и Стармер назвали условия для мира на Украине",Политика
Трамп заявил об отсутствии выбора у Нетаньяху,Политика
Назван способ вернуть меню «Пуск» в Windows,Политика
Незнакомец в полночь разрезал ножом палатку и похитил двух туристок,Общество
В США указали Зеленскому на ошибку в обращении к Путину,Политика
Запад призвали обратить внимание на обращение Путина к военным,Политика
Отец Маска нелицеприятно охарактеризовал поддерживающих Украину политиков из США и Европы,Экономика
СССР отправляет первую женщину на Луну.Чем удивляет альтернативная история в новом американском сериале «Звездный городок»?,Культура
"«Это самый плохой сценарий»Бывший президент Молдавии — об объединении с Румынией, провокациях ВСУ и судьбе Приднестровья",Культура
«Это что-то первобытное»Фетиш на облизывание подмышек стал одним из главных секс-трендов года. Откуда он взялся и кого привлекает?,Политика
УЕФА продлил отстранение российских клубов,Спорт
7 июня: какой праздник отмечают в России и мире,Общество
Рудковская упала в обморок на музыкальной премии,Политика
Захарова поинтересовалась о планах Румынии закрыть представительство Украины,Политика
Назван фаворит финальной серии сезона в НБА,Наука
Додик заявил о превращении Евросоюза в военный блок,Экономика
Страны Евросоюза захотели ввести новые санкции против одной страны,Политика
Китай объявил о начале специальной операции к востоку от Тайваня,Политика
Сильный пожар произошел в Эквадоре,ЧП
В стране Латинской Америки выберут девятого президента за 10 лет,Политика
Еще один ребенок пострадал при атаке ВСУ на российский регион,Конфликты
На Западе обвинили Украину в превращении Европы в зону боевых действий,Экономика
США захотели передать активы Ирана союзникам в Персидском заливе,Политика
ВС России улучшили тактическое положение около одного населенного пункта,Политика
Россиянам назвали отрасли со средней зарплатой более 200 тысяч рублей,Экономика
В КНДР отказались от компромисса по ядерному вопросу,Политика
На Западе назвали заблуждением надежду Пашиняна на евроинтеграцию Армении,Экономика
В США высказались о масштабах коррупции на Украине,Политика
В МИД заявили об отказе от работы с отдельными структурами ООН,Политика
Немецкий депутат раскритиковал политику ФРГ в вопросе запуска «Северного потока»,Политика
На Западе оценили одно решение Украины,Политика
В США несколько человек пострадали при стрельбе на фестивале,Культура
В бундестаге захотели вызвать Бербок из-за одного провала,Политика
МИД России указал на несостоятельность заявлений ООН о Старобельске,Политика
Матвиенко назвала важное отличие России от ФРГ,Политика
"Раскрыта тайна легендарного корабля-призрака.Судьбу его команды пытались объяснить заговором, монстрами и НЛО. Все оказалось проще",Политика
В кино — сенсационный фильм ужасов «Закулисье реальности».Как независимый хоррор стал самым неожиданным хитом года?,Культура
6 июня: какой праздник отмечают в России и мире,Общество
В Кремле обозначили отношения с Арменией при победе Пашиняна,Политика
В России предупредили Армению о потерях при вступлении в ЕС,Политика
В МИД заявили о «законных вопросах» к Армении,Политика
В МИД ответили на слухи об уходе Лаврова в отставку,Политика
Медведев резко высказался о «наложившем в штаны» Пашиняне,Политика
В МИД России увидели попытки Армении пойти на преступление,Политика
В Германии заявили о зависимости страны от «Северного потока»,Политика
Вернувшийся из украинского плена военный описал перенесенные пытки,Политика
Украина извинилась перед страной ЕС,Политика
В России отказались идти на компромиссы с Украиной,Политика
Британию уличили в двуличии после применения принципа «плохой России»,Политика
В США сообщили о запуске Ираном дронов в сторону Ормузского пролива,Конфликты
Трамп сделал намек о возвращении США в состояние войны,Конфликты
В России оценили слова премьера Польши о Зеленском,Культура
В Черном море атаковано рыболовецкое судно под флагом Турции. Есть ли у Анкары подозреваемые?,Конфликты
Ким Чен Ын посетил испытания эсминца «Кан Гон»,Политика
США нанесли новые удары по Ирану,Конфликты
Трамп заявил о силе Ирана,Политика
Россия начала переговоры с четырьмя странами об отмене виз,Политика
На Украине пожаловались на переигравшего их Путина,Политика
В России рассказали о владении Лукашенко «психологическим айкидо»,Политика
Ученые рассказали о скором сближении трех планет,Наука
Внутреннюю политику Украины сочли полным террором,Политика
Захарова предупредила ЕС о последствиях размещения ядерного оружия Франции,Политика
В США допустили отмену отправки ракет Tomahawk в Германию из-за страха перед Россией,Политика
Фанаты стали вступать в странный вид отношений со звездами.Это выводит знаменитостей из себя,Политика
"«У них нет воли к миру»Замглавы МИД России Михаил Галузин — о переговорах по Украине, контактах с США и будущем Армении",Политика
5 июня: какой праздник отмечают в России и мире,Общество
В Германии указали на бессмысленность антироссийских санкций,Политика
В Кремле высказались о визите Путина на саммит G20 в США,Политика
Россиянам раскрыли неожиданное последствие удаления нужных приложений из магазинов,Политика
Путин защитил немецкого журналиста от неудобного вопроса,Политика
Лавров оценил диалог с США по украинскому урегулированию,Политика
На Западе рассказали о значении «Форта-М» на «Адмирале Нахимове»,Политика
Привлекательные сотрудники полиции с потерянными собаками свели с ума сотни женщин,Общество
Доступ к месту пропажи семьи Усольцевых ограничат,Общество
В США заявили о провале санкционной политики Европы против России,Экономика
Лавров обвинил Запад в желании подавить Россию,Политика
Трамп пообещал «небольшую остановку» на Кубе по пути из Ирана,Политика
Ирина Шейк в броском наряде посетила вечеринку модного бренда,Политика
Названа самая разрушительная для здоровья сердца поза для сна,Политика
Трамп допустил успех сына Байдена на выборах-2028,Политика
На Украине объяснили смысл письма Зеленского Путину,Политика
Пашинян оценил возможность возвращения Армении в ОДКБ,Политика
Ситуацию в США сравнили с «1984» Джорджа Оруэлла,Политика
На Украине усомнились в успехах ВСУ на фронте и призвали не радоваться,Конфликты
Россиян предупредили о наступлении мощной магнитной бури,Конфликты
Известного экзорциста отстранили от изгнания бесов из-за слов о природе НЛО,ЧП
Захарова прокомментировала финансовые проблемы в ООН фразой из советского фильма,Культура
В России оценили штурмовой потенциал ВСУ,Конфликты
Трамп назвал цель США на Кубе,Политика
Хинштейн высказался о значении освобождения Курской области от ВСУ для России,Конфликты
В кино — «Убить Билла: Кровавое дело целиком».Почему необходимо увидеть полную версию шедевра Квентина Тарантино?,Культура
"«Они не знают, кто я»Знаменитая российская балерина продала квартиру. Почему она решила забрать жилье обратно по «схеме Долиной»?",Общество
В Германии заявили о способном насмешить Россию решении,Политика
4 июня: какой праздник отмечают в России и мире,Общество
Трамп сделал важное заявление по Ирану,Политика
Россиян предупредили об использующих ChatGPT в качестве приманки мошенниках,Общество
Три страны начали помогать Украине организовать переговоры с Россией,Политика
Одна европейская страна захотела разместить ядерное оружие США,Экономика
Штурм Рай-Александровки бойцами ВС России сняли на видео,Конфликты
Перечислены способные защитить мозг от старения растения,Политика
Взрослая женщина больше года выдавала себя за 12-летнюю девочку и жила в чужой семье,Общество
В «Альтернативе для Германии» назвали сроки прихода к власти,Политика
США заявили о подготовке новых санкций против России,Политика
Россиян предупредили о мошеннической схеме с готовыми ответами на ЕГЭ,Общество
ВС России использовали информацию из телефона наемника для удара по ВСУ,Конфликты
Совет ЕС начал официальную подготовку к переговорам о вступлении Украины в союз,Политика
Сидни Суини в броском наряде сняли на свидании с миллиардером,Транспорт
Звезда «Папиных дочек» забеременела,Политика
Захарова заявила о готовности России продолжать начатые в Анкоридже переговоры,Политика
Россиян предупредили об опасности немытого пупка,Общество
ВС России ударили по украинским объектам благодаря данным с телефона испанского наемника. О чем узнали российские войска?,Конфликты
Рубио заявил о беспокойстве за судьбу Украины к концу года,Политика
Глава Крыма рассказал о погибших в результате атаки ВСУ,Конфликты
Смартфоны Xiaomi породнили с iPhone,Политика
В лесу нашли ноги жертвы тигра-людоеда,ЧП
Рубио сделал заявление об официальной делегации США на ПМЭФ,Политика
Немецкий депутат заявил об интересе к перезапуску «Северных потоков»,Политика
Рубио высказался о контактах с Лавровым,Политика
"«Напиши, когда будешь подыхать с голоду»150 лет главному хирургу СССР. Как Бурденко спасал солдат, пока его друг служил Гитлеру",Культура
"«Дом Дракона», дочь лучшей подруги и зловещий русский дух.10 лучших сериалов июня",Культура
3 июня: какой праздник отмечают в России и мире,Общество
ВСУ атаковали пассажирский поезд в Крыму,Конфликты
Новый премьер Латвии решил разорвать торговые связи с Россией,Культура
Назначение уроженца СССР главой разведки Израиля объяснили,Политика
В США оценили российские «КамАЗы» с ослепляющими полосами,Политика
Учительница физкультуры станцевала с учеником на балу и стала домогаться его в школе,Наука
Подсчитаны потери Армении от запрета на экспорт овощей в Россию,Экономика
В Сербии высказались о введении виз для россиян,Политика
Российский губернатор запретил подчиненным покидать регион,Политика
Певица Кеша вызвала ажиотаж в сети фотосессией с обнаженной грудью,Культура
Сексолог предупредила об опасности пришедшей из БДСМ практики,Политика
Пострадавшие при ударе по колледжу в ЛНР захотели достучаться до спонсоров ВСУ,Конфликты
В США призвали Зеленского осознать важный факт после удара России,Конфликты
В Госдуме захотели давать отпуск родителям для посещения выпускного,Политика
Трамп потребовал новых уступок от Ирана,Политика
Названы снижающие риск развития рака груди препараты,Наука
В Японии медведи растерзали женщину и покалечили еще четырех человек за день,ЧП
Раскрыты возможности России по производству FPV-дронов,Политика
Иран ударил по базе США,Конфликты
Италию уличили в попытках тормозить вступление Украины в ЕС,Политика
В Британии раскрыли критическую уязвимость Украины на фоне ударов России,Конфликты
Мужчина случайно отправил боссу сообщение посреди ночи и проснулся от неожиданного ответа,ЧП
Стало известно о шантаже Макроном Трампа,Политика
В Эстонии забили тревогу из-за новых тарифов на газ,Спорт
Парам назвали вескую причину спать раздельно,Политика
Поляки выступили с жестким предложением из-за поступка Зеленского,Политика
"Удары Пентагона направляет загадочный миллиардер.Он вырос среди нацистов, мечтает о возрождении рабства и готовится к концу света",Конфликты
«В сознании людей рак — это смерть»Что происходит после постановки диагноза и как онкологи говорят с пациентами о неизбежном,Конфликты
В кино — «Мандалорец и Грогу».Это первый за 7 лет фильм по «Звездным войнам». Каким получился один из главных блокбастеров года?,Культура
На смену «утиному лицу» пришла «гримаса зумеров». Звезды надувают губы и смотрят в пустоту. Почему это считают красивым?,Общество
2 июня: какой праздник отмечают в России и мире,Общество
Стало известно о начале массированной атаки на Украину,Конфликты
Мошенники начали обманывать россиян с помощью плановых отключений горячей воды,Общество
В Китае заметили новый танк с необитаемой башней,Конфликты
Женщина объяснила любовь к мужчинам с маленькими пенисами,Общество
Небензя в СБ ООН показал фото убитых при теракте ВСУ в Старобельске,Конфликты
В Австрии призвали Европу к здравому смыслу,Экономика
В Китае призвали к скорейшему разрешению конфликта на Украине политическим путем,Конфликты
Суд оштрафовал первого зампреда Духовного управления мусульман России,Политика
Россия отреагировала на задержание французскими военными танкера Tagor,Политика
Трамп оценил сроки достижения сделки с Ираном,Политика
В США призвали установить хорошие отношения с Россией,Политика
Уролог рассказал о пациенте с жалобой на исчезновение пениса,Политика
В Раде заявили о бесполезности поставок шведских истребителей на Украину,Политика
Иран атаковал принадлежащее США и Израилю судно,Конфликты
В Германии назвали возвращением к варварству разворот Берлина к русофобии,Политика
Опознанный как мастер по ресницам сотрудник ТЦК сменил пол,Политика
55-летняя телеведущая вызвала споры в сети из-за фигуры в прозрачном топе,Общество
Сразу в нескольких городах Украины прогремели взрывы,ЧП
Раскрыта неочевидная польза мастурбации,Политика
13 таинственных незнакомцев вылезли из канализации,ЧП
Путин объявил о «новом качестве» конфликта с Украиной. Россия начинает новую массированную атаку — в небе Ту-160 и Ту-95,Конфликты
Трамп нецензурно отчитал Нетаньяху по телефону и назвал его сумасшедшим,Политика
В Польше возмутились после ответа Туска Зеленскому,Политика
Россиянам раскрыли количество шестидневных рабочих недель в следующем году,Общество
80 лет назад СССР потрясло «трофейное дело».Как по приказу Сталина спецслужбы искали сокровища маршала Жукова и других генералов?,Культура
Мэрилин Монро — 100 лет.Как она бросила вызов Голливуду и совершила сексуальную революцию в кино?,Культура
«Мир стал непредсказуемым»Чем завершился визит Владимира Путина в Астану и как меняется роль Казахстана в мире?,Политика
«Его фото излучают счастье». Лето в стиле Паваротти стало мечтой людей по всему миру. Он радуется простым вещам и много ест,Политика
1 июня: какой праздник отмечают в России и мире,Общество
Россияне смогут получить новую семейную выплату,Политика
Открытки с Днем защиты детей в 2026 году:90+ картинок и поздравлений,Общество
Финляндия выиграла чемпионат мира по хоккею,Спорт
У некоторых россиян выросли пенсии,Экономика
Открытки с Днем Святого Духа:50+ картинок и поздравлений,Общество
Стало известно об успешных испытаниях новой вакцины против рака,Наука
На въезд в Россию со стороны одной европейской страны выстроилась очередь,Экономика
В Иране жестко прокомментировали слухи об отставке Пезешкиана,Политика
Силовики рассказали о коррупционном скандале в Сумской области,ЧП
Причину возникновения очереди перед КПП в Нарве объяснили,Политика
МИД Германии обратился с призывом из-за резкого продвижения Израиля в Ливане,Политика
Обнаружено средство против возрастного воспаления мозга,Политика
Муж защитил ведьму от разъяренной толпы ценой жизни,Общество
Обвиненной в убийстве отменили приговор из-за последнего слова,ЧП
В Херсонской области заявили о намеренном ударе по Геническу,Конфликты
Выступающие за союз с Россией армяне вышли на многотысячный митинг в Ереване,Политика
Выигравший Лигу чемпионов россиянин не смог сдержать смех на выступлении Макрона,Спорт
У зумеров обнаружили новый странный сексуальный фетиш,Общество
Украину обвинили в «кровавом жертвоприношении ребенка» в День защиты детей,ЧП
55-летняя телеведущая без штанов станцевала на камеру и смутила фанатов,Общество
ВС России атаковали катер ВМС Украины в порту Одессы,Конфликты
Россиянам напомнили о четырехдневной рабочей неделе в июне,Общество
Стало известно об одном обещании Зеленского однопартийцам,Политика
В МАГАТЭ высказались об атаке ВСУ на ЗАЭС,Конфликты
"«Мы должны взрывать, чтобы выжить»70 лет назад США промахнулись при запуске термоядерной бомбы. К чему это привело?",ЧП
Звезда «Игры престолов» почти сошла с ума в секте с ЗОЖ-практиками.Она не могла вырваться из нее девять лет,Культура
«Секс-услуги без проникновения были многочисленны»Мафия взяла под контроль все бордели Японии. К чему это привело?,Политика
«Хирургия — как сходить за хлебом»Южная Корея стала кузницей красоты. Почему россиянки едут туда за идеальной «стеклянной» кожей?,Общество
В России упразднили сексологов,Политика
31 мая: какой праздник отмечают в России и мире,Общество
Жена Сафонова вышла на поле с флагом России после победы ПСЖ,Политика
Открытки с Троицей:110+ картинок и поздравлений,Общество
Троица в 2026 году: история и традиции великого праздника,Общество
Захарова заявила о конце досудебной стадии спора с Прибалтикой,Политика
В Иране резко ответили на требование США,Политика
Раскрыт шаг ВСУ на фоне колоссальных потерь в Сумской области,Конфликты
В Швейцарии предупредили о расширении конфликта на Украине,Конфликты
Названы самые некурящие регионы России,Политика
На Западе сделали один вывод после инцидента с беспилотником в Румынии,Конфликты
«Слабоумие и пиар на терроре». Как в России и мире отреагировали на атаку ВСУ по Запорожской атомной станции?,Конфликты
В Греции пожаловались на передачу оружия Украине себе в ущерб,Политика
В Финляндии возмутились визитом «Азова» в парламент страны,Политика
Армению предупредили о последствиях одного запрета России,Политика
В появлении Сырского под Константиновкой заметили тревожный для ВСУ знак,Конфликты
В Румынии раскрыли реакцию общества на инцидент с БПЛА,Политика
В США заявили о фиаско Украины в Старобельске,Политика
В МИД прокомментировали атаку ВСУ на Запорожскую АЭС,Конфликты
Мирошник заявил о готовности Украины на любые провокации,Политика
В МИД предупредили об угрозе для всего мира после атаки ВСУ на ЗАЭС,Конфликты
Врач назвала самые опасные для зубов продукты,Общество
В США сообщили об ужесточении условий сделки с Ираном,Политика
ВСУ придумали богохульный способ избежать удара Российской армии,Конфликты
"Налоговый бонус для семей с детьми, новые стандарты для отелей и маркировка кофе. Что изменится в России с 1 июня?",Экономика
Вор в законе Ровшан Ленкоранский стал овощным королем России.Почему его обвиняли в расправе над главным мафиози страны?,Политика
"Худшего поэта в мире запомнили на века.Хотя он плохо писал стихи, ничего не достиг и стал посмешищем",Культура
30 мая: какой праздник отмечают в России и мире,Общество
"Троицкая родительская суббота в 2026 году: дата, история и традиции",Культура
Открытки на Троицкую родительскую субботу:60+ картинок с днем поминовения,Общество
Пограничники на Украине начали искать возможных беглецов в цистернах,Политика
Путин задался вопросом об Армении,Политика
Два человека стали жертвами удара ВСУ по российскому региону,Конфликты
Американцы купили самый дорогой тур по России,Политика
Раскрыто число находящихся за границей украинцев,ЧП
Президент Польши раскритиковал главу Минобороны из-за соглашения с Британией,Политика
Захарова высказалась об инциденте с падением БПЛА в Румынии,ЧП
Россия получит особые условия прохода через Ормузский пролив,Политика
На Западе указали на решающий момент в вопросе Украины,Политика
В США сделали заявление о стратегических вооружениях России,Политика
В российском городе сработали системы ПВО,Конфликты
Еще один человек погиб при атаке ВСУ на Белгородскую область,Конфликты
Захарова заявила о попытках Запада отвлечь внимание от атаки на Старобельск,Конфликты
«Кризис на Украине начался когда-то с попыток присоединения к ЕС». Путин предупредил Армению о последствиях выхода из ЕАЭС,Политика
Марочко заявил об отступлении ВСУ с северной части берега Северского Донца,Конфликты
Экс-офицер ЦРУ рассказал о возможных последствиях провокации против России в Румынии,Политика
В Петербурге суд рассмотрит дело создателя «Масяни»,ЧП
Некоторым пенсионерам с 1 августа повысят пенсию,Экономика
ВВС Британии развернули свои истребители в Румынии из-за инцидента с БПЛА,ЧП
ВСУ начали дистанционно минировать трассу «Новороссия». Что происходит на сухопутном маршруте в Крым,Транспорт
Мирошник заявил о коррупционной сделке Евросоюза и Прибалтики,Экономика
Взрыв тяжелой ракеты сильно повредил космодром в США,ЧП
Россиянам назвали способ сэкономить на платежах за холодную воду,Политика
"Мужчины бросились тренироваться «по-женски» ради красивых ягодиц. Они верят, что это может продлить жизнь",Общество
Николас Кейдж стал Человеком-пауком из 1930-х.Стоит ли смотреть самый дорогой в истории супергеройский сериал «Паук-нуар»?,Культура
Россияне сравнили уничтожившее город за 17 секунд землетрясение с началом войны,ЧП
Стали известны все полуфиналисты чемпионата мира по хоккею,Спорт
"Автобус для бизнесмена.«Лента.ру» выяснила, достоин ли Hongqi HQ9 звания премиального",Транспорт
29 мая: какой праздник отмечают в России и мире,Общество
Небензя сделал жесткое заявление о Зеленском и его спонсорах,Политика
Небензя раскрыл отношение лидеров Европы к Украине,Экономика
Небензя обвинил европейцев в игнорировании трагедии в Старобельске,Экономика
Россиян предупредили о новой схеме кражи аккаунтов в Telegram,Общество
Небензя высказался о завершении СВО,Политика
Норвежский политик поспорил с Каллас по вопросу переговоров с Россией,Политика
Популярный цитрусовый фрукт оказался способен подавлять вирусы и воспаление,Политика
Названа цель визита «инопланетного корабля» в Солнечную систему,Политика
Небензя оценил попытку Украины оправдаться за удар по Старобельску,Конфликты
Президент Хорватии выступил с обращением к Евросоюзу после действий Трампа,Политика
«Никакого оружия». Страна НАТО отказалась отправлять военную технику Украине,Политика
Небензя анонсировал ответ Москвы на террор со стороны Киева,Политика
Раскрыта опасность секса в бассейне,ЧП
Звезда с самыми идеальными в мире ягодицами снялась в откровенных купальниках для бренда,Культура
Украинские БПЛА повредили жилой дом в российском регионе,ЧП
Европу обвинили в поддержке самоубийственного настроя Зеленского,Экономика
В России предупредили о попытках «долбануть» по предстоящим выборам,Политика
Стало известно о погибших при атаке ВСУ на российскую республику,Конфликты
Депутат Рады раскрыл планы Зеленского против Белоруссии,Политика
Европейская страна осудила Прибалтику за угрозу ударить по Калининграду,Экономика
Потребность ВСУ в НРТК оценили,Конфликты
Мужчину лишили глаза за кражу пениса,Политика
Вэнс назвал причину спора США и Ирана,Политика
"Один из самых странных маньяков охотился на моделей.Когда его раскрыли, он стал еще кровожаднее",Политика
«Все больше россиян считают нас вторым домом»Зачем Индонезия вступила в БРИКС и как курорты Бали повлияли на отношения с Россией?,Политика
"«Каста карманников почти вымерла»Полковник МВД о золотой поре московских щипачей и о том, почему они исчезли со столичных улиц",Общество
«Кристал Пэлас» выиграл Лигу конференций,Спорт
28 мая: какой праздник отмечают в России и мире,Общество
"Оркестр роботов, глаза-галактики и безумный силомер.Что смотреть на самом большом в России фестивале медиаискусства НУР?",Культура
Мать отправившегося на СВО сосновского маньяка сделала заявление,Политика
На опубликованных Пентагоном видео НЛО снова заметили ангела и офанима,ЧП
Выявлена скрытая опасность нерегулярного приема пищи,ЧП
Психиатр объяснил «лихорадочное» поведение Зеленского,Политика
В Германии испугались резкого наплыва беженцев с Украины,Политика
В Европе признали неприятный факт об украинских беженцах,Экономика
60-летняя актриса Элизабет Херли удивила фанатов внешностью в бикини,Культура
Девушка увидела у партнера татуировку во время секса и вычислила в нем изменника,Общество
В Европе неожиданно высказались о переговорах с Россией,Экономика
Жена Байдена рассказала о напугавшем ее до смерти инциденте с мужем,Политика
Две европейские страны назвали Россию главной угрозой,Экономика
ВСУ нанесли удар еще по одному учебному заведению в ЛНР. В этот раз обошлось без жертв среди детей,Конфликты
Бывший премьер России назвал условия завершения СВО,Культура
Надзирательница-порномодель отсидела срок за секс в тюрьме и отвергла другие обвинения,ЧП
Стали известны сроки летных испытаний российского многоразового «Амура-СПГ»,Политика
В Германии сделали мрачный вывод после удара России по Украине,Конфликты
Бойфренд одним словом испортил ужин с родителями девушки,Политика
Российский космонавт выполнил просьбу матери перед выходом в открытый космос,Наука
В Польше возмутились поступком чиновницы-украинки,Политика
Уролог предупредил о последствиях длительного воздержания,Политика
Крокодил утащил в реку пожилого мужчину,ЧП
США ударили по Ирану,Конфликты
Экс-премьер Украины высказался о срочном письме Зеленского Трампу,Политика
Россиянка описала женщин в Швеции словами «сами приглашают мужчин на кофе»,Общество
"Люди массово едут в отпуск, чтобы просто поспать. Кто это придумал и сколько платят за такой тур?",Политика
«Будем готовить вооруженные силы к войне»Зеленский угрожает нанести «превентивный удар» по Белоруссии. Чего добивается Украина?,Конфликты
«Поймут только русские». Интернет заполонили ролики о славянской тоске. Почему она удивляет иностранцев?,Политика
В России выходит «Майкл».Почему скандальный блокбастер о Майкле Джексоне действительно стоит увидеть?,Политика
27 мая: какой праздник отмечают в России и мире,Общество
В Севастополе сообщили об отражении атаки ВСУ,Конфликты
Фон дер Ляйен предрекла Европе проблемы в области безопасности,Экономика
Раскрыто число освобожденных населенных пунктов в зоне СВО с начала года,Экономика
Назван усиливающий работу иммунных клеток простой продукт,Наука
Щенок родился с пенисом на лапе,Политика
Бывший супруг «золотой судьи» попытался вывести активы на миллиард рублей,Экономика
Число погибших при пожаре в жилом доме в Липецке увеличилось до двух,ЧП
Система ПВО сбила беспилотники над Севастополем,Конфликты
У берегов Омана взорвался танкер,Политика
Откровенный наряд жены Канье Уэста привлек внимание посетителей кинотеатра,Культура
Мужчины перечислили безопасные способы сделать секс жестче,Общество
На Украине мобилизовали священника УПЦ,Политика
Число сбитых в Севастополе беспилотников увеличилось вдвое,Конфликты
В Венгрии объяснили обвинения Зеленского в адрес Белоруссии,Политика
Журналист рассказал о нежелании европейцев воевать с Россией,Экономика
Командование батальона бригады ВСУ сбежало с позиций,Конфликты
Тело еще одного погибшего нашли при разборе завалов в Липецке,ЧП
Одно решение Киева вызвало спор в Израиле,Политика
"США не поддержали заявление Украины в ООН. В России утверждают, что Киев не находится в списке приоритетов Вашингтона",Политика
Во Франции обвинили израильскую компанию во вмешательстве в выборы,Политика
В смартфонах Samsung нашли неустранимые дефекты,Политика
Модель OnlyFans рассказала о необычном хобби,Общество
Мать задержанной из-за наркотиков в Дубае россиянки заявила о тяжелом положении,Общество
Полянский резко прокомментировал ответ ОБСЕ на удар ВСУ по колледжу,Конфликты
«Я просто хочу жить!»Жизнь Мише спасет дорогое лекарство. Мальчику нужна ваша помощь,Общество
В Киеве пообещали «очень сильно бить в ответ»,Политика
"«Ты на учете, ты — проблемный»Сотни тысяч подростков считаются трудными. Почему они нарушают закон даже под присмотром полиции?",Политика
«Накачаться допингом по самые гланды»В США прошла первая в мире «Олимпиада на стероидах». Чем запомнились эти скандальные игры?,Спорт
«Я в черной дыре»Миллионы россиян ухаживают за смертельно больными родственниками. Как выдержать это испытание и пережить утрату?,ЧП
26 мая: какой праздник отмечают в России и мире,Общество
В США заявили об отчаянном поведении администрации Трампа из-за Китая,Политика
Мужчина погиб при атаке ВСУ на Энергодар,Конфликты
У iPhone 17 нашли неустранимые проблемы,Политика
Знаменитый политик-карлик оказался 15-летним подростком,ЧП
Россиян предупредили о мошенничестве под видом знакомств,Общество
В МИД назвали условие контактов между Россией и Евросоюзом,Политика
На Западе обратили внимание на уникальную особенность «Орешника» после удара по Украине,Конфликты
Инсульты во время секса участились в России,Политика
Фото 61-летней Моники Беллуччи в расстегнутом платье вызвали ажиотаж в сети,Общество
«Ноябрь 2026-го». Зеленский назвал срок завершения конфликта с Россией и озвучил условие,Конфликты
Стало известно о запрете Трампа на фоне вспышки хантавируса,Политика
Трамп выступил с резким заявлением по Ирану,Политика
Болгарский депутат назвал огромную ошибку Софии по Украине,Политика
В Европе предрекли новый мощный удар по Киеву,Экономика
Мужчина из ДНР рассказал об угрозах украинских «Белых ангелов» забрать его внучку,Конфликты
США рассказали о сбитом над озером Гурон НЛО,Политика
Мужчина тайно снял на видео 652 женщины и оказался самым злостным вуайеристом страны,ЧП
Обсуждение кандидатуры Каллас для диалога с Россией оценили,Политика
В российском регионе вулкан выбросил шестикилометровый столб пепла,ЧП
Раскрыта стоимость аренды самого дорогого авто на ПМЭФ-2026,Экономика
Муж задал жене один вопрос и нарвался на грубую шутку о размере его пениса,Политика
«Они там еще живы? Недорабатываем»Российские войска штурмуют позиции ВСУ под Красноармейском. Репортаж «Ленты.ру» с линии фронта,Конфликты
"«Это крайняя, исключительная мера»США и Россия все чаще демонстрируют свое ядерное оружие. О чем это говорит?",Политика
25 мая: какой праздник отмечают в России и мире,Общество
Европе дали совет по отношениям с Китаем,Экономика
На Украине признали катастрофическую действительность из-за молодежи,Политика
Посетивший место удара ВСУ по российскому колледжу журналист сделал заявление,Конфликты
На Западе оценили способную атаковать США «Синеву»,Конфликты
Ури Геллер рассказал о замороженных инопланетянах в секретном бункере,Политика
В МИД поставили Европу перед фактом о ВСУ,Экономика
«Отбились очень плохо». На Украине пришли к неутешительному выводу после ночного удара возмездия,Конфликты
Трамп в фирменном стиле намекнул на войну,Конфликты
Самая красивая женщина в мире в купальнике на яхте попала в объектив папарацци,Общество
Гинеколог назвала худшие места для секса,Общество
В Европе заявили о хаосе на Украине после ударов по Киеву,Экономика
В США признали провал своего плана по уничтожению России,Политика
Иностранный журналист объяснил атаку ВСУ на колледж в Старобельске,Конфликты
В Одессе сотрудники ТЦК ногами забили автомобилиста,Спорт
Трамп обратился к ряду стран с призывом по Израилю и удивил их,Политика
Фон дер Ляйен посетит Литву из-за инцидентов с дронами,Конфликты
В Италии признали важный факт об ударе Украины по ЛНР,Конфликты
Почти 4000 дронов ВСУ за неделю сбили над Россией,Конфликты
Найден эффективный способ защиты глаз от сухости,Политика
В Финляндии раскрыли неприятный факт о президенте страны,Политика
Домовладелец тайно занялся сексом на диване арендатора и съел его продукты,ЧП
Бывший премьер России высказался о судьбе Зеленского,Культура
В России назвали истинного «адресата» удара возмездия по Украине,Конфликты
Издевки над женщиной в платке закончились для уличных хулиганов бегством в ужасе,Политика
ВСУ атаковали сажавшую картошку россиянку,Конфликты
Дмитриев предрек Мерцу успех при одном условии,Политика
ВСУ атаковали российский регион,Конфликты
В ЛНР объявили дни траура по жертвам атаки ВСУ на колледж,Конфликты
Вор в законе Шишкан достиг высот криминального мира России.Почему хитрость и осторожность не уберегли его от пожизненного срока?,Политика
"«В принципе, уже все равно, что смотреть». Ролики о торте «Санчо Панчо» превратили простую россиянку в звезду соцсетей",Политика
"«Кокаиновых» бегемотов Эскобара решили истребить. Но помощь пришла из России.Как один самец породил популяцию, ставшую бедствием?",Политика
24 мая: какой праздник отмечают в России и мире,Общество
Дзюба матом прокомментировал сохранение «Акроном» места в РПЛ,Политика
Европу предупредили о «взрывоопасном» госдолге,Экономика
На Западе обвинили Финляндию и Прибалтику в желании вовлечь США в конфликт с Россией,Конфликты
Назван возможный срок обнародования одностраничного соглашения между США и Ираном,Политика
Глава ЛНР назвал чистым злом удар ВСУ по колледжу,Конфликты
Молдавия обогнала Украину по уровню зарплат,Экономика
Военкоры сообщили о начале атаки на Украину гиперзвуковыми ракетами,Конфликты
Воздушные силы Украины сообщили об угрозе запуска «Орешника»,Конфликты
Выживший при атаке на колледж в ЛНР рассказал о спасении своей девушки,Конфликты
Дуров раскритиковал WhatsApp и заявил об обмане,Политика
В Киеве прогремели взрывы на фоне сообщений о возможном запуске «Орешника»,ЧП
Каллас пристыдили за высказывание о Китае и раковой опухоли,Политика
Серия выстрелов прозвучала возле Белого дома,ЧП
Студента колледжа в Старобельске взрывной волной выкинуло с пятого этажа,ЧП
На Украине показали кадры предполагаемого прилета «Орешника» под Киевом,Политика
В МИД раскрыли отношение Зеленского к конфликту на Украине,Политика
На Западе оценили возможность нападения России,Политика
Украинский боксер Усик защитил титул чемпиона мира в тяжелом весе,Спорт
В США заявили о праве России наказать Украину после атаки на ЛНР,Конфликты
В МЧС Киргизии допустили возможность эвакуации тела Наговицыной с пика Победы,ЧП
Стало известно о пострадавших в результате стрельбы возле Белого дома,Политика
На Украине сообщили о прилете «Орешника» под Киевом. Массированная комбинированная атака продолжается,Конфликты
"«Хорошо, Господи, я продам эту машину». Как миллионер нашел Бога, раздал все деньги и из звездного тусовщика стал священником",Спорт
"Мученик Родионов.Солдата чеченской войны почитают как святого. Люди верят, что его обезглавили за отказ снять крест",Конфликты
Создатели «Очень странных дел» выпустили новый мистический сериал.Почему обязательно стоит ворваться в «Городок»?,Культура
Брутальный горожанин.Эффектная внешность и капризы электроники: тест-драйв Jetour T1,Общество
23 мая: какой праздник отмечают в России и мире,Общество
Небензя пристыдил западных членов СБ ООН,Политика
Западный профессор раскритиковал дерзкий шаг НАТО против России,Политика
Трамп всерьез задумался о новых ударах по Ирану,Конфликты
Канадцы решили разделить страну,ЧП
Разгром бронированного канадца ВСУ в зоне СВО попал на видео,Конфликты
В России назвали ответственных за эскалацию украинского конфликта,Конфликты
Европейские страны увеличили число запросов по возвращению украинцев на родину,Экономика
Зампостпреда США при ООН выступила с важным обращением после атаки ВСУ,Конфликты
В России сделали неутешительное заявление о Зеленском,Политика
В Раде заявили о росте стоимости взяток по отсрочке от мобилизации,Экономика
ЕС захотел отменить антироссийские санкции против одной компании,Политика
Макрона освистали перед финалом Кубка Франции по футболу,Спорт
ВСУ ударили по территории российской школы,Конфликты
Постпреда Украины при ООН пригласили в Россию,Политика
Австрийский космонавт рассказал о приглашении вдовы Гагарина на танец,Политика
В США выступили с заявлением о наступлении Украины,Конфликты
На нефтебазе произошел пожар после падения обломков БПЛА,Экономика
Больше 15 человек пострадали из-за взрыва на барже,ЧП
Стало известно о пострадавших при атаке ВСУ на Новороссийск,Конфликты
В российском городе обломки БПЛА повредили хозпостройки,ЧП
Стало известно об изменении подхода к Украине в Европе,Экономика
ФСБ раскрыла данные о вербовке украинцев в концлагере «Шталаг-326»,ЧП
Названа причина недооценки колумбийцами рисков службы в ВСУ,Конфликты
«Тайком сбежал оттуда»Почему наемники из Латинской Америки массово покидают Украину и куда их вербуют после службы в ВСУ?,Конфликты
30 лет назад вышла «Миссия невыполнима».Как она породила лучшую экшен-франшизу современности?,Культура
Стандарты красоты женщин и мужчин снова изменились. Какие фигуры теперь считаются идеальными и почему?,Общество
Президент Нигерии опроверг переименование страны в Соединенные Штаты,Политика
22 мая: какой праздник отмечают в России и мире,Общество
Открытки на последний звонок 2026:80+ картинок и поздравлений,Общество
Начальник генштаба страны ЕС призвал готовиться к войне с Россией,Конфликты
Мужчину обвинили в колдовстве и сожгли заживо,Политика
Найден простой способ снизить риск преждевременной смерти,Наука
Собянин сообщил об уничтожении трех летевших на Москву БПЛА,ЧП
Раскрыто понятие «духа Анкориджа» для России,Политика
Девочка пришла в магазин купить печенье и была изнасилована,Политика
В МИД РФ высказались о возвращении американского бизнеса,Политика
Мужчинам назвали пять признаков вредной мастурбации,Политика
Жена Джастина Бибера показала фигуру в откровенном бикини для модного бренда,Общество
Евродепутат раскрыл планы ЕС на Украину,Экономика
В США заявили о желании Украины «удвоить ставки» в конфликте с Россией,Экономика
В США выступили со срочным призывом к властям из-за атак ВСУ на Россию,Конфликты
Перечислены убивающие батарею смартфона привычки,Политика
Пожилую сотрудницу христианской школы отправили в тюрьму за секс с учеником,Наука
Выезд из Ярославля перекрыли из-за атаки БПЛА,Конфликты
Бывший премьер-министр России назвал главный страх Зеленского,Культура
Стало известно о сети закрытых лабораторий на Украине,Наука
Главком Сырский заявил о новой стратегии ВСУ. Какие шаги пытается предпринять украинское командование?,Конфликты
В Европарламенте рассказали о тайном прозвище Каллас,Экономика
Мужчина узнал туалетный секрет возлюбленной и назвал ее омерзительной,Политика
Синоптик заявил о «съеживании» русской зимы,Погода
Эндокринолог назвала сопровождающиеся бессонницей опасные заболевания,Политика
15-летний серфер пережил нападение двух акул-людоедов и пожаловался на повышенное внимание,Конфликты
«Ужасное преступление совершилось...»105 лет академику Сахарову. Как создатель самой страшной бомбы пошел против СССР,Культура
«Никто не был готов». Кипр потерял сотни тысяч туристов из России. Как любимый остров россиян выживает сейчас?,Политика
В кино — «Грязные деньги» Гая Ричи.Почему новый фильм культового британца похож на легендарный «Большой куш»?,Культура
21 мая: какой праздник отмечают в России и мире,Общество
"Вознесение Господне в 2026 году: как отметить, традиции праздника",Общество
Открытки на Вознесение Господне:110+ картинок и поздравлений,Общество
Генсек НАТО выступил с угрозой в адрес России,Политика
Мошенники придумали новый способ кражи денег россиян,Общество
Крышевавших порностудии украинских полицейских уволили,Конфликты
Знаменитый астрофизик из Гарварда предсказал последствия инопланетного вторжения,Политика
Названа роль нового Су-57Д,Политика
Шойгу обвинил Ереван в глумлении над памятью армян,Политика
На Украине раскрыли приказ Зеленского в отношении Белоруссии,Политика
Минобороны Польши высказалось об украинском беспилотнике над Эстонией,Конфликты
В Одессе арестованный сбежал из СИЗО в мусорном контейнере,ЧП
Зеленского обвинили в провокациях с целью отвлечь население от внутренних проблем,Политика
В Иране рассказали о появлении нового оружия,Политика
57-летняя супермодель в прозрачном наряде вышла на красную дорожку в Каннах,Политика
Сексолог оценила необычный подарок женщины мужу на день рождения,Общество
В МИД России заявили об усталости ООН от украинской тематики,Политика
Россиян предупредили о схеме мошенников с билетами на поезд и самолет,Транспорт
В МИД оценили потери ЕС после отказа от российского сырья,Политика
США захватили якобы связанный с Ираном танкер,Конфликты
Гоблин рассказал о своей новой награде от государства,Политика
Российские военные показали удары «Гераней» по целям на Украине,Конфликты
Названо число взятых под контроль России населенных пунктов с начала 2026 года,Экономика
Политолог предрек сложности для США из-за противостояния «закону джунглей» Россией и КНР,Политика
В США сравнили поездки Путина и Трампа в Китай,Политика
«Столько мяса мы никогда не видели»35 лет назад окончательно рухнул железный занавес. Как советские люди выходили из изоляции?,Политика
"«Опасность тут постоянно»Почему храмы Донбасса не закрылись во время войны и что они пережили, став спасением для тысяч прихожан?",Конфликты
"«Жизнь, которой я боюсь»Православные блогеры из Москвы покупают просрочку и радуются вещам из мусорки. Почему их смотрят миллионы?",Общество
20 мая: какой праздник отмечают в России и мире,Общество
"«Это заговор против США». Кого в Белом доме назвали террористами, кому Америка грозит вторжением и в чем обвиняют Россию?",Политика
В новой стратегии США упомянули организатора теракта в «Крокусе»,Конфликты
Ученый спрогнозировал численность населения Украины к концу XXI века,Наука
Трампу представили варианты военных действий против Ирана,Политика
Советский Т-54 назвали «АК в мире танков»,Политика
Бывшие сотрудники ЦРУ и Пентагона описали четыре вида инопланетян,Культура
Два самолета-заправщика столкнулись в небе,Транспорт
Вэнс высказался о своей кандидатуре на пост президента США,Политика
Одесситка попыталась прорваться в ТЦК ради спасения парня,Политика
Федор Бондарчук и Паулина Андреева развелись,Спорт
В Германии сочли неплохой идеей предложение Путина о переговорах по Украине,Политика
Жена Джастина Бибера снялась в откровенных образах для Victoria's Secret,Общество
Мужчинам подсказали способ оценить состояние здоровья по сперме,Политика
Появились кадры последствий мощного удара баллистическими ракетами по Днепропетровску,Конфликты
Охранники Пашиняна силой увели с митинга критиковавшего его пенсионера,Экономика
Британия запретила импорт российского урана,Экономика
Захарова рассказала о расходовании Украиной помощи Запада,Политика
В России назвали последствия отказа США от моратория на ядерные испытания,Политика
Медведев предложил использовать устав НАТО против Украины,Политика
В Великобритании разгорелся скандал из-за украинского флага,Политика
Небензя дал постпреду Украины важный бесплатный совет,Политика
Раскрыта правильная частота перезагрузки компьютера,Политика
ВСУ атаковали Невинномысск,Конфликты
Мужчина плеснул кислоту на гениталии жены из-за подозрений в измене,ЧП
США захотели сократить численность доступных НАТО во время конфликтов сил,Конфликты
В Эрмитаже прокомментировали скандал с троном,Политика
Лучшие фильмы про космос:45 российских и зарубежных картин о межзвездных путешествиях,Наука
Пентагон по требованию Трампа рассекретил 170 файлов об НЛО. Что именно в них оказалось и о чем теперь спорят специалисты?,Политика
"Кровать за 80 миллионов рублей, умная подушка и белый шум.На что богатые люди идут ради хорошего сна и помогает ли это?",Экономика
В кино — «Мортал Комбат 2».Каким получился новый фильм по легендарной серии видеоигр?,Культура
«США не готовы к военному столкновению»Чего добивался Трамп во время переговоров с Си и почему этот визит так важен для России?,Политика
В Индии слон раздавил туристку,ЧП
19 мая: какой праздник отмечают в России и мире,Общество
ВСУ ударили по частному дому в Курской области,Конфликты
Открытки с Днем пионерии в 2026 году:70+ картинок и поздравлений,Общество
Разведка США скептически оценила удары Украины по России,Конфликты
Раскрыты неожиданные подробности о биолабораториях на Украине,Политика
Российский боец в одиночку уничтожил трех военных ВСУ,Конфликты
Мужчина застрял в эскалаторе в метро и не смог выбраться,Транспорт
Американских рейнджеров научат воевать устаревшим оружием,Политика
Немецкий автопром столкнулся с проблемами из-за антироссийских санкций,Политика
Новый глава Венгрии дал обещание касательно России,Политика
Посольство Италии высказалось об изменениях в правилах подачи на визу для россиян,Политика
В Пентагоне назвали «критически важное преимущество» России на Украине,Политика
«Мы должны показать русским». Глава МИД Литвы призвал НАТО напасть на Калининград,Политика
В США заявили о полном недоверии к Трампу после его слов об Иране,Политика
Невеста Роналду вышла в свет в образе с бюстгальтером напоказ,Спорт
Названы ответственные за слабую эрекцию факторы,Политика
Власти США раскрыли шокирующий факт о хищении американского оружия на Украине,Политика
МИД заявил об отказе ООН в аккредитации свидетелей преступлений Киева,Политика
Хакер назвал страны-поставщики наемников ВСУ,Конфликты
Путин отправится с визитом в Китай,Политика
«Шопинг ради шопинга уходит в прошлое»В России ждут закат эпохи ТЦ. Почему россияне перестанут тратить деньги в торговых центрах?,Политика
«Вот ты и попался!»Верховный суд РФ впервые оправдал осужденного по делу о педофилии. Как ложные обвинения разрушают судьбы?,Конфликты
80 лет назад Сталин ликвидировал Смерш.Почему распустили одну из лучших спецслужб мира?,Культура
"«Я ехал в поезде для умирающих»Как россиянин выживал среди бродяг и отбивался от детей-волчат, чтобы познать Индию",Транспорт
В российском регионе нашли украинские мины в виде плюшевых медведей,ЧП
Симоньян сравнила Украину с резиновыми перчатками,Политика
18 мая: какой праздник отмечают в России и в мире,Общество
Пушков заявил о несовместимости позиций Ирана и США,Политика
Президент Бразилии попытался убедить Трампа в нежелании Ирана создать атомную бомбу,Политика
Военный эксперт заявил об отработке Финляндией вариантов прорыва границ России,Политика
В МИД России рассказали о следующем раунде переговоров с Украиной,Политика
ФБР признало подлинным снимок похожего на пришельца огромного загадочного существа,Политика
В США вспомнили о «тяжеловесной» версии F-16,Политика
Недалеко от границ России начался второй этап учений НАТО,Наука
В постсоветской стране начали готовить справки об угрозах от русскоязычных,Политика
На юге Китая произошло землетрясение,ЧП
Немецкий эксперт рассказал об «образе врага в лице России»,Политика
Российские военные взяли под контроль пять населенных пунктов в зоне СВО,Конфликты
Названо число сбитых за неделю над территорией России украинских дронов,Конфликты
Мужчин предупредили о риске одного заболевания из-за просмотра порно,Общество
В России раскритиковали нейтралитет Швейцарии,Политика
В Израиле начал действовать закон о смертной казни для террористов,Политика
Популярная певица в прозрачном платье пришла на показ Dior,Культура
Жители двух стран — членов ЕС заинтересовались переездом в Россию,Общество
Трамп опубликовал картинки с собой в образе космического воителя,Политика
Российский военкор сообщил о прилетах в Одессе,Политика
Британию обвинили в вербовке наемников для ВСУ из наркокартелей,Конфликты
Экс-конгрессвумен предупредила о возможной революции в США,Политика
Россиянам назвали максимальный размер пенсии учителей,Экономика
В Турции оценили вероятность участия Трампа в саммите НАТО,Политика
"«У нее получалось, потому и убили»Как и почему погибла главная женщина-политик 1990-х — Галина Старовойтова?",ЧП
Он назвал Ленина грибом и придумал «Поп-механику»Почему Сергей Курехин был последним советским гением?,Политика
"«Я способна на большее, чем думаю»Россияне массово едут в школы кунг-фу в Китае, где их бьют палками. Почему это стало популярно?",Общество
"Россияне тайно фотографируют жен голыми и ищут им любовников. Что еще происходит в чатах куколдов, в которых состоят тысячи людей?",Общество
17 мая: какой праздник отмечают в России и мире,Общество
Премьер Словакии назвал ошибку Орбана по Украине,Культура
Назван исход матча «Краснодар» — «Оренбург»,Спорт
Ермак получил платную камеру в СИЗО,ЧП
Мощный взрыв прозвучал в Израиле,ЧП
Трамп пригрозил Ирану,Политика
В европейской стране недалеко от границы с Украиной нашли неразорвавшийся снаряд,Экономика
Экс-глава МИД Украины пригрозил ударом по Белоруссии,Конфликты
США перебросили в Польшу кавалерию,Политика
Зеленский упрекнул Запад за продажу компонентов для российских ракет,Политика
В Иране сделали неутешительное заявление по поводу ракет США,Политика
Трамп намекнул на новые удары по Ирану,Конфликты
Вэнс признал случаи доступа террористов к помощи США,Политика
В Германии сообщили Украине плохую новость о кредите ЕС,Экономика
Бывший депутат рассказал о борьбе сейма Латвии с русским языком,Политика
Журналистка раскрыла информацию о сроках завершения конфликта на Украине,Конфликты
Стало известно о последствиях массированной атаки ВСУ на Севастополь,Конфликты
В России разработали танк на дистанционном управлении,Политика
Рижский депутат рассказал об отношении латвийцев к Украине,Политика
Стал известен победитель «Евровидения-2026»,Экономика
ВСУ вновь атаковали Рязанскую область,Конфликты
Мощный удар дронов-камикадзе «Герань-2» по Днепропетровску сняли на видео,Конфликты
Появились подробности о мощном взрыве в Израиле,ЧП
Россиянам назвали необычный способ улучшить кредитную историю,Экономика
Петербурженке угрожали и облили авто растворителем из-за конфликта с кондиционерами,Конфликты
«Люди начнут буквально бросать автомобили»Как топливный кризис поменяет отношение к машинам в мире?,Транспорт
"«Цирк миллиардеров»Протесты, беспорядочный секс в туалетах и «продажная» Анна Винтур. Во что превратился модный бал Met Gala?",ЧП
"Ученые, биохакеры и Такер Карлсон поверили в пользу никотина.Они считают, что с его помощью становятся умнее. Это правда?",Наука
В сети — «Лики смерти».Когда-то фильмы с этим знаменитым названием запрещали и передавали из рук в руки. Чем пугает новый хоррор?,Культура
Вор в законе Тюрик стал главной целью для киллеров и Интерпола.Как он влюблял в себя женщин и попадал в международные скандалы?,Политика
16 мая: какой праздник отмечают в России и мире,Общество
Борьба за отставку Стармера вскрыла тревожный сигнал для Британии,Политика
Назван наиболее вероятный итог конфликта на Украине,Конфликты
Тысячи пчел атаковали Белый дом,Конфликты
В США сообщили тревожные новости по Ирану,Политика
Дмитриев рассказал о надежде для немцев,Политика
Чиновников Орбана оставят без пособий ради благотворительности,Политика
Израильский министр рассказал о божественной помощи стране,Политика
Из украинского морга пропали тела бойцов ВСУ после визита командования,Конфликты
В Европарламенте предрекли Зеленскому участь Ермака,Экономика
Пентагон объяснил неожиданное решение по отправке войск США в Польшу,Конфликты
Названа цель Украины в Африке,Политика
Космонавт рассказал о необычном влиянии космоса на организм,Наука
Путин упростил правила получения гражданства для жителей Приднестровья,Политика
Крах правительства Латвии связали со страхом перед Россией,Политика
Трамп засомневался о поставках оружия после разговора с Си Цзиньпином,Политика
Умер исполнивший роль доктора Ватсона британский актер,Культура
В США предупредили Украину о возможностях России,Политика
Тела убитых ВСУ мирных жителей продолжили доставать из лесной могилы в ЛНР,Конфликты
Трамп отверг предложение Си Цзиньпина,Политика
Трамп высказался о войне США с Китаем из-за Тайваня,Конфликты
«Чистая математика смерти»Корреспондент «Ленты.ру» оказался в одной из самых горячих точек в зоне СВО. Что он там увидел?,Политика
«Не было этой Черемши у нас!» Соцсети заполонили видео о странном звере в альтернативном СССР. Что в них происходит?,Политика
"«Не буду бегать за другую страну»Российский марафонец побил рекорд, продержавшийся 19 лет. Почему его триумф длился всего неделю?",Культура
15 мая: какой праздник отмечают в России и мире,Общество
Захарова прокомментировала обвинения против экс-главы офиса Зеленского,Политика
Ищущих летнюю подработку россиян предупредили об опасности,Общество
Судья не смог обжаловать решение об изъятии имущества на сумму более 13 миллиардов рублей,Экономика
Гадалку экс-главы офиса Зеленского вызвали в Верховную Раду,Политика
Бывший депутат Рады допустил расследование против жены Зеленского,Политика
США купят десять тысяч ракет за три года,Политика
В документах ЦРУ нашли доказательство существования мифического древнеегипетского храма,Политика
Шансы Украины вступить в ЕС на фоне коррупционного скандала оценили,Политика
На Западе назвали причину дезориентации Германии,Политика
В МИД России заявили об использовании Западом Балтики для «сдерживания» Москвы,Политика
Австрийский космонавт сделал признание об инопланетянах,Политика
Людям с бессонницей подсказали простую технику для быстрого засыпания,Политика
Ермак не смог выйти из СИЗО под залог,ЧП
Папа Римский предупредил об «отравлении будущего»,Общество
Умер победитель первого чемпионата мира по рукопашному бою Дериглазов,Спорт
В МИД рассказали о разрушении регионального сотрудничества с Западом,Политика
Самая красивая женщина в мире обнажила грудь в фотосессии для модного бренда,Общество
Пушилин раскрыл подробности продвижения ВС России в ДНР,Политика
В МИД России заявили о попытках Запада превратить Арктику в арену военного противостояния,Политика
Украину проверят на предмет выполнения условий кредитной программы,Экономика
В МИД рассказали о переехавших в Россию с начала спецоперации украинцах,Конфликты
В Совфеде высказались о коррупционном скандале в Киеве,Политика
Военный аналитик заявил о провокациях Запада на Украине,Политика
На Украине предсказали рост преступности после завершения конфликта,Конфликты
Трамп анонсировал продолжение военных действий против Ирана,Политика
"Китайцы начали скупать элитное жилье под Москвой.Правда ли, что при выборе дома они ищут защиту у черной черепахи?",Политика
"«Россияне — европейцы, но не совсем»Почему одна и та же таблетка помогает не всем и есть ли у болезней национальность",Экономика
"«Ситуация вышла из-под контроля». Почему отпуск станет дороже, а толпы туристов появятся там, где их не ждешь",Экономика
14 мая: какой праздник отмечают в России и мире,Общество
В одной стране подняли истребители из-за российского Ил-20,Политика
Сафонов отыграл на ноль и помог ПСЖ досрочно стать чемпионом Франции,Спорт
Вэнс раскрыл главное требование Трампа в переговорах с Ираном,Политика
Кэти Перри в мини-платье российского бренда снялась для обложки альбома,Культура
Рейс известного американского экономиста не смог приземлиться в Москве из-за атаки БПЛА,Конфликты
Зеленский обвинил Россию в попытке насолить Трампу,Политика
Названо необходимое количество шагов в день для удержания веса после похудения,Культура
Ури Геллер заявил о прибытии инопланетян для раскрытия тайных способностей у людей,Политика
Известному российскому актеру понадобилась срочная помощь врачей,Культура
Сербия принимает учения НАТО впервые после бомбардировок 1999 года. Почему власти пошли на это и как отреагировали в России?,Политика
В Херсонской области дело Ермака назвали черной меткой Зеленскому,Политика
Норвегия занялась планированием переговоров с Россией,Политика
Уролог высказался о возрасте пика мужской сексуальности,Политика
Певица Кеша с голой грудью анонсировала новый трек,Культура
США передумали отправлять тысячи военнослужащих в Польшу,Политика
Рубио назвал главного геополитического соперника США,Политика
США начали запасаться огромным количеством оружия,Политика
Глава МИД Ирана пригрозил ответственностью сотрудничающим с Израилем странам,Политика
На Западе пристыдили Каллас после ее ответа Путину,Политика
Россиянам напомнили о приближающейся короткой рабочей неделе,Общество
Американский Nightwatch уличили в слежке за российским «Сарматом»,Политика
Учительница занялась сексом со школьником в пикапе и попалась из-за мужа,Общество
Консул рассказал о выдаче виз российским дипломатам в Швейцарии,Политика
Фицо раскритиковал действия ЕС в отношении России фразой «Мы такие идиоты?»,Политика
«Я еду мстить!»10 лет назад молодой охотник устроил кровавую бойню на байк-фестивале в Подмосковье. За что он убил пять человек?,Культура
"«Это то, чего не может быть!»80 лет секретному указу Сталина. Как оружие смерти открыло СССР путь в космос?",Наука
В кино — «Дьявол носит Prada 2».Почему это пока самый народный фильм года в России?,Культура
"Адская жара, огненные муравьи и блохи.Как тимбилдинг за полмиллиона долларов превратился в сущий кошмар",Погода
13 мая: какой праздник отмечают в России и мире,Общество
«Злой и добрый полицейский». В Германии назвали представителей ЕС на переговорах с Россией. Смогут ли они договориться с Москвой?,Политика
Дети нашли тайник со слитком золота у игровой площадки,Общество
Трамп высказался насчет возможной отставки Стармера,Политика
В Кремле высказались о возможном визите Трампа в Россию,Политика
Открыт простой способ снизить риск возрастных заболеваний,Наука
На рассекреченном Пентагоном видео с НЛО обнаружили херувима,Политика
Стало известно о восьмичасовом допросе популярной российской певицы,Культура
Украинцев предупредили о готовящемся массированном ударе,Конфликты
Умер ведущий программы «Время»,Политика
Концерт Metallica вызвал землетрясение,Культура
Названа оптимальная частота замены секс-игрушек,Политика
Кайли Дженнер снялась в мокром бикини для собственного бренда,Общество
Пентагон задумался о переименовании операции против Ирана в «Кувалду»,Политика
На Западе назвали причину «неловкого положения» Зеленского,Политика
Додик заявил о попытках Зеленского закупить вооружение у боснийских мусульман,Политика
Мерца назвали трусом из-за Путина,Политика
Немецко-украинские ракеты Ruta Block 2 сочли угрозой для России,Политика
25-летняя учительница биологии изнасиловала ученика в классной кладовке,Наука
Тысячи украинцев в Европе захотели переехать в Россию,Экономика
В Европе предупредили Зеленского о последствиях интервью Мендель,Экономика
В МИД России обратились к Украине с мрачным посланием из-за Ермака,Политика
На западе Украины цыгане устроили массовую драку с индийцами,Политика
Парень отправил соблазнительное фото не тому человеку и столкнулся с неожиданной реакцией,Общество
В ЕС призвали пойти на жесткий военный шаг из-за США,Политика
"«Одна ошибка — и рука под ампутацию»Военный медик — про эвакуации под дронами ВСУ, операции на поле боя и правило первых 30 секунд",Конфликты
"«Вы тут что, бесплатное кафе нашли?»Многие россияне больше не хотят кормить друзей своих детей. Как это становится новой нормой?",Общество
«Евровидение в этом году будет лучшим в истории»Главный песенный конкурс мира страдает от скандалов и бойкотов. А что случилось?,Экономика
"«Хитрый, опасный и сильный враг»Петр Соколов был звездой русского футбола. Как он стал британским шпионом и пособником нацистов?",Спорт
Зеленский требовал от своей медиа-команды ориентироваться на пропаганду Геббельса,Политика
В России задались вопросом об освещении коррупции на Украине в западных СМИ,Политика
«Жизнь моей доченьки висела на волоске»12-летнюю Милану спасет операция на черепе. Нужна ваша помощь,Общество
Индия отказалась от российского газа,ЧП
12 мая: какой праздник отмечают в России и мире,Общество
Открытки на День медсестры:80+ картинок и поздравлений,Общество
На Западе оценили турецкую ПТУР с дальностью 55 километров,Политика
Определены шансы «Краснодара» на чемпионский титул,Спорт
В Госдуме обвинили Каллас в желании помешать завершению украинского конфликта,Конфликты
Бывший военный рассказал о столкновении с легендарными чудовищами,ЧП
Женщин предупредили о разрушающих интимное здоровье повседневных привычках,Общество
Стало известно о планах Трампа возобновить удары по Ирану,Конфликты
Немецкий политик допустил тайные поставки Taurus на Украину,Политика
Министра обороны Германии обвинили в планировании терактов против России,Конфликты
В Кремле ответили на вопрос о визите Трампа в Москву. Как изменились отношения России и США?,Политика
На Украине опубликовали новую часть аудиозаписей по делу Миндича,Политика
Популярная футболистка посетила вечеринку в оголяющем тело платье,Спорт
В Иране назвали свой план урегулирования безальтернативным,Политика
Завершилось объявленное между Россией и Украиной перемирие,Политика
У пассажиров лайнера с хантавирусом произошли нервные срывы,ЧП
Перечислены ошибки при настройке нового смартфона,Политика
Учительница несколько раз изнасиловала 15-летнего подростка и разрыдалась после ареста,ЧП
Норвежский профессор призвал уволить главу евродипломатии,Экономика
Россиянам рассказали о следующих длинных выходных,Общество
Угасающий блеск прекрасной эпохи.Об этих автомобилях мечтал каждый житель СССР. Как советская роскошь гниет по всей стране?,Транспорт
Вор в законе Таро стал главным врагом Япончика и Деда Хасана.Чем закончилось ожесточенное противостояние воровских кланов?,Политика
"«Джа дал, Джа взял»45 лет назад умер Боб Марли. Какие тайны скрывала гибель легенды регги?",Культура
11 мая: какой праздник отмечают в России и мире,Общество
Украина выразила готовность сотрудничать с Прибалтикой,Политика
Иранские БПЛА атаковали американское судно,Конфликты
Депутат поставил свой мандат на поединок в Dota 2,Политика
Появились кадры разгрома наземных роботизированных комплексов ВСУ,Конфликты
Появились новые данные по поводу отставки главы Минобороны Латвии,Политика
Пропавших на Эльбрусе туристов нашли,Политика
На видео попал бой солдат ВС России с трофейным дроном «Вампир»,Конфликты
ВСУ ударили по российскому предприятию,Конфликты
Трамп заявил о договоренности по пяти заключенным с Россией и Белоруссией,Политика
В Сумской области мужчина подорвался на собственной гранате,Конфликты
Женщина на машине врезалась в здание ресторана в Москве,ЧП
На Западе сделали тревожное заявление о войне с Россией,Конфликты
Болельщики «Барселоны» забросали камнями автобус своей же команды,Транспорт
Россиянам открыли безвизовый въезд в еще одну страну,Общество
В Германии депутаты поддержали важное предложение Путина,Политика
В Иране резко прокомментировали реакцию Трампа на предложение по урегулированию,Политика
В Турции и Сочи ввели сборы для борьбы с жадностью туристов,Транспорт
В Латвии остановили женщину из-за похожей на флаг России сумки,Политика
ВСУ пытались атаковать российские регионы тысячами беспилотников,Конфликты
Дмитриев заметил сошедшее на WSJ озарение,Политика
Озвучены неутешительные прогнозы по мировой нефтепереработке,Экономика
«Совершенно неприемлемо!» Трампу не понравился ответ Ирана на предложение США. Какие условия выдвинул Тегеран?,Политика
Гинеколог из Воронежа перестал быть главой администрации президента Сирии,Политика
Нетаньяху высказался о прекращении борьбы с «Хезболлах» ради мира с Ираном,Политика
В МИД сообщили об активном возвращении соотечественников в Россию,Политика
Нетаньяху захотел отказаться от военной помощи США,Политика
«Тут марсиане высадились и такое настроили»Магический реализм заполярного Норильска глазами фотографа Марии Плотниковой,Наука
В сериале «У Марго проблемы с деньгами» беременная студентка идет на OnlyFans.Почему это самое эйфорическое зрелище весны?,Культура
"«Передай моим, что я им все прощаю»70 лет назад родился Влад Листьев. Как он стал легендой ТВ и что преодолел на этом пути?",Политика
"Синяки Трампа, залысины Шмыгаля и ресницы Джея Ди Вэнса.Какой макияж носят политики разных стран и почему над ними смеются?",Политика
10 мая: какой праздник отмечают в России и мире,Общество
В Киеве произошла стрельба,ЧП
Иран пригрозил новыми ударами по военным базам США,Конфликты
В США сообщили о секретной военной базе Израиля в Ираке,Политика
В России обратили внимание на изменение в позиции Европы по Украине,Экономика
Испугавшийся мобилизации украинец взял в заложники школьницу,Конфликты
Изгнанный из России комик Сабуров провалил тест по русскому языку,ЧП
Трамп похвастался новой «победой» над Ираном,Политика
Умерла совершившая одно из известных убийств в истории США американка,Политика
На Украине осудили указ Зеленского о параде в Москве,Политика
Путин назвал Си Цзиньпина своим другом,Политика
В Германии раскрыли тайное желание Зеленского,Политика
В России назвали сферы с зарплатами выше миллиона рублей,Экономика
Украинские хакеры стали уничтожать данные россиян,Политика
Названо основное оружие Ирана в Ормузском проливе,Политика
Аналитик заявил о провале миссии Запада после парада Победы в Москве,Политика
Зеленского предупредили о последствиях указа о параде в Москве,Политика
Китай заинтересовался действиями США в Иране перед встречей Трампа и Си Цзиньпина,Политика
Россиянам назвали эффективный способ накопить деньги,Политика
В Европе испугались новых планов Трампа на НАТО,Политика
Раскрыта реакция европейских лидеров на визит Фицо в Москву,Экономика
Россиян предупредили об опасности шашлыка,Общество
Война в Иране привела к дефициту одного продукта,Конфликты
Иран жестко отреагировал на рождение ребенка у пресс-секретаря Трампа,Политика
В Белоруссии опубликовали карту сожженных фашистами деревень,Политика
Орбан объяснил свое поражение на выборах,Политика
"«Господин Сталин победил, я иду домой»Конец войны глазами красноармейца с трофейной немецкой камерой",Конфликты
"«Здесь понимают, что такое 9 Мая»Как отмечают День Победы в мире и почему память о Второй мировой вызывает ожесточенные споры?",Культура
«Дача — территория свободы»Россияне массово едут за город на майские праздники. Что для них значат дачи?,Общество
Силы ПВО сбили еще два беспилотника на подлете к Москве,Конфликты
9 Мая: какой праздник отмечают в России и мире,Общество
Вступило в силу анонсированное Трампом трехдневное перемирие,Политика
Поздравления с Днем Победы в 2026 году:50+ трогательных поздравлений для ветеранов и близких в стихах и прозе,Общество
Открытки с Днем Победы 9 Мая в 2026 году:140+ картинок и поздравлений,Общество
"9 Мая 2026 года: 81-я годовщина Победы, история и традиции Дня Победы",Культура
"Парад Победы в Москве 9 мая 2026: во сколько и где смотреть, участники, будет ли техника",Общество
В России начались длинные майские выходные,Политика
Захарова призвала весь мир услышать предупреждение России Зеленскому,Политика
Россиянин получил ранения в результате атаки украинского беспилотника,Конфликты
МИД прокомментировал слова Трампа о победе США во Второй мировой войне,Политика
На Западе вынесли предупреждение Украине перед Днем Победы,Политика
«Вместе боролись с нацизмом и вместе побеждали». Путин раскрыл детали разговора с Трампом,Политика
Такер Карлсон уличил Запад в провокации России,Политика
Трамп допустил продление перемирия между Россией и Украиной,Политика
Трамп допустил отправку переговорщиков по украинскому урегулированию в Москву,Политика
Трамп прокомментировал сроки проведения обмена пленными между Россией и Украиной,Политика
Европа устала от резкого тона и нотаций Зеленского,Экономика
Захарова заявила об осознании жителями стран Балтии попыток их «перепрошить»,Общество
Трамп допустил скорый ответ Ирана на мирные предложения США,Политика
На Западе высказались о переговорах с Россией,Политика
В США допустили эскалацию конфликта России с Украиной и НАТО,Конфликты
В российском регионе прошел первый в мире «Бессмертный полк» по бездорожью,Культура
Европе предрекли одиночество из-за Зеленского,Экономика
Украинцы начали больше приезжать в Россию,Политика
В России высказались о забытой Соединенными Штатами Украине,Политика
«Это красный флаг»Релоканты массово возвращаются в Россию и выходят на рынок труда. Какие трудности их ждут?,Политика
«Мы видели такое только в фильмах»Весь Нью-Йорк обсуждает грандиозную пятидневную свадьбу богачей. Как она обернулась скандалом?,Культура
"«Одни разборки и срачи». Старейший юмористический портал «ЯПлакалъ» оказался на грани блокировки, но избежал ее. Чем он знаменит?",Общество
"«Все понимали, что дают взятку»В России разгорается скандал с липовыми аккредитациями врачей. Тысячи медиков могут потерять работу",Общество
Объявленное Россией перемирие вступило в силу. Что об этом известно и будет ли Украина его соблюдать?,Политика
В кино — самый многообещающий фильм ужасов весны «Хокум».Он напоминает одновременно Кинга и Гоголя. Почему это стоит увидеть?,Культура
8 мая: какой праздник отмечают в России и мире,Общество
Случай хантавируса зафиксирован еще в одной стране,Политика
Китай поставил Киев на грань банкротства,Экономика
Советскую «Тунгуску» ВСУ оснастили американской ОЭС,Конфликты
Стало известно об ударе США по порту в Иране,Конфликты
Загадочный конусообразный НЛО напугал жителей одной страны,Общество
Сальдо высказался о провокациях со стороны Киева в День Победы,Политика
Иран обвинил США в нарушении перемирия,Политика
Над Украиной в преддверии Дня Победы сбросили листовки,Политика
Европа выдвинула США условие для участия в операции в Ормузском проливе,Экономика
В Финляндии умерла последняя рожденная при Российской империи женщина,ЧП
Средства ПВО за четыре часа сбили почти 100 БПЛА,Конфликты
Президент Бразилии сравнил свои отношения с Трампом с любовью с первого взгляда,Политика
Обрезанные мужчины стали массово восстанавливать крайнюю плоть,Политика
Кейт Бланшетт в откровенном наряде вручила награду режиссеру Гильермо дель Торо,Культура
США заявили о перехвате Ирана в Ормузском проливе,Политика
Китайский нефтяной танкер атаковали возле порта ОАЭ,Экономика
В США пожелали Украине «жестокой смерти» в одном случае,Политика
Раскрыты последствия изоляции России для Европы,Экономика
ВСУ на фоне объявленного Путиным перемирия продолжили попытки атаковать Москву,Конфликты
Трамп сделал заявление об ударах США по Ирану,Конфликты
На Западе сделали заявление о решении Украины накануне 9 Мая,Политика
Популярные напитки связали с разрушением зубной эмали,Политика
"«Раньше страдали молча»Весь мир жалуется на выгорание и депрессию. Значит ли это, что люди стали слабее?",Политика
Культовый «На гребне волны» — снова в кино.Как боевик о грабящих банки серферах стал одним из важнейших фильмов 1990-х?,Культура
«У него не хватает ресурсов»Почему Дональд Трамп увяз в иранской войне и как он может спасти свое политическое будущее?,Конфликты
"«Уже не будешь таким, как прежде»Провести отпуск на яхте можно дешевле, чем в отеле. Как это сделать?",Общество
Определились финалисты Лиги чемпионов,Спорт
7 мая: какой праздник отмечают в России и мире,Общество
Германия представила план из шести пунктов по реформированию ЕС,Политика
Обама высказался о сокрытии инопланетных кораблей,Политика
Турция представила умную ракету Kemankes 2 для оперативных ударов,Конфликты
Мерц заявил об «эпохальном переломе» в Германии,Политика
Член Конгресса США увидела «вещи внеземного происхождения» на секретном объекте,Политика
ФСБ рассекретила детали самоубийства Гитлера,Общество
Крупнейший металлургический завод Украины остановил работу,Политика
Связанная с мебелью смертельная болезнь встревожила врачей,ЧП
В Москве задержан «звездный» адвокат,Политика
В США назвали условие возобновления бомбардировок Ирана,Политика
Врач дал пять советов для пробуждения без болей в спине,Общество
Россиянин получил шесть лет колонии из-за оружия в дупле,ЧП
Рианна показала новые откровенные кадры со съемки для собственного бренда,Конфликты
Мошенники начали угрожать звезде «Закрытой школы»,Общество
В российском регионе перевернулся автобус с 18 пассажирами,Транспорт
На Украине описали последствия прилета по складу боеприпасов под Харьковом,Политика
Над российским городом прогремела серия взрывов,ЧП
Россиянам напомнили о короткой неделе,Общество
Apple заплатит за отсталость iOS,Политика
35-летняя учительница ораторского искусства изнасиловала подростка,ЧП
В США предупредили Трампа о последствиях одного шага против России,Политика
Стало известно о встрече переговорщика от Украины с Уиткоффом,Политика
В Британии сделали вывод о России после слов Медведева о «животном страхе» Европы,Экономика
Девушка задумалась о разрыве отношений с лучшей подругой по неожиданной причине,Общество
"«Тебе жалко ноги раздвинуть?»Порноместь, нищета и угрозы. Как развод превращает жизнь кавказских женщин в кошмар",Общество
"«В воздухе стоял пряный винный дух»Дача, грузинское вино и африканские музы: из чего состоит русский символизм Нателлы Тоидзе",Политика
"Наследник Рокфеллеров бесследно пропал, изучая племя каннибалов.Его могли съесть, а кости разобрать на трофеи",ЧП
20 лет назад умер знаменитый футболист и тренер Константин Бесков.Чем он прогневал Сталина и как стал легендой советского футбола?,Спорт
В России предложили расширить один тип налоговых вычетов,Экономика
6 мая: какой праздник отмечают в России и мире,Общество
Иран выступил с предупреждением в сторону США,Политика
Европейским странам предложили победить бедность самостоятельно,Экономика
Американскую «Колумбию» назвали подлодкой третьей мировой,Политика
Еще в одном российском городе отменили парад в честь Дня Победы,ЧП
В результате удара беспилотников в Крыму погибли пять человек,Конфликты
Молния попала в трех прятавшихся от ливня девочек,ЧП
Губернатор раскрыл подробности налета ВСУ на российский регион,Конфликты
Вступило в силу объявленное Зеленским перемирие,Политика
В МИД России уличили Украину в нежелании заканчивать конфликт мирным путем,Конфликты
Госдеп раскрыл темы разговора Лаврова и Рубио,Политика
Японский депутат обвинил Киев в начале конфликта на Украине,Конфликты
Китай испытал корабельную систему ПВО для перехвата беспилотников,Конфликты
ВВП Украины упал,Экономика
Арабская страна снизила цены на нефть для Азии,Экономика
Генерал рассказал о новой тактике российских ракетно-дроновых ударов по Украине,Конфликты
Любителей ужинать перед сном предупредили о риске опасного заболевания,Общество
МИД России заявил о создании ЕС и НАТО рисков для судоходства на Балтике,Политика
В МИД допустили провокации Украины на собственной территории,Политика
Вучич объяснил отказ вводить санкции против России,Политика
Украинскую «мову» захотели сделать языком искусственного интеллекта,Наука
Еврокомиссар заявил о начале самого серьезного энергетического кризиса в истории,Экономика
Полковник ВСУ сбежал с украденными у солдат деньгами,Конфликты
Российский посол рассказал о последствиях антироссийского курса Берлина,Политика
Самая популярная в России иномарка обновилась.Как поменялся Haval Jolion: тест-драйв «Ленты.ру»,Политика
«Суровые приговоры не решают проблему»В России задумались о смягчении наказаний за наркотики. Что ждет полицию и черный рынок?,Культура
Миллионы людей живут с хроническим недосыпом. Как бороться с бессонницей и какие техники помогают практически каждому?,Политика
Итальянский политолог возложил на Запад вину за войну в Донбассе,Конфликты
5 мая: какой праздник отмечают в России и мире,Общество
Стал известен новый главный тренер сборной Украины по футболу,Спорт
Слуцкий высказался об объявленном Зеленским перемирии,Политика
Раскрыт неожиданный фактор улучшения контроля сахара при диабете,Общество
МИД России назвал условие для возобновления отношений с Японией,Политика
Женщина потеряла память после аварии и снова вышла замуж за того же мужчину,ЧП
Мировые цены на нефть достигли максимума с 2022 года,Экономика
Россиянам раскрыли лучшее время для наблюдения потока эта-Акварид,Общество
НАТО обвинили в учениях по захвату Калининградской области,Наука
Зеленский объявил перемирие после угроз нанести удар по параду Победы в Москве. Что заставило президента Украины передумать?,Политика
Врач дал совет часто встающим ночью в туалет людям,Общество
Беременная топ-модель снялась обнаженной,Политика
В России зафиксировали рост зарплат неквалифицированных рабочих,Экономика
Назван способный замедлить болезнь Паркинсона продукт,Наука
Жители Закарпатья устроили протест из-за мобилизации священника,Конфликты
Взрывы прогремели в Чебоксарах и Казани,ЧП
Полянский оценил возможность возрождения миссии ОБСЕ по Украине,Политика
Провальный iPhone подешевел,Экономика
Сестра «Международной сенсации» GQ 2023 года изнасиловала двух школьников,Общество
Беспилотники атаковали еще один российский регион,Конфликты
Трамп назвал позволяющий Украине вести боевые действия фактор,Конфликты
Появились подробности последствий атаки БПЛА на Чебоксары,Конфликты
Оказанная молодой матери услуга привела к засорившемуся туалету и «вони во всем помещении»,ЧП
Финляндию заподозрили в договоренностях с Украиной о воздушном пространстве для дронов,Конфликты
Трамп рассказал о пути захваченной у Ирана нефти,Экономика
"111 лет назад в России появился первый танк.Почему невероятный проект свернули, а «царь-танк» пустили на лом?",Культура
"«Болезненную реальность надо признать»Командир расчета БПЛА — о боях за Доброполье, тактике пилотов ВСУ и главной проблеме фронта",Конфликты
«Я никогда не видел там холуев»Комментатор Уткин неделями жил на роскошных яхтах миллиардера Абрамовича. Какую жизнь он там вел?,Общество
«Ваши женщины самые красивые на планете». Почему иностранные туристы так любят Россию и какие русские традиции их шокируют?,Политика
Трамп вновь вступился за Нетаньяху,Политика
4 мая: какой праздник отмечают в России и мире,Общество
ВСУ нанесли удар по российскому предприятию,Конфликты
Премьер Финляндии поставил Зеленского на место,Культура
Трамп рассказал об «очень позитивных» переговорах с Ираном,Политика
«Интер» в 21-й раз стал чемпионом Италии по футболу,Спорт
Трамп предостерег от попыток помешать «проекту Свобода»,Политика
Летевший на саммит в Армению борт европейского лидера совершил экстренную посадку,Экономика
Убийца ученого из «таинственного» списка ФБР отказался признать вину,Наука
Найден неожиданный способ поддержать здоровье мозга,Политика
Захарова заявила о навязывании гражданства США детям дипломатов,Политика
Уиткофф сделал новое заявление по переговорам США и Ирана,Политика
Фон дер Ляйен назвала стратегическую ошибку Германии,Политика
Резко похудевшая звезда «Эйфории» стала героиней откровенной съемки для журнала,Политика
Психотерапевт назвала железные причины мастурбировать перед свиданием,Политика
В Иране отвергли один пункт мирного плана для США,Политика
Волочкова заявила о планах судиться за свою пенсию,Экономика
На Украине назвали причину санкций против Лукашенко,Политика
Европейский лидер рассказал о просьбах надавить на Казахстан из-за России,Экономика
В элитном ЖК в Москве произошел взрыв,ЧП
Великобритания захотела присоединиться к кредиту ЕС для Киева,Экономика
Беспилотник попал в здание в Москве,Конфликты
Россиянам подсказали регионы с самым быстрым ростом зарплат,Экономика
Извращенец схватил девушку и утащил в метро,Транспорт
Игроков PlayStation заставят показать свои игры,Политика
«Я чувствовала себя изгоем»Как Сидни Суини стала одной из главных звезд Голливуда и почему сексуальность стала ее проклятием?,Спорт
«Я везде беру власть». Африканский король захватил лес в Шотландии и объявил себя потомком библейского царя. Чем это кончилось?,Конфликты
Вор в законе Роспись чтил криминальные традиции и боролся с чеченскими бандитами.Как за ним охотились лучшие киллеры 1990-х?,Политика
«Я не мог себя защитить»Бразильский атлет лидировал в марафоне на Олимпиаде. Но сумасшедший священник лишил его золотой медали,Спорт
3 мая: какой праздник отмечают в России и мире,Общество
Подозреваемого в отравлении крысиным ядом детского питания задержали,Общество
В Лондоне четыре человека пострадали в результате стрельбы из автомобиля,Транспорт
В России расширили перечень профессий для альтернативной службы,Политика
Иран передал США ответ из 14 пунктов на предложение по урегулированию конфликта,Конфликты
ВСУ попытались ударить по Москве,Конфликты
Российские военные уничтожили пять БПЛА в Тульской области,Конфликты
Евродепутат рассказал о махнувшем рукой Западе после трагедии в Одессе,Экономика
В Европе заявили о приходе к точке невозврата в отношениях с США,Экономика
Раскрыто отношение украинцев в Италии к политике Киева,Политика
Средняя зарплата в девяти отраслях превысила 150 тысяч рублей,Экономика
Генконсул рассказал о недружественном отношении к россиянам в Австрии,Общество
Иран отреагировал на слова Трампа о пиратстве,Политика
На Украине раскрыли главный страх Зеленского,Политика
Учения НАТО с участием армии США начались в Польше,Наука
Трамп вновь высказался об ударах по Ирану,Конфликты
В Европе связали с обидой на Мерца решение Трампа вывести войска из Германии,Экономика
США сократят численность военного контингента в европейской стране,Экономика
Трамп пообещал рассмотреть ответ Ирана на предложение по урегулированию конфликта,Конфликты
Названо число перенаправленных США с начала блокады связанных с Ираном судов,Политика
Аракчи заявил о ложных стереотипах об иранской ядерной программе,Политика
Россиянам назвали дату следующих рекордно длинных новогодних каникул,Политика
В России заявили о движении мира к крупнейшему энергокризису в истории,Политика
"Мужчины помешались на изменении тела ради «идеальной внешности». В ход идут молотки и вещества, растворяющие кости",Общество
"Николас Кейдж-паук, «Очень странные дела» со стариками и СССР на Луне.10 главных сериалов мая",Культура
«Люди бесконечным потоком движутся к стройке»Как в 1950-е в Китае строили новое государство: уникальные кадры советского фотографа,Культура
2 мая: какой праздник отмечают в России и мире,Общество
Алаудинов ответил на заявление украинской разведки о прослушке на его совещаниях,Политика
Стало известно о новом предложении Ирана по завершению войны,Конфликты
Военные «Севера» показали уничтожение штурмовиков ВСУ,Конфликты
Футболист «Крыльев Советов» получил сотрясение мозга,Спорт
Медведчук назвал фамилии готовивших трагедию в Одессе в 2014 году,ЧП
На Украине возмутились находке внутри российских дронов,Конфликты
В Германии сотни тысяч протестующих потребовали отставки Мерца,Политика
Дмитриев заявил о смертельном ударе по промышленности ЕС,ЧП
Белоусов заявил об укреплении «ядерного кулака» против России,Политика
Марочко оценил перспективы ВС России в ДНР,Политика
На Украине обвинили Зеленского в создании мафиозной структуры,Политика
США выведут американских военнослужащих из Германии,Политика
В МИД России раскрыли условие для надежного урегулирования на Украине,Политика
Раскрыта причина отсутствия визитов Уиткоффа и Кушнера в Киев,Политика
Раскрыта причина глубокой деградации в отношениях стран СБ ООН,Политика
В МИД России назвали расширение НАТО «ползучей геополитической агрессией»,Политика
FT озвучила плохую новость для Украины,Политика
В России высказались об урегулировании конфликта на Украине,Конфликты
В правительстве Германии раскритиковали Трампа из-за одного решения,Политика
Силы НАТО отработали сценарии изоляции Калининградской области,Культура
Названа причина появления испорченных зубов у современных детей,Общество
Россиян предупредили о последствиях позднего употребления шашлыка,Общество
Причастных к атакам на Брянскую область операторов БПЛА объявили в розыск,Конфликты
На американском эсминце вспыхнул крупный пожар,ЧП
Отпуск — удобная возможность для квартирных воров.Как обезопасить жилье перед долгим отъездом?,Общество
"«Восемь часов на работу, восемь на сон, восемь на то, что хочу!»Как в СССР из кровавых протестов сделали праздник с парадами",Общество
В России предложили выплачивать 13-ю зарплату к 1 мая,Экономика
"«Безумная фетишистская хрень»В Сети огромную популярность набрал ИИ-сериал о говорящих фруктах. В нем — измены, насилие и убийства",Общество
От генсеков на Мавзолее до столкновений с ОМОНом.Как первомайские демонстрации 1990-х обернулись против их же создателей,ЧП
1 мая: какой праздник отмечают в России и мире,Общество
Трамп наотрез отказался уступить Ирану в одном вопросе,Политика
«Мир! Труд! Май!» Открытки с 1 Мая:110+ картинок и поздравлений на Праздник весны и труда,Общество
Россиянам запретили вывозить золото из страны,Политика
1 Мая в 2026 году: история и традиции праздника,Общество
Останки мирных жителей обнаружили в населенных пунктах в ДНР,Общество
Фицо связал колебания цен на нефть со сном Трампа,Экономика
Стали известны победители первых полуфиналов Лиги Европы,Спорт
В Германии отреагировали на угрозы Трампа вывести войска,Конфликты
ВСУ убили двух подростков на мотоцикле,Конфликты
Трамп необычно объяснил отказ от бронежилета после покушения,Политика
Жена Зеленского зарегистрировала в ЕС свой бренд,Политика
Путин рассказал о силе и опасности медведя,Политика
Сыновья Трампа совершили крупную сделку в Казахстане,Политика
Медведев назвал связанную с дронами проблему всех армий мира,Конфликты
ВСУ снова атаковали Туапсе,Конфликты
В Германии предупредили об угрозе новой войны,Конфликты
«Тотальный хаос». Трамп заявил о победе над Ираном и обвинил НАТО в доведении Украины до полного бардака,Политика
Россия пригрозила ответом на попытки ввести блокаду Калининграда,Политика
Премьер Словакии стал грузчиком,Культура
На Западе рассказали о потрясшем Зеленского событии,Политика
В Британии раскрыли реакцию НАТО на угрозы Трампа вывести войска из ФРГ,Политика
Украинцы сожгли пикап ВСУ,Конфликты
В российском регионе произошли взрывы,ЧП
«Я приехал сюда за деньгами»Как в ВСУ вербуют тысячи латиноамериканцев и что ждет иностранных наемников на Украине?,Конфликты
«Он был так близок к успеху»В 1938 году плотник спланировал идеальное покушение на Гитлера. Он почти спас мир от Второй мировой,Политика
«Разрушительные последствия». Как медицинский туризм в Турцию оборачивается потерей органов и зубов,Общество
30 апреля: какой праздник отмечают в России и мире,Общество
«Арсенал» и «Атлетико» благодаря двум пенальти сыграли вничью в первом матче 1/2 финала ЛЧ,Спорт
Трамп предложил Путину небольшое перемирие на Украине,Политика
Списание безнадежных долгов по налогам и маркировка тортов в системе «Честный знак». Что изменится в России с 1 мая,Экономика
Названы самые популярные ловушки мошенников для туристов,Общество
В России в преддверии праздников начался сокращенный рабочий день,Общество
Белоусов заявил об ориентации России на отказ США от ДСНВ,Политика
Выявлен неожиданный фактор риска рака поджелудочной железы,Наука
Тысячи таинственных синих существ вынесло на пляж,Политика
Путин выразил надежду на поддержку Кадырова жителями Чечни на выборах,Политика
Рядом с посольством США в Багдаде сбили разведывательный беспилотник,Конфликты
"Трамп и Путин поговорили впервые за 51 день. Американский лидер уверен, что сделка по Украине уже близка",Политика
Белоусов заявил об обсуждении на Западе передачи Киеву элементов ядерного оружия,Политика
Известный российский комик занялся сексом в плацкарте,ЧП
Названы самые популярные у россиян фетиши в порно,Общество
Политолог заявил о нежелании Зеленского урегулировать конфликт на Украине,Конфликты
Флотилия с гумпомощью для сектора Газа подала сигнал SOS,ЧП
В России оценили разговор Путина и Трампа,Политика
Жители российского региона сообщили о серии взрывов,ЧП
Зеленского призвали смириться с заявлением Мерца,Политика
В МИД России заявили об использовании США ДНЯО в корыстных целях,Политика
В Одессе произошли многочисленные взрывы и пожары,ЧП
Елена Летучая в прозрачном платье отметила день рождения мужа,Общество
«Кровь у нас разная»Автор культового «Олененка» вновь разыгрывает кризис британской мужественности. Чем поражает «Получеловек»?,Общество
Глава МЧС высказался о ситуации в Туапсе,ЧП
"«Театр уродцев»Унижения, насилие и поедание червей. Почему россияне сходят с ума по треш-блогерам и кто спонсирует их стримы?",Культура
«Война. Прошу прибыть ко мне»Легендарный маршал победил нацистов в гонке вооружений. Как ему удалось пережить сталинские чистки?,Конфликты
29 апреля: какой праздник отмечают в России и мире,Общество
«Спали на ящиках с экспонатами»Нацисты взрывали и грабили музеи по всему СССР. Как уникальные ценности спасали из лап Гитлера?,Культура
ПСЖ обыграл «Баварию» в матче с девятью голами в полуфинале Лиги чемпионов,Спорт
В ЕС хотят создать военный альянс с Украиной и Британией. Зачем европейцам такой аналог НАТО и как он поможет Киеву?,Экономика
Директор Долиной резко прокомментировал информацию о ее госпитализации,Политика
Захарова обратилась к Украине с одной важной просьбой,Политика
Экс-главе ФБР предъявили обвинения в угрозах Трампу,Политика
Обнаружено защитное действие популярной специи при диабете,Политика
Скандальная порномодель снялась с младшим братом и попала под шквал критики,Общество
В Минобороны раскрыли детали парада Победы в Москве,Общество
ВСУ вновь пытались атаковать Севастополь,Конфликты
Захарова назвала условие мирного урегулирования по Украине,Политика
В Еврокомиссии высказались по поводу закупок авиатоплива у России,Экономика
Захарова высказалась о спонсорах Зеленского,Политика
Путин потребовал жестко пресекать провокации перед выборами,Политика
Захарова раскрыла позицию России по урегулированию на Украине,Политика
Зеленского заподозрили в перевозке VIP-бортом секретного груза двум странам,Транспорт
Самая красивая теннисистка Канады восхитила снимками в бикини,Спорт
Раскрыта неожиданная правда о частоте секса,ЧП
Российский боец рассказал о минах ВСУ в виде электронных сигарет,Конфликты
В США призвали Украину забыть о военной победе над Россией,Политика
Мощные удары дронов-камикадзе «Герань-2» по Харькову попали на видео,Конфликты
В российском городе расширили границы зоны ЧС,ЧП
В США объяснили появление «Ковра» у российского Су-57,Политика
Извращенец облизал ноги сотне женщин и попал под суд,ЧП
На Западе рассказали о расколе в Европе из-за идеи единой армии ЕС,Экономика
"«От ипотеки избавляются те, кто влез в нее на эмоциях»Россияне стали массово продавать квартиры, купленные в кредит",Экономика
"«Я не понимаю, как она это терпит»От страданий и тяжелой инвалидности Олесю спасет операция на позвоночнике. Нужна наша помощь",Общество
Двухметровый архитектор 17 лет убивал женщин и закапывал их тела вдоль шоссе.Что помогло поймать маньяка?,Транспорт
«Закулисное лобби»Вместе с демократией в СССР проникли масоны. Как они вербовали сторонников и лезли в политику?,Политика
28 апреля: какой праздник отмечают в России и мире,Общество
На Украине выступили с тревожным прогнозом,Политика
Стало известно о смерти украинского архитектора в военкомате,Политика
«Это может привести к большой войне». Боевики в Мали начали наступление на правительственные войска и Африканский Корпус России,Конфликты
Журналист рассказал о сокрытии правды о подрыве «Северных потоков»,Политика
Россиянам напомнили о штрафах за одно действие около дома,Общество
Фон дер Ляйен ответила на жесткий ультиматум блока Мерца,Политика
Выявлен неожиданный фактор повышения риска рака,Наука
Жители одного штата пожаловались на нашествие крыс крупнее кошек,Общество
Европе пригрозили «ядерной зимой» из-за действий Финляндии,Экономика
В европейской стране предложили запретить русские имена,Экономика
Проваливший экзамен школьник похитил и изнасиловал отличницу,Общество
Дмитриев предрек крах ЕС,Политика
Рубио назвал главное препятствие по Ирану,Политика
Сидни Суини бросила трусы в толпу на фестивале кантри-музыки,Культура
40-летний мужчина попросил девушку изменять ему и довел до слез,ЧП
Финский политик обратился с необычным призывом к Европе,Экономика
В Финляндии предложили Европе ввести санкции против самой себя,Экономика
ВСУ ударили по Севастополю,Конфликты
Предсказан шанс Финляндии на отказ от противостояния с Россией,Политика
В МИД России высмеяли фото посла Украины во время покушения на Трампа,Политика
В Германии сообщили об усилении давления на Украину,Политика
В российском регионе 25 тысяч жителей остались без света из-за снегопада,Погода
Стало известно об отказе навигационных приборов Су-47,Политика
Собака употребила 12 граммов наркотика,Политика
Вор в законе Сво Раф стал крестным отцом Армении.Его уважала мафия Италии и наркокартели. Как смерть авторитета остановила войну?,Конфликты
Укрощение строптивой.На втором сроке Мелания Трамп резко сменила имидж. Для чего она это сделала?,Политика
27 апреля: какой праздник отмечают в России и мире,Общество
Террористы убили министра обороны Мали,Конфликты
Россиянин поставил на Трампа и выиграл полмиллиона рублей,Экономика
Двух россиянок задержали из-за видео с танцами на фоне собора,ЧП
«Их нефтяная инфраструктура обрушится». Трамп дал Ирану три дня,Экономика
В России началась четырехдневная рабочая неделя,Политика
Полиция Лондона допросит сотрудников офиса премьер-министра,Культура
Американские корабли экстренно оснастили «адским огнем» для защиты от БПЛА,Конфликты
Конгрессмен рассказал об НЛО размером с футбольное поле,Спорт
Минобороны отчиталось о взятых под контроль ВС России населенных пунктах,Конфликты
Названы самые клиентоориентированные госорганы,Политика
Кремль анонсировал визит зарубежных лидеров в Россию на День Победы,Политика
Киркоров рассказал о своих опасениях из-за SHAMAN,Политика
Над регионами России за неделю сбили более 2700 дронов ВСУ,Конфликты
Высокопоставленный чиновник Пентагона обвинил Украину в масштабном воровстве помощи США,Политика
Эксперт по сну назвал идеальное время суток для секса,Политика
Иран через посредников передал США трехэтапную формулу переговоров,Политика
Стало известно о роковой шутке перед стрельбой на ужине с Трампом,Политика
Дочь Джуда Лоу порадовала фанатов снимком в откровенном бикини,Общество
В Европарламенте высказались о возможном нападении России на ЕС,Экономика
В России оценили возможность диалога с европейской страной,Экономика
В Берлине заявили о возможном запрете на российскую и советскую символику 9 мая,Политика
В Киеве сообщили об обсуждении тихого переворота в политическом закулисье,Политика
Стало известно о спасении жителя Севастополя от БПЛА благодаря пленке на окнах,Общество
Комбриг ВСУ рассказал об отличии мобилизованных в 2022 и 2026 годах,Конфликты
Стало известно о низком уровне безопасности на приеме со стрельбой в Вашингтоне,Политика
В Израиле прошли акции протеста против Нетаньяху,Экономика
«Приземлилась на ноги — ощущение счастья»Советская гимнастка выиграла Олимпиаду в 15 лет. Что разрушило ее карьеру и жизнь?,Спорт
Медведь напал на человека в российской республике,ЧП
26 апреля: какой праздник отмечают в России и мире,Общество
Момент удара дрона-камикадзе «Герань-2» по бензовозам на АЗС попал на видео,Конфликты
МИД порекомендовал россиянам не посещать еще одну страну,Политика
Стало известно о переводе под Сумы тыловой роты ВСУ,Конфликты
Стало известно о пострадавших при атаке ВСУ на Севастополь,Конфликты
ВС России нанесли удар еще по одному объекту в Днепропетровске,Конфликты
Серия мощных взрывов прогремела над Ярославлем,ЧП
В Польше предложили депортировать украинцев за мелкие правонарушения,Политика
Папа Римский осудил решение США,Политика
Президент Ирана назвал условие для участия в переговорах,Политика
Крупный теракт произошел в латиноамериканской стране,Конфликты
Губернатор Севастополя рассказал о страшных последствиях атаки ВСУ,Конфликты
Зеленский обозлился на США из-за поддержки России,Политика
«Метр за метром нашей земли». Как природа помогает российским военным продвигаться в Донбассе?,Транспорт
Вернувшиеся из плена российские солдаты рассказали об условиях в украинском плену,Конфликты
Названа причина падения обороноспособности ВСУ у Богуславки,Конфликты
Президент Колумбии прокомментировал теракт в стране,Конфликты
Банкам закрыли лазейку для учета «левых» доходов,Экономика
Одной категории россиян в 2027 году пересчитают пенсии,Экономика
Иран объяснил трудности в переговорах с США,Политика
Раскрыта информация об отрядах ВСУ с наемниками,Конфликты
Раскрыта причина нежелания госсекретаря США участвовать в переговорах с Ираном,Политика
Бузова перенесла опасную процедуру ради спектакля,Культура
Секретная служба эвакуировала Трампа с торжественного ужина,Политика
Новый глава ВМС США выступил с заявлением,Политика
Россиянам напомнили о вступающих в силу 1 мая законах,Политика
Раскрыта причина эвакуации Трампа с торжественного ужина,ЧП
«Упеките его за решетку»Весь мир ополчился против самого популярного блогера. За что его ненавидят и почему считают Антихристом?,Политика
"«Снимай, чтобы в кадре я был грозный»80 лет назад родился Жириновский. «Лента.ру» публикует редкие кадры последних лет его жизни",Культура
«Заваливают в сауну и в чем мать родила расползаются по полкам». Какие привычки немцев шокируют россиян?,Общество
«Такого не найти в современной чернухе»«Лики смерти» считали самым чудовищным фильмом в истории. Теперь он возвращается,Культура
25 апреля: какой праздник отмечают в России и мире,Общество
Открытки на День дочери:80+ картинок и поздравлений,Общество
«Это истеричные дети». В ЕС пришли в ужас от планов премьер-министра Словакии посетить Россию 9 мая. Как они хотят помешать Фицо?,Культура
ЕС введет новый запрет против российского газа,Экономика
В Китае рассказали о шоке от фото изможденных солдат ВСУ,Конфликты
КСИР объявил о захвате двух судов после попытки пройти через Ормузский пролив,Конфликты
Беспилотник повредил дома в российском городе,Конфликты
Третьяк предостерег Овечкина от политической карьеры,Политика
Дуров пригрозил уходом Telegram из Франции,ЧП
В США решили вернуть расстрелы в качестве методов казни,Политика
Трамп заявил о готовности Ирана удовлетворить требования США,Политика
Военкоры сообщили о массированной атаке и «огромном пожаре» на украинском объекте,ЧП
В МИД ответили на грубое высказывание спикера парламента Молдавии о после России,Политика
Зеленскому предсказали «дворцовый переворот» в Киеве,Политика
Аргентина обратилась к Британии из-за Фолклендских островов,Политика
Иран опроверг слухи о встрече с США в Пакистане,Политика
Еще один российский регион попал под удар дронов,Конфликты
Министр финансов США высказался о повторном снятии санкций с российской нефти,Экономика
Евродепутат заявил о «сошедшей с ума» Прибалтике из-за инцидента с самолетом Фицо,Транспорт
"Лавров заявил, что Запад объявил России открытую войну. О каких новых союзниках страны рассказал министр?",Политика
Нетаньяху рассказал о лечении от рака простаты,Политика
Трамп назвал «мерзкого человека года»,Политика
Вскрылись новые проблемы главы ФБР с алкоголем,Политика
«Их убили во сне»10 лет назад в доме полковника МВД произошла кровавая бойня. Ради чего бандиты пошли на страшное преступление?,Культура
"В кино снова показывают «Дом, который построил Джек».Почему кровавый шедевр Ларса фон Триера стоит пересмотреть?",Культура
24 апреля: какой праздник отмечают в России и мире,Общество
Песков заявил о готовности к поставкам газа по одной из веток «Северного потока»,Политика
Зеленский отверг идею «символического» членства Украины в Евросоюзе,Политика
"ФБР расследует загадочные исчезновения ученых, изучавших космос и НЛО. Это связывают с планами Трампа раскрыть секретные документы",Наука
Российский БПЛА-амфибию «Меридиан» испытают на водоеме,Политика
На Украине рассказали о потерявших по 40 килограмм веса военных ВСУ на позициях без еды,Конфликты
Стало известно о новых мерах поддержки российских семей,Политика
Ури Геллер предупредил Трампа о реальности телепортации,Политика
Стало известно о планах Трампа пригласить Путина на саммит G20,Политика
Евросоюзу напомнили о принципе бумеранга за санкции против России,Политика
Топ-менеджеров издательства «Эксмо» отпустили под обязательство о явке,Политика
Напавший с ножом на врачей россиянин рассказал о приеме наркотиков,Общество
В Европарламенте пообещали работать с Мадьяром для вступления Украины в ЕС,Экономика
Трамп высказался об участии Путина в саммите G20 в США,Политика
Популярная супермодель снялась в откровенных купальниках для Victoria's Secret,Общество
Опытный свингер рассказал о причине разочарования в оргиях,Политика
Стало известно о критическом состоянии одного из пострадавших врачей в Махачкале,Общество
Постпредство России при ЕС оценило запас прочности российской экономики,Экономика
Трамп оценил вероятность приезда Путина на саммит G20,Политика
Антироссийские санкции Евросоюза назвали нелегитимными,Политика
Трамп рассказал о работе над урегулированием украинского конфликта,Конфликты
Трамп назвал способ избежать нынешних мировых проблем,Политика
Трамп сравнил мир с казино,Политика
Трамп ответил принцу Гарри на обвинения о недостаточных усилиях по Украине,Политика
Трамп выступил за прямые контакты с Путиным,Политика
Назван самый надежный способ блокировки смартфона,Наука
Учительница станцевала тверк в классе и назвала себя «проституткой на миллион долларов»,Экономика
На Западе высмеяли внезапный шаг Украины,Политика
"«Наша юность прошла в огне»Как российские артиллеристы пятый год воюют в «зоне смерти» и где берут силы, чтобы сражаться",Конфликты
"Секс, ложь и Синяя Борода.Вышел новый роман Виктора Пелевина. Он посвящен «файлам Эпштейна». Почему его непременно нужно прочесть?",Культура
«Нет предела человеческой мерзости»Футбольному тренеру Анатолию Бышовцу исполнилось 80. За что его любят и ненавидят?,Спорт
23 апреля: какой праздник отмечают в России и мире,Общество
Поезд с молдавскими чиновниками сломался в пути,Транспорт
Раскрыт iPhone 18,Общество
Губернатор российского города-героя рассказал об атаке ВСУ,Конфликты
Россиянам напомнили о серьезных штрафах за просрочку налоговой декларации,Экономика
НАСА присоединилось к расследованию смертей и исчезновений исследователей НЛО,Наука
Названо число перехваченных ВМС США иранских судов,Политика
Евросоюз призвали подготовить план Б на случай энергокризиса,Экономика
В Минфине США заявили о разработке новых санкций против России,Политика
В МИД РФ высказались об отмене запрета на поездки в страны Ближнего Востока,Транспорт
В сети появились снимки 60-летней Синди Кроуфорд в бикини без фотошопа,Общество
Женщина вышла замуж после странной переписки на сайте знакомств,ЧП
На Западе назвали последствия новых антироссийских санкций,Политика
Министр ВМС США ушел в отставку,Политика
Россию пригласили на саммит G20 в США,Политика
На Западе предупредили о новом препятствии для помощи Украине,Политика
В МИД РФ охарактеризовали отношения с новыми властями Венесуэлы,Политика
На Западе сделали громкое заявление после выходки посла Украины в Польше,Политика
В России назвали главную проблему в отношениях с США,Политика
В МИД России прокомментировали возможность отправки нефти на Кубу,Экономика
Российский военный рассказал о попытках ВСУ бежать через «бутылочное горлышко»,Конфликты
Путин отдал свой бокал шампанского известному спортсмену,Спорт
В США объяснили отказ от списания «самолета для уничтожения советских танков»,Транспорт
Легендарный хищник перебежал дорогу перед мужем и женой,Политика
Мужчина жестоко отомстил чересчур правильному соседу за назойливость,ЧП
Названо условие возобновления выплаты Россией взносов в Арктический совет,Политика
"Миллионы людей не представляют своей жизни без сладостей. Правда ли, что сахар — это «белая смерть»?",Общество
«Мне было страшно — он был психопатом»В России хотят принять закон против сталкинга. Защитит ли он жертв от их преследователей?,ЧП
"«Ограбления, исчезновения, стрельба». Россияне едут в Мексику, несмотря на войны картелей. Безопасно ли там отдыхать?",Конфликты
"«Мне нужен сильный мужчина»Ольга Бузова о достойных партнерах, законах шоу-бизнеса и «минном поле» российской культуры",Политика
22 апреля: какой праздник отмечают в России и мире,Общество
Иранский политик высмеял «проигравшего» Трампа,Политика
Гретцки пригласили в Россию,Политика
Конфликт на Ближнем Востоке повысит интерес к российским «Орланам»,Конфликты
Трамп сообщил о боевой готовности военных США на фоне срыва переговоров,Политика
В Иране ответили на продление режима прекращения огня Трампом,Политика
Иран отказался признавать объявленное США прекращение огня,Политика
Трамп высказался о таинственных смертях исследователей НЛО,Наука
Крупнейшая авиакомпания Европы отменила десятки тысяч рейсов из-за нехватки топлива,Транспорт
Вернувшийся из плена в Мали геолог рассказал о жестоких условиях содержания,Политика
Дмитриев ответил Мерцу о главной помехе для Европы,Экономика
В Иране раскрыли судьбу переговоров с США,Политика
Врач раскрыл главные правила сна без боли в спине и отеков утром,Общество
В сети опубликовали архивное обнаженное фото возлюбленной Джейсона Стэйтема,Общество
Освобожденный из плена геолог ответил на вопрос о возвращении на Украину,Политика
МИД обвинил Нетаньяху в искажении исторических фактов о холокосте,Политика
Врачи предупредили об опасности скрытого вируса-долгожителя,Общество
Нидерланды испугались Канье Уэста,Политика
В Европарламенте выступили против помощи Украине,Экономика
Трампа уличили во лжи из-за слов о казни женщин в Иране,Политика
Рассекречен Samsung Galaxy S27 Ultra,Политика
Пилотов наказали за полеты в форме пениса,Политика
В США сообщили о «мрачных» итогах войны с Ираном,Конфликты
В Турции запросили объяснений после неоднозначного высказывания фон дер Ляйен,Политика
"«Скажите спасибо, что это была не хлорка»Жидкость для мытья пола сожгла пенсионера изнутри. Как в домах престарелых губят россиян",Экономика
100 лет назад родилась Елизавета II.Она прятала богатства и покрывала преступления сына. Но британцы все равно любили ее,Культура
21 апреля: какой праздник отмечают в России и мире,Общество
Открытки на Радоницу:70+ картинок с днем поминовения,Общество
Овечкину дали хитрый совет по поводу нового контракта с «Вашингтоном»,Политика
Ветеран оценил эффективность советского «Фагота» на СВО,Политика
Небензя прокомментировал пасхальное перемирие на Украине,Политика
Возглавлявший компанию Apple 15 лет Тим Кук покинет свой пост. Кто может его заменить?,Политика
Лох-несское чудовище дважды показалось на поверхности за пять дней,Политика
«Трамп — еще на два с половиной года. А что потом будем делать?» Зеленский объяснил отказ выводить ВСУ из Донбасса,Политика
Над российским городом раздались десятки взрывов,ЧП
Идущую под водой южнокорейскую субмарину сняли на видео с вертолета,ЧП
Украина потребовала от стран ЕС по проценту от ВВП,Экономика
В российском регионе из-за повреждения контактной сети задержали поезда,Транспорт
Евросоюз обвинили в использовании украинцев в своих интересах,Экономика
Мужчина потребовал у любовницы компенсацию после секса в сарае,ЧП
Командира элитной бригады ВСУ отправили в отставку из-за провалов на фронте,Конфликты
В МИД России высказались о наращивании Британией и Францией ядерных потенциалов,Политика
При аварии на Садовом кольце в Москве погиб велосипедист,ЧП
Раскрыты потери ВСУ с начала спецоперации,Конфликты
В Болгарии напомнили о хамстве Зеленского,Политика
Мадьяр допустил арест Нетаньяху в Венгрии,Политика
Дуров предрек европейской стране ужасные утечки данных,Экономика
Россиянин получил ранение при стрельбе у пирамид в Мексике,ЧП
Подполье сообщило о воздушном бое в небе над ЛНР,Общество
В США указали на отстраненность Трампа от конфликта на Украине,Политика
У женщины в мозге завелся червь длиной восемь сантиметров,Конфликты
Легендарный iPhone похоронят,Политика
Миронов призвал прекратить поставлять энергоресурсы странам НАТО,Политика
"Мединский попросил остановить онлайн-трансляцию конференции для учителей, чтобы не «фильтровать каждое слово»",Политика
"В России собираются взимать процент от проката зарубежного кино, чтобы финансировать отечественное",Культура
В Петрозаводске пенсионер умер в очереди на заправке,Экономика
"В «Яндексе» зафиксирован рост запросов о том, когда закончится война",Конфликты
Еврокомиссия выделила Украине почти четыре миллиарда евро на развитие беспилотников,Экономика
"Вторая суперъяхта, которую связывают с Путиным, отправилась из РФ в Турцию",Политика
Власти Азербайджана запретили регистрацию в соцсетях детям до 16 лет,Политика
В ЕС не готовят полный запрет на туристические визы для россиян,Политика
Косметический бренд CHA U KAO оштрафовали по статье о «пропаганде ЛГБТ» за рекламу с блогером Алексеем Жидковским,Политика
В России засекретят данные о росте цен на бензин,Политика
"Греф заявил, что главное, что сейчас волнует граждан, — «скорейшее завершение военных действий»",Политика
В работе сервисов Яндекса произошел масштабный сбой,ЧП
"Мать полугодовалого ребенка, погибшего в результате атаки БПЛА в Подмосковье, потеряла обе ноги. Она еще не приходила в сознание",ЧП
В Пензенской области введен режим повышенной готовности из-за дефицита топлива,ЧП
"«Договор, по которому последние несколько лет существовало российское общество: не вмешивайтесь в политику, а мы вам обеспечим стабильную повседневную жизнь, сейчас начинает рушиться». Социолог — о кризисе с бензином",Культура
В Тверской области женщина погибла при падении обломков беспилотника на дачный дом,ЧП
"Песков не стал говорить, из каких стран Россия может начать импортировать нефтепродукты",Экономика
Зеленский заявил о поражении центра космической связи «Дубна»,Политика
"Базу идентификаторов мобильных устройств (IMEI) хотят использовать для блокировки украденных, потерянных и незаконно ввезенных телефонов",Политика
Количество зараженных вирусом смартфонов в России в 2026 году выросло на 70%,Общество
"Один человек погиб, четверо ранены при атаках украинских беспилотников в Белгородской области",ЧП
Выпускницу ВШЭ отправили под домашний арест по делу о «фейках об армии»,Конфликты
Российских фигуристов допустили ко всем международным соревнованиям в нейтральном статусе,Политика
Шестимесячный ребенок погиб в результате атаки беспилотников в подмосковном Егорьевске,Конфликты
На подлете к Москве сбили 56 беспилотников. Минобороны отчиталось об уничтожении 419 дронов,Конфликты
Таксисты стали реже выходить на линию из-за топливного кризиса,Политика
В Монако при взрыве пострадали 3 человека. Среди тяжелораненых — украинский бизнесмен Вадим Ермолаев,ЧП
БПЛА снова атакуют Москву. На подлете к столице сбито 50 дронов. Над Ростовской областью — больше 60,Конфликты
Интервью Путина подрезали. Спекуляции бензином на фоне дефицита. Сын Кадырова гоняет после аварии,ЧП
"В Липецке судят 63‑летнего жителя деревни, который застрелил полицейского, приехавшего за его сыном‑дезертиром",Общество
В Орловской области предложили продавать бензин по номерам машин,ЧП
Российские власти готовы снижать стандарты для бензина — «Коммерсант»,Политика
Зеленский: с начала войны Россия 15 раз переносила сроки захвата Донецкой области,Конфликты
В аннексированном Севастополе введены веерные отключения электроэнергии,ЧП
В Саратовской области продлили ограничения на продажу бензина,ЧП
"Россияне массово ищут в сети, где приобрести бензин в канистрах",Общество
Российская разведка обвинила Украину в сотрудничестве с «ведущими наркокартелями Мексики»,Политика
"В правительстве заверили, что не будут менять условия семейной ипотеки до октября",Экономика
Российские власти впервые оснастили гражданское судно тяжелым вооружением — «Досье»,Политика
Детский лагерь в Пермском крае предлагает младшеклассникам смены «Штурмовик» и «Разведчик»,Конфликты
Российская армия нанесла удар по Харькову авиабомбой. Один человек погиб,Конфликты
"В Польше задержали украинцев и белорусов, обвиняемых в организации митингов по указанию России",Политика
Суперъяхту Путина заметили у берегов Дании в сопровождении эсминца и патрульного катера,Политика
Вербовщики удалили ИИ-рекламу военных контрактов с лицом Навального,Политика
"Адам Кадыров снял видео, на котором он выезжает на встречную полосу с превышением скорости",Политика
«Яндекс.Карты» скрыли по меньшей мере 119 военных объектов на западной границе России,Политика
"Венгрия приостановила прием документов на визы в Казани, Самаре и Уфе",Политика
В Германии в результаты стрельбы погибли пять человек,ЧП
Вербовщики на войну использовали лицо Навального для рекламы контракта с Минобороны,Конфликты
«Это правовой путь отказа от военной службы даже при мобилизации». Правозащитник — об АГС,Конфликты
Эрмитаж отменил все археологические экспедиции в Крыму,Наука
"Песков заявил, что Лукашенко не передавал Путину посланий от Зеленского",Политика
"Власти Мурманска подтвердили тотальный досмотр машин, которые едут в сторону города",Политика
"Военного, который требовал встречи с Путиным, арестовали за демонстрацию экстремистской символики",Политика
Четыре человека погибли в результате удара по Днепру,ЧП
Визовый центр Испании увеличил срок выдачи виз россиянам на фоне высокого спроса,Экономика
В Новосибирской области некоторые АЗС приостановили продажу топлива физлицам,Экономика
Популярный VPN-клиент Happ снова появился в российском App Store,ЧП
Российские перевозчики предупредили о росте цен из-за перебоев с топливом,Транспорт
Более 1300 участников войны сейчас находятся у власти — «Медуза»,Конфликты
"В Иркутске задержали перекупщиков, продававших бензин по 250 рублей за литр",Экономика
Фигурантам первого в России уголовного дела о «движении ЛГБТ» дали от 2 до 7 лет колонии,Культура
Латвия и Украина планируют построить завод по производству беспилотников на востоке республики,Конфликты
"«Пятерочка» и «Перекресток» приостановили закупку Raffaello, Kinder и Nutella",Политика
«Cюрпризов может быть намного больше». Военный эксперт — о взломе «Алабуги»,Политика
В Приморье ввели ограничения на заправку грузовиков,ЧП
Путин признал «определенный дефицит» после ударов ВСУ по инфраструктуре,Конфликты
"Путин заявил, что Украина передала России новые предложения по переговорам",Политика
США и Иран договорились прекратить взаимные удары и встретиться на этой неделе — Axios,Конфликты
Число погибших при ракетной атаке на военный завод в Волгограде выросло до двух,Конфликты
"Путин признал очереди на заправках, уменьшение резервов топлива и пообещал увеличение его производства в июле",Политика
Путин на съезде «Единой России». Повышенная готовность из-за дефицита бензина. Увольнения в Крыму,Политика
Коллапс в аэропорту Сочи. Военного задержали после угроз Путину. Первые 500 баллов на ЕГЭ в истории,Транспорт
В Воронеже силовики сорвали «Лимоновские чтения» и задержали до 40 человек,ЧП
Как оставаться близкими людям с разными взглядами?,Политика
"Лавров и Собянин возглавят первую «пятерку», с которой «Единая Россия» пойдет на выборы в сентябре",Политика
Путин выступил на предвыборном съезде партии и назвал «бойцов СВО» — элитой страны,Политика
"Два человека погибли, 16 ранены в результате атаки российских военных по Запорожской области",ЧП
«Быть Za Путина — базовый минимум». «Единая Россия» представила агитационный плакат к выборам,Политика
Правительство Израиля признало геноцид армян,Политика
В Иркутской области ввели режим повышенной готовности из-за ситуации с топливом,ЧП
На сайте «Алабуги» появилось сообщение о взломе от подпольной организации,Политика
"В Волгограде задержали нескольких человек, которые снимали вчерашнюю ракетную атаку",Конфликты
"На «Алых парусах» выпускникам показали обращение участника войны в Украине, записанное на фронте",Конфликты
Граждане «недружественных стран» начали сталкиваться с блокировкой депозитов в российских банках,Экономика
Выпускница из Москвы первой в истории сдала ЕГЭ на 500 баллов,Общество
Зеленский заявил об ударах по НПЗ в Краснодарском крае и Ярославской области,Конфликты
США и Иран снова обменялись ударами после подписания временного мирного соглашения,Конфликты
В Краснодарском крае горит НПЗ после атаки ВСУ. Один человек погиб,Конфликты
"Военного Лунина, отправившегося в Москву, чтобы встретиться с Путиным и предупредить его о военном мятеже, арестовали на 11 суток",Политика
Президент Сербии Вучич объявил о досрочном уходе с поста: «Это мои последние дни и недели»,Политика
Москвичей вынуждают записываться на получение загранпаспортов через госмессенджер Max,Политика
Трамп может отказаться от анкориджских договоренностей — Axios,Политика
"У жены военного Лунина, записавшего обращение к Путину и уехавшего для встречи с ним в Москву, прошел обыск",Политика
"Российская армия атаковала Сумы — 18 раненых, в том числе двое детей",Конфликты
12 человек пострадало после атаки ВСУ по музею «Самбекские высоты» в Ростовской области — губернатор,Конфликты
"В Астрахани зафиксирована вспышка сальмонеллеза. Отравились 14 человек, включая четверых детей, одна женщина умерла",Общество
«Лукашенко мог отвезти Путину предложение от Зеленского». Эксперт — о встрече лидеров России и Беларуси на Валдае,Политика
После ударов беспилотников в Белгородской области погиб мужчина,Конфликты
Россия и Украина обменялись пленными гражданами по формуле «7 на 7»,Политика
«Яблоко» рассказало о программе на выборах: прекращение войны и свобода общения,Конфликты
В Хабаровском крае на ряде заправок перестали продавать топливо в канистры из-за «спекулянтов»,ЧП
"СБУ заявило о поражении нефтеперекачивающей станции, через которую нефтепродукты поступают в Московский регион",Экономика
После взрыва в Шебекинском районе появился огромный столб дыма. Его видно из Белгорода,ЧП
Зеленский подтвердил атаку на военный завод в Волгограде,Конфликты
В Мурманской области жителей приграничья предупредили о диверсантах. Потом это сообщение было удалено,Общество
«Насилие будет встречено насилием». США нанесли удары по Ирану,Конфликты
"ВСУ ударили по заводу в Волгограде, где производят компоненты для «Орешника»",Конфликты
Украинский боксер Александр Усик отказался от всех чемпионских поясов,Спорт
В аннексированном Севастополе возобновят продажу бензина по QR-кодам,Экономика
"OpenAI выпустила GPT-5.6, но отложила публичный релиз по «просьбе» властей США",Политика
РФ резко увеличила импорт авиакеросина из Беларуси,Экономика
Израиль и Ливан подписали соглашение о начале частичного вывода войск ЦАХАЛ,Конфликты
В Ингушетии приостановили работу часть заправок «Роснефти»,ЧП
"Число жертв землетрясений в Венесуэле выросло до 920 человек, пострадавших — более трех тысяч",ЧП
Власти Иркутска установят биотуалеты на заправках в связи с многочасовыми очередями за бензином,Политика
"Отца экс-главы Росмолодежи приговорили к 6,5 годам в колонии по делу о мошенничестве",Политика
Трамп обвинил Иран в нарушении соглашения о прекращении огня,Политика
В Москве рядом с зданием фонда дочери Путина поставили систему ПВО,Конфликты
Путин и Лукашенко встретились в резиденции на Валдае,Политика
Путин подписал закон о «борьбе с кибермошенниками».,Политика
Международная федерация тяжелой атлетики разрешила российским спортсменам выступать с флагом и гимном,Спорт
Небольшой самолет врезался в самый высокий небоскреб Пекина,Транспорт
Женщины перекрыли проезд машине с группой военнослужащих у воинской части в Свердловской области,Транспорт
Минюст признал «иноагентом» издание «Эхо»,Политика
Российский МИД рекомендовал россиянам «воздерживаться от поездок» в Молдову,Транспорт
Путин назначил экс-главу Белгородской области Вячеслава Гладкова послом в Абхазии,Политика
Российские хакеры причастны к самой крупной кибератаке в ​​истории Великобритании — NYT,Спорт
Умер бывший министр обороны РФ Сергей Иванов,Конфликты
Россия и Украина обменяли по 160 военнопленных,Политика
"Военный Александр Лунин, ранее записавший обращение к Путину, заявил, что его пригласили в Москву",Политика
Режиссер Сарик Андреасян снимет «Двенадцать стульев»,Культура
В аннексированном Крыму ввели режим ЧС,ЧП
Неофициальный клиент Telegram — Telega — прекращает работу с 1 июля,Политика
«Достаточно странные формулировки». Песков отреагировал на обращение военного Лунина к Путину,Политика
Глава СК предложил снизить возраст уголовной ответственности до 12 лет и проводить в школах «Уроки мужества» с участниками «СВО»,Общество
В районе резиденции Путина перекрыта федеральная трасса М-11,Транспорт
Минэнерго Казахстана: запросов на поставку бензина в Россию не поступало,Политика
"В Госдуме предложили ввести смертную казнь для коррупционеров, подрывающих оборону",Конфликты
«В России сейчас достаточно объемов топлива для обеспечения внутреннего рынка» — вице-премьер Новак,Экономика
Вышел первый альбом Наоко и группы «Стоптайм». Некоторые песни были написаны еще в изоляторах,Культура
США не будут принимать просителей политического убежища,Политика
Россия ввела запрет на ввоз всей рыбной продукции из Армении,Политика
В Забайкалье ограничили продажу бензина до 15 литров на один автомобиль. Это самый жесткий лимит на территории страны,Транспорт
В аннексированном Крыму — обвальное снижение спроса на отели,ЧП
"В Дагестане задержали 17-летнего подростка, якобы готовившего нападения на школы по всему миру",Общество
Военный угрожает Путину мятежом. Пробка на выезд из Крыма. Киев начал операцию влияния на Россию,Транспорт
Ракетная опасность в Подмосковье. Скандал из-за мобилизации в Пензе. Соловьев готов пойти в снайперы,Конфликты
"На въездах на Крымский мост собралось более 2000 автомобилей, ночью по нему было закрыто движение",Транспорт
В Иркутске поднимают стоимость проезда в общественном транспорте из-за роста цен на топливо,Транспорт
Минобороны отчиталось о 660 сбитых за ночь беспилотниках,Конфликты
"Число погибших после землетрясений в Венесуэле достигло 235, США помогают справиться с последствиями",ЧП
С начала суток при подлете к Москве сбиты уже 47 беспилотников,Конфликты
Тульская область подверглась атаке дронов. Дым виден со стороны химзавода в Новомосковске,Конфликты
США продлили на месяц срок продажи зарубежных активов компании «Лукойл»,Политика
The Insider: ограничения на продажу топлива зафиксированы в 83 регионах — в российских субъектах и на оккупированных территориях,Политика
Обращения к Путину с угрозами мятежа записал экс-командир из батальона имени Судоплатова,Политика
Зеленский утвердил «40-дневную операцию воздействия» для побуждения России к окончанию войны,Конфликты
Росавиация сняла ограничения на полеты в Иран в ночное время,Политика
В отношении журналиста Дождя Михаила Фишмана возбудили уголовное дело — РЕН ТВ,Погода
Крупнейший НПЗ «Лукойла» остановил работу после атаки дронов — Reuters,Конфликты
Акции VK на Мосбирже опустились до исторического минимума,Экономика
Против журналиста «Медузы» возбудили уголовное дело об участии в «нежелательной» организации,ЧП
Экс-сотрудника Popcorn Books Павла Иванова приговорили к четырем годам лишения свободы условно,Политика
Украинского олигарха Коломойского заочно приговорили в России к 12 годам лишения свободы,Политика
В Apple объяснили удаление приложений «ВКонтакте» из App Store санкциями,Политика
Российский военный записал обращение к Путину и пообещал военный мятеж,Политика
"Лукашенко сообщил, что встречался с «представителями Зеленского»",Политика
В российских школах вдвое увеличат долю «начальной военной подготовки»,Общество
РФ закроет консульство Румынии в Петербурге,Конфликты
"В Max блокируют чаты, где обсуждают проблемы с бензином — СМИ",Общество
В Минюсте хотят запретить «иноагентам» передавать права на собственность через безвозмездные сделки,Политика
Уголовное дело на руководителей Popcorn Books завели из-за продажи книг несовершеннолетней,Культура
Apple удалила все приложения VK. Чего ждать дальше?,Политика
"Соловьев заявил, что готов отправиться на войну снайпером",Конфликты
ФСИН представила проект быстровозводимого исправительного центра на 200 мест — со спортплощадкой и сквером,Общество
В Дагестане ввели лимиты на продажу топлива,ЧП
Уголовное дело на руководителей Popcorn Books завели из-за продажи книг несовершеннолетней. Заказ был сделан по указанию силовиков,Культура
"В Max блокируют чаты, где обсуждают проблемы с бензином",Общество
В Московской области объявили ракетную опасность,Конфликты
Минцифры назвало удаление приложений VK из AppStore «политически мотивированным решением»,Политика
Рабочие сахарного завода под Пензой прогнали армейского вербовщика с проходной,Политика
Топливный кризис нарушил работу общественного транспорта минимум в четырех регионах,Политика
"Два человека, в том числе ребенок, погибли в результате ночной атаки ВСУ на Крым",Конфликты
"В Брянской области двое погибли, четверо ранены в результате атаки беспилотников",ЧП
"В Уфе слышны взрывы, атакован местный НПЗ",ЧП
До шести человек выросло число погибших в результате ракетного удара по Воронежу,Конфликты
Пуш-уведомления от сервисов VK и «Одноклассников» перестанут приходить из-за удаления приложений из App Store,ЧП
Минкульт создаст специальное хранилище «деструктивной литературы»,Политика
"Роскомнадзор начал блокировать часть трафика Apple, отвечающего за авторизацию",Политика
По всему аннексированному Крыму временно ограничили электроснабжение,ЧП
"Удаление приложений VK из App Store — повод «быстрее строить свой интернет», заявили в Госдуме",Политика
"Песков порекомендовал тем, кто активно пользуется VK, переходить на «наши системы» и Android",Политика
"Вообще все приложения холдинга VK, в том числе ВКонтакте и Одноклассники, удалены из App Store",Политика
"Два человека погибли, еще 22 ранены в результате атак российских военных в Запорожской области",ЧП
В Севастополе ограничили электроснабжение,ЧП
В Краснодарском крае второй раз за месяц атакована и горит нефтебаза в станице Полтавской,Экономика
Два мощных землетрясения произошли в Венесуэле. Как минимум 32 человека погибли,ЧП
В Ленобласти работника железной дороги задержали за слив дизтоплива из тепловоза,ЧП
"Замминистра юстиции России предложил ввести во всех странах ОДКБ аналог законодательства об «иностранных агентах», потому что они «подотстали маленько»",Политика
"Зеленский заявил, что чтобы заставить Россию «выбрать мир» Украина нуждается в помощи, которая обсуждалась на саммите G7",Политика
В Ульяновской области ввели ограничения на продажу топлива,ЧП
Беларусь после ультиматума Зеленского отключила ретрансляторы для «Шахедов»,Политика
"Россия захотела купить у Казахстана 50 тыс. тонн бензина, чтобы смягчить дефицит на внутреннем рынке",Экономика
"Дело против Трабера строится на показаниях его бывшего водителя, который вернулся из украинского плена",Политика
В 64 регионах России ввели ограничения на продажу топлива — «Вот Так»,Политика
У «Сбера» появится собственная станция метро в Москве,Транспорт
Застройщик Электрозавода пообещал при сносе комплекса сохранить его фасады и «узнаваемые черты»,Политика
"Министр финансов заявил, что не видит «скачка цен» на топливо, а если он и есть, то «незначительный»",Экономика
"Вертолет, обрабатывавший поле в Краснодарском крае, потерпел крушение",ЧП
Зампредседателя партии «Яблоко» Максима Круглова приговорили к семи годам колонии по делу о военных «фейках»,Политика
Цена нефти Brent опустилась ниже 75 долларов за баррель впервые с начала войны в Иране,Экономика
"В России, Беларуси и Казахстане осенью проведут совместные учения ОДКБ",Наука
Московский НПЗ вряд ли возобновит работу в 2026 году — Reuters,Общество
Угроза новой мобилизации. Стихи Охлобыстина об атаке на Москву. Путина уговаривают отменить выборы,Конфликты
Путин реагирует на обстрелы. Лавров ругается. Новые ограничения на бензин. Рекорд Роналду,Политика
"Министр юстиции заявил, что считать права и свободы граждан приоритетом — «не совсем правильный подход»",Политика
Мединский и Кравцов показали новый школьный учебник «История Донбасса и Новороссии»,Общество
Госдума приняла закон о сохранении порога выручки для уплаты НДС,Политика
В Липецкой области ввели ограничения на продажу бензина на пять дней,ЧП
В Адыгее вслед за другими регионами ввели лимиты на продажу топлива,ЧП
Из App Store в России пропало приложение Happ для подключения к прокси и VPN-серверам,Политика
Замглавы Минюста: сожительство без брака — прямая угроза нацбезопасности и «демографическому здоровью»,Политика
Авиакомпания «Азимут» заявила о критической ситуации на российском рынке авиатоплива — «Авиаторщина»,Транспорт
Власти столкнулись с трудностями с набором контрактников — «Важные истории» и «Верстка»,Политика
Перенос думских выборов не обсуждается — Песков,Политика
Два человека пострадали в Севастополе в результате атак беспилотников,Конфликты
Два человека погибли в Нижегородской области после атаки беспилотников,Конфликты
В Курганской и Брянской областях ввели ограничения на продажу топлива,Транспорт
Руководители ФСБ и глава Росгвардии убеждают Путина перенести думские выборы,Политика
Срок действия льготной ставки по семейной ипотеке могут ограничить 15 годами,Экономика
"Под Белгородом один человек погиб, еще один получил ранения после атаки беспилотников",ЧП
"Севастополь остался без света после атаки беспилотников, жителей попросили экономить заряд на телефонах",Конфликты
"Зеленский: «Большинство в России предъявляет Путину претензии о том, что его войне не видно ни конца, ни края»",Политика
Москва разрешила въезжать в город бензовозам без пропусков,Политика
В Ленобласти военным будут доплачивать по 100 тыс. рублей за каждый сбитый дрон,Экономика
Ограничения на продажу топлива ввели в 15 регионах России и аннексированном Крыму,Экономика
"Вице-премьер России назвал ситуацию на топливном рынке «непростой», но «контролируемой»",Политика
"Путин заявил, что Украина своими ударами по России «пытается создать проблемы с обеспечением энергоресурсами» и «повлиять на туристический сезон»",Конфликты
"На полу петербургской станции метро «Парк Победы» нанесут «изображения шевронов воинских подразделений, воевавших в составе вермахта» — чтобы на них наступали «как входящие, так и выходящие пассажиры»",Транспорт
На 25% снизилось производство бензина в России,Политика
Экс-губернатора Белгородской области Вячеслава Гладкова «рекомендовано» назначить послом в Абхазию,ЧП
В заголовке «Фонтанки» про бензин была шутка про «не глотать». Потом она исчезла,Общество
"На АЗС «Лукойла» в Вологодской области ограничили продажу бензина и дизельного топлива. Губернатор заявил, что ограничения ввели по всей стране",Политика
Российская альпинистка Алина Пекова попала в Книгу рекордов Гиннесса,Культура
«Люди просят пожарных и водителей скорых съездить за бензином и слить». Дождь попросил читателей рассказать о ситуации с бензином в их регионах,Погода
"Путин заявил, что открытое письмо Зеленского создает «конфликтный потенциал»",Политика
Глава Южной Осетии ушел в отставку,Политика
Вологжан попросили экономить топливо и не «создавать искусственный ажиотаж»,Наука
"«Люди, сопротивляйтесь, из армии уволиться невозможно, это однозначный путь попасть на войну». Правозащитник — о незаконной вербовке людей на улицах",Конфликты
По меньшей мере три человека погибли в результате удара российской армии по Кривому Рогу,Конфликты
Поводов сомневаться в стабильности российской макроэкономики нет — Песков,Политика
Губернатор Иркутской области удалил упоминание обстрелов в сообщении о дефиците бензина,Конфликты
В Пензенской области ввели лимит на продажу топлива,ЧП
Депутат Останина: закон о домашнем насилии отпугнет мужчин от брака,Политика
В Воронежской области объявили трехдневный траур,ЧП
Правительство Литвы ушло в отставку,Политика
Россияне стали в десять раз чаще искать в сети инструкции «как слить бензин»,Общество
Российские пользователи жалуются на проблемы с работой Twitch,Спорт
«Пепел»: в Белгородской области в результате ракетного удара разрушено здание мелового завода,Конфликты
В 15 регионах России объявили ракетную опасность,Конфликты
"Жители Евпатории, Джанкоя и еще нескольких муниципалитетов остались без электричества",Общество
Электронные сим-карты могут запретить регистрировать из-за границы — «Коммерсант»,ЧП
Украинские беспилотники снова атаковали Крым,Конфликты
Новосибирская область вслед за другими может ограничить продажу топлива на заправках,Экономика
"Трамп заявил, что Ормузский пролив открыт",Политика
"16 человек пострадали после урагана в Свердловской области, повреждены около 100 домов",ЧП
Белорусская оппозиция передала Украине доклад о «подготовке режима Лукашенко к возможному вступлению в войну»,Политика
Из-за смерча в Свердловской области обесточены более четырех тысяч домов,ЧП
"Ограничения на продажу бензина ввели в Омской, Иркутской, Саратовской и Воронежской областях",ЧП
Лионель Месси стал лучшим бомбардиром в истории чемпионатов мира,Спорт
Поставщиков раций для МВД и Росгвардии обвинили в мошенничестве и арестовали,Общество
На российских маркетплейсах запретили объявления о продаже бензина,Экономика
Пять человек погибли в результате удара по Воронежу,ЧП
В Эстонии нашли упавший беспилотник с пятью килограммами взрывчатки,ЧП
МРТ без направления врача можно будет делать только в платных клиниках,Общество
Крым изолируют от России. FT: Кремлю придется начать мобилизацию. ВСУ ударили по заводу в Воронеже,Конфликты
Песков: Путин и Лукашенко обсудят ультиматум Зеленского,Политика
США разрешили торговать иранской нефтью,Экономика
В Воронеже объявлен сбор крови и открыта горячая линия для поиска пострадавших после украинского ракетного удара,Конфликты
Фонд президентских грантов выделил деньги на обучение детей из Белгородской области навыкам жизни под обстрелами,Конфликты
"Умер американский экономист Алан Гринспен, который работал при четырех президентах США",Политика
В аннексированном Севастополе вслед за остальным Крымом ограничили движение мототранспорта,Транспорт
"Зюганов на съезде КПРФ предложил изъять из банков вклады граждан и деньги бизнеса. Позже он заявил, что «никто так не ставит вопрос» и «вклады граждан священны»",Экономика
Центр космической связи «Дубна» подтвердил массовую атаку беспилотников,Конфликты
Губернатор Владимирской области призвал жителей региона сократить поездки на машинах,Транспорт
В Воронеже ввели режим ЧС на нескольких улицах — губернатор,Политика
ВСУ ударили по трем российским автомобильным паромам на Керченской переправе,Транспорт
"В Воронеже был атакован завод по производству электроники для боевых ракет, заявили в ВСУ",Конфликты
ВСУ заявили об ударе по центру космической связи в подмосковной Дубне,Конфликты
Минпросвещения сообщило о плановом вывозе детей из «Артека»,Общество
"Минимум три человека пострадали в результата ракетного удара по Воронежу, один из них в тяжелом состоянии",Конфликты
В Воронеже — взрывы. Ракеты ударили по оборонному заводу,Конфликты
В Белгородской области в результате удара дрона погиб человек,Конфликты
Премьер-министр Великобритании Кир Стармер объявил о своей отставке,Культура
В Крыму до конца лета запретили заезды детей в лагеря,Общество
МРТ в России можно будет делать без направления лечащего врача,Общество
В Тульской области в городе Щекино беспилотник попал в многоэтажку,Конфликты
Собянин отчитался об отражении атаки на Москву — за сутки сбито 84 беспилотника,Конфликты
"У берегов Севастополя произошло землетрясение магнитудой 4,4",ЧП
В телеграм-канале Собянина появились сбор для ВСУ и сообщения «Москва будет гореть»,Конфликты
"Аббас Галлямов: «Сам факт того, что Путин молчит, говорит о том, что сказать нечего»",Политика
Участие северокорейских военных в войне против Украины войдет в единый учебник истории,Конфликты
США и Иран договорились о дорожной карте к соглашению в течение 60 дней,Политика
63 беспилотника сбиты на подлете к Москве — Собянин,Конфликты
Полиция сорвала встречу партии «Рассвет» после сообщения о «негативных высказываниях» о войне,Конфликты
Православный олигарх Малофеев призвал разблокировать Телеграм и заморозил свой канал в Максе,Политика
"В Петрозаводске военный открыл стрельбу из окна, два человека пострадали — 78.Ru",ЧП
Форум «Сильные идеи для нового времени» забанил пользователя за идею «остановить войну в Украине»,Конфликты
ВСУ блокируют Крым. Российские регионы без бензина. Путин поменяет друзей во власти на молодую элиту,Политика
Крым без света и бензина. Пьяный мужчина напал на детей в лагере. Иран и США готовятся к переговорам,Политика
Полиция Пензы пригрозила наказанием за сообщения о массовых задержаниях мужчин для отправки на «СВО»,Политика
"Британский премьер Стармер уйдет в отставку, заявил Трамп",Культура
В Швейцарии проходят переговоры между Ираном и США,Политика
Крым частично остался без водоснабжения,Политика
Советник главы Крыма призвал жителей полуострова временно выключить кондиционеры,Общество
Родителей чеченского активиста Мансура Мовлаева вернули домой после похищения,Политика
"Восемь человек погибли в результате атак на Полтавскую, Запорожскую и Днепропетровскую области",ЧП
Четыре человека погибли и 28 пострадали в результате атаки ВСУ на Крым,ЧП
В Севастополе временно ввели отключение электричества по графику,ЧП
В Крыму полностью прекратили отпуск топлива для жителей полуострова,Общество
Депрессия тоталитаризма и военных травм: почему в тяжелые времена важно жить одним днем,Политика
"Мужчина с мачете напал на посетителей ТЦ в Краснодаре. Погибла женщина, пять человек пострадали",ЧП
"«Медиазона» обнаружила подтверждение смерти военного Дамира Давыдова, машину которого взорвали в подмосковной Балашихе",ЧП
Иран закрыл Ормузский пролив,Политика
Трамп больше не хочет «дружить» с премьер-министром Италии Мелони,Культура
В Тюменской области атаковали НПЗ. Регион находится почти в двух тысячах километров от линии фронта,Конфликты
"В московском Чертаново очевидцы сняли процесс установки, вероятно, платформы для комплекса ПВО на крыше ЖК «Авеню 77»",Конфликты
«Авито» скроет объявления о перепродаже бензина «во избежание спекуляций на товары первой необходимости»,Экономика
Правительство Тульской области сообщило об очередях и отсутствии топлива на некоторых АЗС в регионе,Политика
20 июня поезда в аннексированном Крыму будут отправляться и прибывать только в Керчь,Транспорт
Тверская область ввела ограничения на продажу бензина,ЧП
Сооснователь Ubisoft погиб при крушении самолета во Франции,ЧП
ФСБ задержала жителя Подмосковья за «акции устрашения» против троих военнослужащих,Экономика
Строительный рынок загорелся в подмосковной Балашихе,ЧП
Власти Москвы разрешили снести здание Электрозавода — «Архи.ру»,Политика
За полгода в московских аэропортах больше 200 раз вводили ограничения. С начала июня это происходит почти ежедневно,Транспорт
"Президент Польши лишил Зеленского высшей награды страны из-за того, что он присвоил одному из подразделений украинской армии имя «Героев УПА»",Политика
В Кронштадте начали устанавливать бетонные укрытия от БПЛА,ЧП
Одного из задержанных во время облавы в Пензе отправили в оккупированный Мариуполь. Его заставили подписать контракт — «Медиазона»,Политика
Москва горит — Путин молчит. Трамп поверил в Украину? Кремль сажает «своих». Топливный кризис близко,Политика
"Участника «ЧВК Ястреб» приговорили к пяти годам колонии за пытки военкора, которого закопали в гробу на 12 суток",Политика
"Зеленский рассказал о «ретрансляторах» в Беларуси, которые используются Россией для корректировки атак по Украине. Он призвал Лукашенко убрать их — иначе «это сделаем мы»",Политика
Глава ЦБ Эльвира Набиуллина появилась на публике впервые с начала июня,Культура
Бывшего депутата Госдумы Юрия Напсо заочно арестовали по обвинению в изнасиловании,Политика
"Суд в Баку приговорил к реальным срокам еще восьмерых россиян, задержанных в 2025 году на фоне ухудшения отношений между Россией и Азербайджаном",Политика
Политика Ксению Фадееву и журналиста и военнослужащего ВСУ Петра Рузавина внесли в список «иноагентов»,Конфликты
"Пензенская полиция заявила, что якобы искала уклонистов, «получивших гражданство РФ». Правозащитники говорят о силовой вербовке мужчин из уязвимых групп",Конфликты
Сергей Собянин сообщил о 35 сбитых беспилотниках,Конфликты
"Центробанк снизил ключевую ставку с 14,5% до 14,25%",Экономика
Иранскую звезду Парасту Ахмади приговорили к 74 ударам плетью за пение без хиджаба,Конфликты
Песков порекомендовал смотреть «впечатляющие съемки» последствий ударов российских военных по Украине,Конфликты
Из-за последствий атаки дронов в Жуковском погибла восьмилетняя девочка — губернатор Московской области,Конфликты
В Волгоградской области организовали учения для чиновников по проведению массовой мобилизации,Наука
Ректор МГУ Виктор Садовничий вошел в совет директоров «Роснефти»,Политика
Причиной пропажи Набиуллиной из публичного поля стала тяжелая респираторная инфекция — FT,Политика
ФАС требует обосновать цены на топливо от еще одной столичной сети АЗС,Экономика
Тамару Эйдельман заочно приговорили к восьми годам по делу о «фейках» и «реабилитации нацизма»,Политика
В результате удара по Павлограду погибла восьмилетняя девочка,ЧП
Причиной одного из взрывов на Московском НПЗ могла стать российская ракета — Astra и «Важные истории»,ЧП
Лидеры ЕС согласились продлить санкции в отношении России сразу на год — Reuters,Политика
Запланированные на пятницу переговоры США и Ирана отменены — МИД Швейцарии,Политика
Суд на полгода продлил принудительное лечение якутскому шаману Александру Габышеву,Политика
"Жительница Пензы опубликовала видео, на котором женщины у военкомата пытаются отбить у силовиков мужчин, сидящих в автобусе",Транспорт
По меньшей мере девять человек пострадали в Харькове в результате обстрела,ЧП
Госдеп призвал граждан США не ездить в Россию или покинуть ее из-за ударов беспилотников,Конфликты
"На юго-востоке Москвы начали снимать ограничения движения, которые ввели после атаки беспилотников",Конфликты
США сняли морскую блокаду Ирана,Политика
"Верховный лидер Ирана заявил, что у него была «иная точка зрения» на меморандум о взаимопонимании с США",Политика
Путин игнорирует атаку на Москву. Россия увеличит расходы на войну. Приговор блогеру Митрошиной,Конфликты
"Удар по ‌Московскому НПЗ повредил установку переработки нефти, которая обеспечивает 47% мощности завода — Reuters",Экономика
Суд приговорил к шести годам и семи месяцам колонии сценариста сериала «Счастливы вместе» за убийство участника шоу «Дом-2»,Культура
Предзаказать GTA VI можно будет с 25 июня,Культура
Жителям Владимирской области предложили вступать в «мобильные группы» по борьбе с дронами,Конфликты
Торговый центр «Мега Белая дача» частично открыли для посетителей,ЧП
Лавров прокомментировал украинскую атаку на Россию угрозой Путина начать «проводить массированные групповые удары на регулярной основе»,Конфликты
Украина превзошла рекорд России по запущенным за сутки дронам,Конфликты
Мосэкомониторинг счел содержание загрязняющих веществ в воздухе Москвы не превышающим нормы,Общество
Минэкологии посоветовало жителям Подмосковья «минимизировать свое пребывание на улице»,Общество
"Власти Котельников заявили, что сообщат жителям адреса укрытий только при мобилизации или в военное время",Конфликты
"Пожар на Московском НПЗ «в основном локализован», пострадавших нет — Собянин",ЧП
В Подмосковье прошел дождь с примесями черного цвета,Погода
Зеленский назвал атаку на Москву ответом на удар по Киево-Печерской лавре,Конфликты
Блогерку Александру Митрошину приговорили к трем годам условно,Политика
ФАС потребовала от «Нефтьмагистрали» обосновать цены на топливо в Москве,Экономика
"992 украинских беспилотника сбили силы ПВО за сутки, сообщили в Минобороны",Конфликты
Россия и Украина проводят обмен телами погибших военных,ЧП
По меньшей мере 17 человек пострадали в результате атаки беспилотников в Подмосковье — губернатор,Конфликты
В Польше задержали подозреваемого в убийстве художника Семена Скрепецкого,Культура
Из соцсетей московских судов удалили пост об аресте «бизнесмена из круга Путина» Ильи Трабера,Политика
«Аэрофлот» и «Россия» отменили более 170 рейсов в Москву и обратно,Транспорт
Президенты США и Ирана подписали меморандум о взаимопонимании,Политика
Зеленский снова прокомментировал атаку на Москву и призвал завершить войну,Конфликты
"Студента, заказавшего пиццу на имя Гитлера, арестовали на пять суток",Общество
За ночь силы ПВО сбили 555 беспилотников. Москва подверглась крупнейшей атаке дронов с начала войны,Конфликты
Число сбитых беспилотников достигло 180. В Москве поврежден как минимум один многоэтажный дом,Конфликты
"137 беспилотников, летевших на Москву, сбили силы ПВО. Внуково и Домодедово вводили ограничения",Конфликты
"В Жуковском беспилотник попал в многоэтажку, в Электростали ранена женщина в частном доме",ЧП
"Один человек погиб в Ростовской области после атаки беспилотников, горит нефтебаза",Конфликты
Москва — вновь под массированным ударом дронов. Атакован НПЗ в Капотне и рынок «Садовод»,Конфликты
Два человека погибли при крушении легкомоторного самолета в Подмосковье,ЧП
В Сочи задержали туристку за публикацию видео с военными,ЧП
Илье Траберу предъявили обвинение в убийстве депутата Петрова в 2020 году,Политика
Прокурор запросила восемь лет колонии зампредседателя партии «Яблоко» Максиму Круглову по делу о военных «фейках»,Политика
Блогерке Александре Митрошиной запросили три года колонии,ЧП
Еврокомиссия планирует снизить пошлины на экспорт из Армении в ответ на российские ограничения — FT,Экономика
"Власти Литвы подтвердили депортацию россиянина, но заявили, что он согласился вернуться в Россию сам",Политика
ФСБ отвезла Трабера в Москву,Политика
"В Генштабе ВСУ заявили, что Украина не атаковала дронами Брянскую область",Конфликты
Минск назвал «актом терроризма» атаку на автобус с гражданами Беларуси в Брянской области,Транспорт
Над Москвой и рядом областей ограничат полеты легких самолетов и гражданских беспилотников,Транспорт
В Польше отпустили задержанных по делу об убийстве художника Семена Скрепецкого белорусов,Культура
"В Нижнем Тагиле задержали студента, который заказал пиццу на имя Адольфа Гитлера",Общество
В Воркуте снесли памятник жертвам ГУЛАГа по просьбе участника войны в Украине,ЧП
В Брянской области под удар дрона попал автобус с детской футбольной командой из Беларуси,Конфликты
"Сотрудника Росреестра приговорили к сроку из-за комментария о том, что жители Белгорода «сидят в подвалах»",Общество
«Фонтанка»: ФСБ задержала бизнесмена из круга Путина — Илью Трабера,Политика
В РЖД создали штаб для координации перевозок нефтепродуктов «с учетом оперативной обстановки»,Транспорт
Больше тысячи иностранцев получили российскую «визу традиционных ценностей» — МИД,Политика
Администраторы популярного музыкального форума Hip-Hop.Ru сообщили о блокировке,Политика
В Иркутской области разрешили убивать бездомных собак,ЧП
"Джереми Кларксон рассказал, что у него диагностировали агрессивную форму рака",Политика
Путинская элита им недовольна. Шойгу и слухи о госперевороте. Борьба Кремля с ФСБ,Политика
Проклятие Набиуллиной. Почему Путин пытается удержать ее на посту главы ЦБ,Политика
"Задержание за наркотики митрополита Илариона, преемники патриарха Кирилла и срок за кальян на куличе",Политика
Бунт против Кабаевой. Как ей удалось захватить российскую гимнастику,Спорт
Россияне останутся без бензина? Трамп готов давить на Кремль. Z-блогер признал удар по Лавре,Политика
Танцующая Гузеева. Съехавшая крыша Якубовича. Кеосаян диктует Симоньян книгу. Пельш расклеился,Культура
"При атаках на Запорожскую область погиб человек, семеро пострадали. В Сумской области погибли лошади",ЧП
Страны G7 договорились увеличить поставки оружия Украине,Политика
"Сбиты 18 беспилотников, летевших на Москву, сообщил Собянин",Конфликты
Госорганы направили «Яндексу» рекордное число запросов о данных пользователей,ЧП
Московский НПЗ в Капотне остановил переработку нефти после атаки украинских дронов,Конфликты
"Помощник Путина рассказал, когда Уиткофф и Кушнер посетят Москву",Политика
"В Госдуму внесли законопроект, разрешающий гражданам самостоятельно менять асфальт во дворах и на местных дорогах",Политика
"«ВКонтакте» закупит для своих сотрудников и разработчиков Max и «VK Видео» ноутбуки MacBook на 2,8 млн долларов",Экономика
"ФСБ решила снизить требования по физподготовке для кандидатов, которые хотят заключить контракт со спецслужбой",Политика
Почему так страшно пойти к психиатру — и причем здесь СССР?,Культура
Три человека погибли в результате российского удара по Никополю Днепропетровской области,ЧП
В аннексированном Крыму запретили ездить на мототранспорте ночью,ЧП
Трамп: США могут позволить себе отменить разрешение на закупку российской нефти,Экономика
Блогерку Диану Шурыгину отправили под домашний арест по делу об изготовлении и распространении порнографии,ЧП
Бывший глава ФСБ и помощник Путина Патрушев обвинил МЧС в гибели заложников «Норд‑Оста»,ЧП
"Канада внесла Московскую биржу, Grinex, «Абсолют Банк» и Юрия Ваганова в санкционные списки",Экономика
В Польше по делу об убийстве художника Семена Скрепецкого задержали двух белорусов,Культура
"В Воронеже школьников эвакуировали с ОГЭ из-за угрозы атаки БПЛА. Они два часа просидели в подвалах, экзамен перенесли",Конфликты
Банк Японии повысил ключевую ставку до максимума за 31 год — она составила 1%,Экономика
Математик Михаил Вербицкий смог улететь из Армении,Политика
"В Кремле заявили, что Путин не получал «официального» приглашения на саммит G7 для встречи с Зеленским",Политика
«Татнефть» ввела ограничения на продажу топлива на всех АЗС страны — «Интерфакс»,Экономика
МЧС: пожар на территории Московского НПЗ потушен,ЧП
Под британские санкции попали Яндекс Банк и WB Банк,Экономика
Зеленский подтвердил удар по Московскому НПЗ,Конфликты
Минфин хочет сократить долю льготной ипотеки до 25-30% к 2030 году,Экономика
Путин подписал указ о проведении выборов депутатов Госдумы 20 сентября,Политика
"Великобритания введет санкции против судов, перевозящих российский сжиженный природный газ",Политика
Пожар на территории Московского НПЗ локализован — МЧС,ЧП
Собянин подтвердил повреждение НПЗ в Капотне после удара беспилотника,Конфликты
В подмосковной Электростали произошел пожар в жилом доме,ЧП
В Москве на фоне атаки беспилотников возник пожар на НПЗ в Капотне,Конфликты
Количество сбитых на подлете к Москве беспилотников достигло 60,Конфликты
"35 беспилотников, летевших на Москву, сбили за последние два часа",Конфликты
В Краснодарском крае возник пожар на нефтебазе после атаки украинских беспилотников,Конфликты
Киев ответит на удар по Лавре. Для Путина делают отдельные выпуски новостей. Выборы без интернета,Политика
"Зеленский подтвердил, что Путин отказался встречаться с ним на саммите G7",Политика
В МЧС сообщили о нехватке более трети пожарных,ЧП
В Калифорнии вскоре после взлета с авиабазы разбился бомбардировщик B-52,ЧП
Путин продлил разрешение иностранным компаниям платить за российский газ не только через Газпромбанк,Политика
"Дуров заявил, что запрет соцсетей заставляет подростков использовать VPN — и «получать доступ к гораздо более опасному нелегальному контенту»",Конфликты
"В Польше застрелили гражданина России. По данным СМИ, убитый — художник Семен Скрепецкий",Культура
"В Армении пройдут военные учения совместно с США, Францией и Грецией",Наука
Куратором серии поджогов имущества британского премьера Кира Стармера оказался выходец из РФ — СМИ,Культура
"Трамп заявил, что теперь планирует «сосредоточиться» на войне РФ и Украины",Конфликты
Дональд Трамп и Джей Ди Вэнс подписали меморандум о взаимопонимании с Ираном — CNN,Политика
В результата атаки беспилотника в Брянской области погибли три человека — врио губернатора,Конфликты
Сына норвежской кронпринцессы приговорили к четырем годам лишения свободы по обвинению в изнасилованиях,ЧП
Крупнейший банк Португалии сообщил части клиентов-россиян о закрытии счетов,Экономика
В Приморье начал работу детский лагерь «Штурмовик» с мастер-классами по управлению дронами,Конфликты
В Иркутской области произошло крушение сверхзвукового самолета,Транспорт
"Украина предложила провести встречу Зеленского и Путина на саммите G7, но не получила ответа — «РБК-Украина»",Политика
Математика Михаила Вербицкого отпустили из-под стражи в Армении,Политика
Евросоюз ввел санкции против «духовника Путина» Тихона Шевкунова,Политика
ЕС ввел санкции против генпрокурора Гуцана и судьи Нефедова из-за преследования Навального,Политика
Глава ЦИК допустила отключение интернета на время выборов и попросила «не роптать» из-за этого,Политика
В Петербурге второй год подряд не будут проводить парад ВМФ,Политика
В Великобритании запретят соцсети для детей и подростков младше 16 лет,Общество
"В Минобороны заявили, что в Киево-Печерскую лавру попала ракета комплекса Patriot",Политика
"Ynet: Нетаньяху заявил, что Израиль не будет выводить войска из Ливана",Конфликты
"В Киеве повреждены киностудия Довженко и терминал «Новой почты», а в Днепре — Дом органной музыки",Культура
Правительство разрешило выпускать бензин и дизель более низкого экологического класса,Политика
Путин поздравил Трампа с 80-летием,Политика
«Татнефть» ввела ограничения на продажу бензина сразу в нескольких регионах страны,Политика
«Красное и белое» попросило производителей снизить цены на алкоголь,Экономика
"В Реутове ночью были слышны взрывы, над городом виден столб дыма",ЧП
"Три человека погибли, еще трое пострадали при атаке беспилотников в Тульской области",ЧП
4 человека погибли в Киеве после ударов российских военных. Возник пожар в Киево-Печерской лавре,ЧП
МИД Ирана: После подписания меморандума о взаимопонимании США и Иран начнут 60-дневные переговоры,Политика
Трамп и МИД Ирана подтвердили достижение соглашения,Политика
США и Иран достигли промежуточного мирного соглашения,Политика
Певец Oliver Tree и еще пять человек погибли в авиакатастрофе в Рио-де-Жанейро,Культура
Зеленский показал секретный рейтинг Путина. В Крым отменяют туры. Маск — первый триллионер в мире,Политика
Потоп в Москве. Коллапс в аэропортах на юге России. Нефтяной дождь в Рыбинске. Трампу — 80 лет,Погода
"В Брянской области погибла женщина, еще двое мужчин пострадали после атаки дронов",ЧП
Пять человек получили ранения в результате атак украинских беспилотников в курском приграничье,Конфликты
Рогозин предложил минировать танкеры «теневого флота»,Политика
Празднование первого за полвека чемпионства «Нью-Йорк Никс» переросло в беспорядки,Спорт
Reuters: проект соглашения США и Ирана включает снятие нефтяных санкций и разморозку $25 млрд,Экономика
«Войти через Google в России не получится». Сервисы начали запрещать регистрацию через гугл-аккаунты,Политика
В Ярославской области прошел «черный дождь» после атаки беспилотников на нефтебазу,Конфликты
Режим ЧС после прорыва дамбы ввели в 4 сельских поселениях Крымского района Краснодарского края,ЧП
В Крыму в результате атаки беспилотников погибла женщина,Конфликты
США и Иран собираются сегодня дистанционно подписать промежуточное мирное соглашение — Axios,Политика
Великобритания впервые перехватила судно российского «теневого флота»,Политика
"В Орле после попадания беспилотника в жилой дом погиб человек, еще девять пострадали",ЧП
"Ночью над Россией сбили 249 дронов — в Смоленской области есть пострадавшая, в Орле горел жилой дом",Конфликты
В Татарстане начали вводить ограничения на продажу бензина после атаки на НПЗ республики,Конфликты
Жителя Ингушетии задержали по обвинению в помощи фигуранту дела о теракте в «Крокусе» — «Коммерсант»,Конфликты
На съезде в Берлине выбрали зампредов партии и название партии Ильи Яшина. «Мирную Россию» возглавил сам политик,Политика
Бывшего верховного лидера Ирана Али Хаменеи похоронят 9 июля,Политика
В ВСУ заявили об ударе по пункту перекачки нефти в Волгоградской области,Конфликты
В Париже за кражу книг русских классиков из библиотек шестерых граждан Грузии приговорили к срокам от 18 месяцев до семи лет строгого режима,Культура
"Один человек погиб, трое пострадали из-за украинской атаки на морской порт Темрюк в Краснодарском крае",ЧП
"В Нью-Йорке к 14 месяцам тюрьмы приговорили россиянку, обвиняемую в сотрудничестве с ФСБ",ЧП
"Силовики задержали крымчанина, который снял на видео военный бензовоз, замаскированный под обычный грузовик",ЧП
Минюст США одобрил покупку Warner Bros. Discovery компанией Paramount. Сделка оценивается в 110–111 млрд долларов,Экономика
Задержанного в Ереване математика и блогера Михаила Вербицкого не будут экстрадировать в Россию. Вскоре он будет освобожден из изолятора,Политика
В Ереване задержали математика и блогера Михаила Вербицкого,ЧП
США и Иран согласовали текст мирного договора,Политика
В Петербурге из-за «такой обстановки» запретили летать прогулочным вертолетам,ЧП
"Путин признал необходимость адаптировать к мирной жизни участников войны в Украине, когда она закончится",Политика
Путин второй раз за четыре месяца увеличил штатную численность Вооруженных сил России — почти на десять тысяч человек,Политика
В Москве еще одно покушение: в дачном поселке попытались подорвать бывшего министра госбезопасности «ДНР» Андрея Пинчука,Политика
Российские аэропорты начали уведомлять об ограничениях на заправку самолетов,Транспорт
Главная авиакомпания Узбекистана сократит число полетов в Россию из-за проблем с авиатопливом,Транспорт
"Путин заявил, что со стороны России с Украиной воюют больше 700 тыс. человек",Политика
"Facebook, Instagram, Threads и Messenger начали работать со сбоями по всему миру",Политика
"МИД предостерег от поездок в Таиланд, где «Вашингтон развернул настоящую „охоту“ за россиянами»",Транспорт
Адаму Кадырову дали вторую награду за две недели,Политика
"Путин выступил с речью, посвященной Дню России, на церемонии вручения наград «Герой Труда» и других государственных премий",Политика
В ВСУ предупредили о возможном пуске баллистической ракеты средней дальности с российского полигона «Капустин Яр»,Конфликты
Умер британский художник Дэвид Хокни,Культура
Пашинян поздравил Путина с Днем России,Политика
"VK выплачивает менеджерам сотни миллионов рублей в виде бонусов, несмотря на убытки компании — «Верстка»",Экономика
Генштаб ВСУ сообщил об ударах по НПЗ в Татарстане и заводу в Тольятти,Конфликты
"Депутат Госдумы заявил, что Россия «находится на грани социального взрыва»",Политика
Соглашение между США и Ираном продлит режим прекращения огня на 60 дней — Axios,Политика
Власти Татарстана сообщили о попадании дрона в жилой дом в Нижнекамске,Конфликты
В Нижнекамске после атаки дронов отменили все массовые мероприятия,Конфликты
"В Сумской области после атаки дронов погибла женщина, еще одна пострадала",ЧП
Два человека погибли в результате обстрела в Брянской области,ЧП
"Маск стал первым триллионером в истории благодаря IPO SpaceX, но только «на бумаге» — WP",Политика
Начался Чемпионат мира по футболу 2026 года,Спорт
В Белгородской области с начала войны погиб 541 мирный житель — врио губернатора,ЧП
Трамп отменил запланированные им же на сегодня удары по Ирану и анонсировал объявление времени и места подписания сделки с Исламской Республикой,Конфликты
Telegram выпустил новое приложение для смарт-часов с Wear OS,Политика
Минобороны отчиталось о захвате части Константиновки,Конфликты
В Пентагоне эвакуировали персонал нескольких этажей и коридоров из-за «инцидента с опасными материалами»,ЧП
"В суд в Москве поступило 12 протоколов о «злоупотреблении свободой СМИ». Их составили на газету «Коммерсант», медиахолдинг Rambler и главреда RusNews",Политика
На имущество фигурантов по делу «Русагро» наложили арест на сумму больше 550 млрд рублей. Оно обращено в доход государства,Экономика
"В российском МИД прошла встреча с послами Франции, Германии и Великобритании",Политика
"В Анапе открыли 49 пляжей, еще 18 «проходят экспертизу»",Политика
В России появился ГОСТ для «игрушек с искусственным интеллектом»,Наука
"Набиуллина возвращается к работе, но обсуждает возможность покинуть пост главы Центробанка, в том числе до окончания срока — «Можем объяснить»",Экономика
"Россельхознадзор ограничил ввоз в Россию всей подкарантинной продукции из Армении — в том числе томатов, винограда, сушеных фруктов и многого другого",Политика
"Кипр закрывает визовые центры в России, генконсульства и консульский отдел продолжат работу",Политика
Министр обороны Великобритании ушел в отставку на фоне спора о военных расходах страны,Конфликты
"В России впервые оштрафовали за критику «Талибана» — «Осторожно, новости»",Политика
"ВСУ нанесли удар по мостам, которые связывают аннексированный Крым с Херсонской областью",Конфликты
Впервые за 23 года на Красной площади решили не проводить праздничный концерт ко Дню России,Культура
Больничный Набиуллиной «не должен быть поводом для теорий заговора» — Песков,Политика
Три женщины и два ребенка пострадали в результате удара дрона в Белгородской области,Конфликты
У Т-Банка произошел масштабный сбой,ЧП
"YouTube начал блокировать видео с рекламой «Алабуги Политех», где подростки собирают беспилотники",Конфликты
Законопроект о заморозке порога НДС для малого бизнеса затрагивает только компании на «упрощенке»,Погода
"Президент Сербии заявил, что планирует уйти в отставку через «три-четыре месяца»",Политика
В Кремле отметили разблокировку Roblox: «Сервисы могут вернуться в случае соблюдения законов»,Политика
Атака на Краснодар. Набиуллина пропустила совещание с Путиным. Американцы подают в суд на Маска,Конфликты
ФСБ отчиталась о предотвращении убийства сотрудника Минобороны в Московском регионе,ЧП
Правительство за три дня разрешило себе занимать средства на внутреннем рынке сверх плана,Политика
ФИДЕ временно приостановила членство Федерации шахмат России,Спорт
США и Иран вторую ночь подряд обмениваются ударами — Тегеран заявил о закрытии Ормузского пролива,Конфликты
"В Краснодаре после попадания беспилотника в жилой дом возник пожар, два человека пострадали",ЧП
"Компания, которая отвечает за блокировки интернета, направит 1,3 млрд рублей на расширение",Экономика
Жителя Подмосковья приговорили к 13 годам за граффити в поддержку РДК. На суде он заявил о пытках при задержании на глазах его сына-подростка,Общество
"В Латвии отменили концерт рэпера Xzibit по требованию «компетентных органов», которые сослались на то, что он выступал в России после начала войны",Культура
В Омской области впервые с начала войны объявили беспилотную опасность,Конфликты
"ВСУ и Зеленский заявили, что Чебоксары были атакованы ракетой «Фламинго»",Конфликты
"Посетители фестиваля Signa пожаловались, что на новой площадке их избивала охрана",Культура
Грозев: В Балашихе взорвали полковника. Россия планирует удар «Орешником». Протесты из-за бензина,Конфликты
"В России разблокировали Roblox — «Фонтанка», «Код Дурова»",Политика
"Путин заявил о том, что «мы вправе рассчитывать» на снижение ключевой ставки ЦБ",Экономика
"Христо Грозев подтвердил Дождю, что из-за взрыва в Подмосковье погиб офицер ГРАУ Дамир Давыдов",ЧП
Путин разрешил арестовывать имущество уехавших россиян за действия «против интересов РФ»,Политика
Дерипаска подал еще один иск к ФБК,Политика
Путин обязал мигрантов проходить медосвидетельствование в течение месяца с момента въезда в Россию,Политика
В России запустят функцию оплаты «Миром» смарт-часами,Политика
"Пожар в здании панорамы «Оборона Севастополя» локализован, есть угроза обрушения купола",ЧП
Умерла народная артистка СССР Людмила Чурсина,Политика
"Госдума запретила депортировать иностранцев, воевавших в российской армии",Конфликты
Двух подростков задержали по обвинению в покушении на сотрудника научно-производственного предприятия,ЧП
"В Белфасте вспыхнули беспорядки после того, как беженец из Судана напал на местного жителя",Общество
Налоговая после проверок крупнейших налогоплательщиков доначислила им 9 млрд рублей,Экономика
Больше 300 тысяч человек остаются без света после атаки в Запорожской области,Конфликты
"В результате удара по Одессе сгорела квартира в жилом доме, пострадала женщина и двое детей",ЧП
На свободу вышла бывшая участница списка Forbes Ольга Миримская,Политика
Три человека пострадали после атаки ВСУ на Самарскую область,Конфликты
США нанесли удары по Ирану в ответ на сбитый вертолет,Конфликты
Панорама «Оборона Севастополя»  «практически уничтожена» после атаки украинских беспилотников,Конфликты
В Крыму запретили движение поездов дальнего следования ночью,Транспорт
"Чебоксары подверглись ракетной атаке, есть пострадавшие. В городе горит «ВНИИР-Прогресс»",Конфликты
В Самаре горит нефтеперерабатывающий завод после объявления беспилотной и ракетной опасности,Экономика
"На магистральном газопроводе в Дагестане произошли три взрыва, в Кизилюрте горит газораспределительная станция",Транспорт
"Замглавы Роскомнадзора заявил, что «РКН не такой уж плохой»",Политика
Минцифры предупредило о рисках изъятия из библиотек до 15% книг из-за «необоснованного» применения законов о «нежелательных» организациях и «иноагентах»,Культура
Одиннадцатиклассника арестовали по подозрению в участии в РДК,Политика
Из-за взрыва автомобиля в Подмосковье погиб начальник Главного ракетно-артиллерийского управления Минобороны Дамир Давыдов,ЧП
"Взрыв автомобиля в Москве организовали спецслужбы, которые обнаружили под ним «подозрительный предмет»",Транспорт
Лариса Долина обратилась в суд за возмещением ущерба на 176 млн рублей,Экономика
ЕС будет рассматривать заявления на убежище от россиян по ускоренной процедуре,Политика
Минцифры и Роскомнадзор попросили силовиков поддержать разблокировку Roblox,Политика
Госдума запретила «иноагентам» выступать рекламодателями социальной рекламы,Политика
"Госдума ввела штрафы до 700 тыс. рублей для владельцев российских сайтов, которые разрешают авторизацию пользователей через зарубежные сервисы",Экономика
"«Билайн» запустил тариф с доступом к Spotify, Netflix и другим сервисам, не работающим в России",Экономика
"Хит-парад кринжа с ПМЭФ. Собчак, Канделаки, Эрнст, Машков, Захарова, Татьяна Ким и Сечин",Политика
Взрыв в Балашихе: убит генерал-майор? Дефицит топлива в Краснодаре. ТЭФИ Киселеву за ядерный пепел,ЧП
ВСУ ударили по мосту в Крыму. Макс Корж объединяет. Взрыв на складе боеприпасов под Белгородом,Конфликты
Удар по поезду в Крыму: коллапс транспорта. Поражение Кремля в Армении. Куда пропала Набиуллина,Транспорт
Суд в Петербурге объявил запрещенным в России фильм «Назови меня своим именем»,Культура
Госдума приняла второй пакет законов для «борьбы с кибермошенниками»,Политика
В новый пакет санкций ЕС предложили включить запрет на въезд всем участникам вторжения в Украину,Политика
Шесть граждан Азербайджана погибли после атаки украинских беспилотников на суда в Азовском море,Конфликты
Российские власти хотят изменить «иерархию ценностей» жителей Северного Кавказа — РБК,Политика
Минтруд хочет запретить тратить материнский капитал на ежемесячные выплаты,Политика
"В Екатеринбурге участник войны убил свою бывшую жену и дочь. До этого он убил еще одного человека, но его отпустили на фронт",Конфликты
Лучшему африканскому футбольному арбитру отказали во въезде в США,Спорт
"Суд решил, что Трамп незаконно ввел сбор за визы для высококвалифицированных иностранных работников",Политика
"Прокурора МУС, выдавшего ордер на арест Путина, временно отстранили от работы",Политика
"В подмосковной Балашихе взорвался автомобиль, водитель погиб",Транспорт
«Талибан» запретил госслужащим пользоваться смартфонами,Политика
"Трамп пригрозил Нетаньяху, что тот «останется один против Ирана»",Политика
Жители Краснодарского края пожаловались на нехватку бензина,Общество
ВСУ снова ударили по мосту в районе поселка Чонгар на границе с Крымом — движение перекрыто,Конфликты
"3 человека погибли, 18 пострадали в Харьковской области после атаки российских военных",ЧП
Трамп: в течение двух недель США объявят о полной победе и заключат окончательную сделку с Ираном,Политика
В реестре воинского учета появились реальные адреса проживания военнообязанных — «Школа призывника»,Общество
Apple показала обновленного голосового помощника — Siri AI,Политика
"Нетаньяху заявил, что Израиль приостановил атаки на Иран",Конфликты
В Петербурге прекратили уголовное дело против поэта Гликерия Улунова,Культура
В Минэнерго создали штаб по «обеспечению стабильной и эффективной работы» топливно-энергетического комплекса,Экономика
Роскомнадзор хочет сделать «ГосVPN» для российских разработчиков — The Bell,Политика
Власти Белгородской области сообщили о пяти пострадавших в результате «детонации»,Политика
"«Продолжается вербовка срочников —очень активная, с применением насилия и обмана». Правозащитник — об усилении вербовочной кампании в России",Политика
Эльвира Набиуллина пропустит еще одно мероприятие,Политика
Два человека погибли в результате удара российской армии по Запорожью,Конфликты
В дом Андрея Макаревича попал осколок во время обстрела Израиля Ираном,Конфликты
В Белгородской области произошла серия взрывов,ЧП
В Латвии заблокировали доступ к сайту Wildberries,Политика
Жителя Петербурга оштрафовали за высказывания во время частного звонка по WhatsApp,Общество
Михаила Ходорковского приговорили к 10 годам заочно по делу о «фейках»,Конфликты
ВТБ подвергся DDoS-атаке,Политика
Власти отказались от идеи подтверждать значимые действия через Max. «Антифрод 2.0» сделали мягче,Политика
"На Филиппинах произошло землетрясение магнитудой 7,8 — 19 человек погибли, больше 200 ранены",ЧП
Девять человек пострадали в результате стрельбы недалеко от базы сборной Англии на чемпионате мира по футболу,Спорт
Россияне стали значительно реже отдыхать в Крыму на фоне топливного кризиса на полуострове,Экономика
"Партия Пашиняна победила на парламентских выборах в Армении — она набрала меньше половины голосов,",Политика
Над Латвией сбили беспилотник,Конфликты
В Молдове упал и взорвался беспилотник,Конфликты
Минобрнауки собирается привлечь школьников и студентов к сбору биографий ветеранов войны в Украине,Общество
"В России после убийства Хаменеи приостанавливали работу камер видеонаблюдения, защищающих Путина",Политика
В Новороссийске пожар на территории нефтеналивного комплекса после атаки украинских беспилотников,Конфликты
Израиль и Иран обменялись ударами на фоне самой серьезной эскалации конфликта с апреля,Конфликты
В Крыму при попадании беспилотника в поезд Москва — Симферополь погиб человек,Транспорт
Никол Пашинян заявил о победе своей партии на парламентских выборах,Политика
Шаман нарушает закон. ИИ воскрешает мертвых звезд. Трамп ворует день независимости,Политика
Коллапс в аэропорту Сочи. Пустые полки в магазинах в Крыму. Прямое включение с выборов в Армении,Транспорт
"Сельхозпродукция Армении будет экспортироваться в Евросоюз без пошлин, заявил Пашинян",Экономика
Украинские военные заявили о серии атак на нефтехранилища в Крыму этой ночью,Экономика
"Россия и Украина договорились о взаимной передаче документов граждан, в том числе погибших военных",ЧП
Три человека погибли после атаки российских военных в Запорожской области,ЧП
Дефицит продуктов в Крыму. Против Сабурова не стали заводить дело о наемничестве. Выборы в Армении,Политика
"В Чечне могли похитить родителей активиста Мансура Мовлаева, находящегося в одном из СИЗО Казахстана",ЧП
"В Израиле один погибший, пять раненых в результате стрельбы в центральной части страны",ЧП
«Энергоатом» заявил об ударе по хранилищу отработанного ядерного топлива в Чернобыле,Конфликты
Жители Крыма пожаловались на пустые полки в магазинах. Бензин начали продавать по QR-кодам — они закончились через пару часов,Политика
В Армении сегодня проходят парламентские выборы,Политика
14 человек пострадали в результате российских атак в Херсонской области,ЧП
Пять человек ранены в Брянской области в результате атаки беспилотника. Среди них четверо детей,Конфликты
Задержан экс-глава белгородских кибердружинников по делу о мошенничестве — «Фонарь»,Политика
Мирра Андреева выиграла «Ролан Гаррос». Последний раз россиянка побеждала на этом турнире в 2014 году — это была Мария Шарапова,Спорт
Минцифры может ввести возрастную идентификацию на сайтах,Политика
"Россия стянула ПВО к Москве и Питеру для защиты элит, оставив регионы открытыми — народный депутат Украины",Конфликты
"Вице-премьер России заявил, что песок на пляжах Анапы чище, чем на Лазурном берегу",Политика
Из-за атаки ВСУ на Петербург пострадали три человека,Конфликты
В Петербурге после атаки украинских дронов досрочно отменили фестиваль «Паруса Кронштадта»,Конфликты
В московском районе Сокольники на крышу жилого дома установили ЗРК «Панцирь»,ЧП
"Четыре человека, включая ребенка, пострадали из-за налета украинских беспилотников на «объект Минобороны» в Ленобласти",ЧП
"Санкт-Петербург и Ленобласть подверглись массированной атаке украинских дронов, в Краснодарском крае горит нефтебаза",Конфликты
В «ЛНР» запретили все пассажирские перевозки по трассе «Новороссия» и организованные перевозки детей по территории Луганской области,Транспорт
Минцифры начало вести переговоры с Apple о восстановлении Max в App Store,Политика
«Пора закончить эту войну». Зеленский прокомментировал массированную атаку на Петербург и Ленобласть,Конфликты
"Песков признал, что война длится «много времени», но объяснил это тем, что России «очень важно» достигнуть своих интересов",Конфликты
"Трамп не против, если Зеленский и Путин договорятся о мире без участия США: «Пусть они этим занимаются»",Политика
ЕС может еще больше ужесточить правила выдачи виз россиянам,Политика
Путин посоветовал отложить снижение порога выручки бизнеса для уплаты НДС,Экономика
Пятерым астронавтам НАСА приказали эвакуироваться с МКС на корабль Crew Dragon из-за утечек воздуха на борту российского служебного модуля «Звезда»,Наука
"Путин заявил, что Украина якобы «давала информацию» России об ударах по его резиденции или параду 9 мая",Конфликты
Ходорковскому заочно запросили 14 лет по делу о военных «фейках»,Культура
Путин отрицает поставки российского вооружения Ирану,Политика
"«К сожалению, российская сторона снова выбирает войну» — Зеленский прокомментировал отказ Путина встречаться с ним",Политика
Я не вижу смысла встречаться с Зеленским — Путин,Политика
Путин анонсировал переезд из Москвы в регионы офисов РЖД и ряда других крупных компаний,Транспорт
Минюст объявил «иноагентом» журналиста «Проекта» Михаила Маглова,Политика
"Путин утверждает, что за пять лет зарплаты в России выросли больше чем на 30% без учета инфляции",Экономика
"Путин: все страны могут лишиться доступа к своим активам по «любым» поводам — например, из-за «отношения к ЛГБТ-сообществу»",Политика
Глава «Алабуга-политеха» пообещала платить студентам за сборку дронов по полмиллиона рублей,Экономика
"Дуров заявил, что блокировки «лишь отдалили Россию от «цифрового суверенитета»",Политика
"В порту Румынии взорвался дрон, ВСУ признали, что он был украинский",Конфликты
Критика власти и силовиков на ПМЭФ. Аттракцион «Орешник» в Петербурге. Дорога в Крым под атакой,Конфликты
Письмо Зеленского Путину. Туристы не могут уехать из Крыма. App Store предлагает Telegram вместо Max,Политика
Акции памяти Навального в мире. Max удалили из AppStore. Киркоров хвалится победой на Евровидении,Экономика
В Anthropic призвали замедлить или приостановить разработку ИИ,Политика
РФ и Украина провели обмен пленными по формуле «185 на 185»,Политика
"МИД Азербайджана сообщил об атаке на суда в Азовском море, в результате которой погибли пять человек",ЧП
В румынском порту взорвался морской дрон,Конфликты
В петербургском городском парке открыли аттракцион «Орешник»,Политика
В Max резко снизилось число постов после удаления мессенджера из магазина Apple,Политика
Путину доложили о письме Зеленского,Политика
В Apple удаление мессенджера Max из App Store объяснили санкциями,Политика
В Киевской области в результате российской атаки погибли четыре человека,ЧП
"В «Единой России» раскритиковали повышение налогов, за которое сами голосовали",Экономика
Глава думского комитета по бюджету и налогам раскритиковал произвол силовиков и передел собственности в РФ,Экономика
"На ПМЭФ рассказали про «первые в мире наушники, создающие шифрованную сеть связи». Их назвали «Петр»",Политика
Российское вино хотят продавать через маркетплейсы и «Почту России»,Экономика
"В США убили актера Джеймса Хэнди, известного по фильмам  «Джуманджи» и «Топ Ган: Маверик»",Культура
"В результате российской атаки в Запорожье погибла женщина, еще 16 человек получили ранения",ЧП
Пашинян: «Решим — и выйдем из ОДКБ»,Политика
Страховые компании стали предлагать россиянам покрытие рисков от падения дронов и работы ПВО,Конфликты
Палата представителей США приняла законопроект о санкциях против РФ и новой помощи Украине,Политика
"Открытое письмо Зеленского Путину адресовано также к «русским, которых больше не устраивает война», США и другими партнерам Украины и России",Политика
Путину доложат про открытое письмо Зеленского позже — Песков,Политика
Захар Прилепин станет проректором Горного Института в Санкт-Петербурге по идеологической и воспитательной работе,Общество
Зеленский написал открытое письмо Путину,Политика
"Россия готова подписать мирный договор с «самим Зеленским» или председателем Верховной Рады, «было бы желание» — Путин",Политика
"Россия «не против» евроассоциации Украины, но против превращения ЕС в «военный блок» — Путин",Экономика
На заправках Ленобласти вслед за Петербургом также ограничили продажу бензина,Экономика
"По территории Украины не было боевых применений ракет «Орешник», Россия ударила по «сараю» — Путин",Конфликты
"Путин заявил, что Россия контролирует 80% Запорожской области, 85% — «ДНР» и 100% — «ЛНР»",Политика
"Путин заявил, что Россия не делала «разворот в сторону Азии»",Политика
В аннексированном Крыму закрыли ж/д станцию Джанкой,ЧП
"Детский омбудсмен заявила, что 78% родителей поддерживают раннее трудоустройство своих детей",Общество
"Два человека погибли, четверо ранены в результате российского удара по Сумской области",ЧП
"Полиция Сыктывкара отозвала иск об изъятии у родителей ребенка, обвиненного в повреждении инсталляции к 9 мая",Общество
В Крыму запретили снимать и выкладывать фото и видео бензовозов,Общество
Активиста «Яблока» Егора Ткаченко внесли в список «экстремистов и террористов»,Политика
"Влюбленность и любовь — это совершенно разные вещи, и не надо их путать",Общество
РФ подпишет соглашение о продолжении проектирования тоннеля с США — Дмитриев,Политика
Эрнст поддержал идею Михалкова начать квотировать зарубежные фильмы в прокате,Культура
Студента приговорили к двум годам принудительных работ за 100-рублевый донат Позднякову,Общество
ЕС подготовит пакет помощи Армении на 50 млн евро в условиях российского экономического давления,Экономика
Порядка 80% российских школьников постоянно пользуются ИИ,Общество
"«ОВД-Инфо», «Револьт-центр», «Пермь-36», «Мемориал» и больше 30 его структур внесли в список «террористов и экстремистов»",Политика
В аннексированном Крыму полностью запретили свободную продажу бензина,ЧП
Первый канал перезапустит «Фабрику звезд»,Экономика
В Москве задержали первого вице-губернатора Новосибирской области Юрия Петухова,ЧП
"Глава «Ростелекома» заявил, что Apple — «враги» из-за удаления Max из App Store",Политика
"Вузы требуют деньги за обучение от студентов, не подписывающих контракт",Общество
Лишь у 4% объявленных иноагентами за 2025 год нашли иностранное финансирование,Экономика
"На ПМЭФ анонсировали деревню для европейцев, которые приехали в РФ «по визе традиционных ценностей»",Экономика
В Минцифры сообщили о полной адаптации «Алисы» под российские «ценности»,Конфликты
«Почта России» снова начала принимать посылки из США,Политика
"Импортные товары с маркетплейсов дороже 200 евро будут облагать пошлиной и НДС, заявили в Минфине",Экономика
В Москве на Борисовское кладбище люди пришли почтить память Навального,Политика
Германию впервые не избрали в Совбез ООН,Политика
К 50-летию Алексея Навального вышла аудиоверсия книги «Патриот»,Культура
В администрации президента посоветовали не ждать отмены санкций и возвращения старого мира,Политика
"В ЦБ заявили, что Эльвира Набиуллина на больничном, поэтому не смогла приехать на ПМЭФ",Культура
"Глава Минфина заявил, что власти рисковали «перегнуть палку» с ростом налогов, но «не перегнули»",Экономика
"Сотовые операторы попросили власти вернуть россиянам доступ к Netflix, нейросетям и другим сервисам",Наука
Max перестал присылать пуш-уведомления о звонках и сообщениях на айфонах,Политика
"Один человек погиб, еще трое ранены в Крыму в результате атаки беспилотника",ЧП
«Евреям вход запрещен». Отель в Германии отказал паре из Израиля в проживании,Политика
В Европе разрабатывают план проведения российско-украинских переговоров — Bloomberg,Экономика
Израиль и Ливан договорились о режиме прекращения огня,Политика
"Три человека погибли в Симферополе после украинской атаки, еще семь ранены",ЧП
Найденное в машине митрополита РПЦ Илариона вещество оказалось кокаином,ЧП
"Россия намерена заместить армянские сельхозтовары продуктами из Азербайджана, который не входит в ЕАЭС",Политика
Мессенджер Max удалили из App Store,Политика
"Три человека погибли, один пострадал из-за российского удара по Краматорску Донецкой области",ЧП
Эльвира Набиуллина исчезла из списка спикеров ПМЭФ,Политика
"В Туле на оружейном производстве произошел взрыв, погибли три человека",ЧП
"Рютте заявил россиянам, которых агитируют участвовать в войне, что их «оставят умирать в грязи»",Конфликты
Wildberries начал разработку собственного мессенджера,Политика
На ПМЭФ выступили две родственницы Путина,Политика
"Зеленский готов провести переговоры с Путиным, а не ждать, пока США «закончат все конфликты в мире»",Политика
«Православный олигарх» Малофеев на ПМЭФ назвал «хорошим сценарием» применение Россией ядерного оружия,Культура
Важная информация для наших зрителей и читателей,Политика
Масштабная атака на Петербург: реакция. Нехватка бензина в Москве. ЦБ и Сбер смогут сбивать дроны,Конфликты
Митрополита Илариона после ареста в Чехии по подозрению в хранении наркотиков отправили в Бразилию,ЧП
"Совфед одобрил закон, разрешающий сотрудникам ЦБ, «Сбера» и инкассаторам сбивать беспилотники",Конфликты
В Красноярском крае завербовали на фронт студентов техникума. Дождь поговорил с мамой одного из них,Погода
Бывшего полицейского из Краснодара приговорили к пяти годам колонии по делу издания Baza,ЧП
"Мизулина возмутилась тем, что россиянам, «как папуасам», предложили порадоваться приезду блогера-мизогина Эндрю Тейта",Общество
"В результате утренней атаки на Петербург пострадали четыре человека, «техногенные последствия» ударов ликвидировали — губернатор",Конфликты
Роман Маргариты Симоньян включили в шорт-лист одной из главных российских премий «Большая книга»,Культура
В Петербурге после атаки дронов эвакуировали жителей дома из-за неразорвавшегося БПЛА,Конфликты
Под Петербургом утром беспилотники поразили корвет «Бойкий» — он сопровождал суда теневого флота,Конфликты
До восьми человек выросло число погибших после удара беспилотника по рейсовому автобусу в «ДНР»,Конфликты
Журналистке Марии Пономаренко дали еще почти два года лишения свободы по новому делу,Конфликты
"Война, по версии Кремля, продолжается именно для того, чтобы не было ударов, подобных атаке на Петербург",Конфликты
В детском лагере под Нижним Тагилом открыли памятник Феликсу Дзержинскому,Общество
На заправках Москвы и Подмосковья появляются лимиты на продажу бензина,Экономика
Генсек НАТО приехал в Киев с неанонсированным визитом,Политика
"Российская разведка заявила, что ЕС «агрессивно выдавливает» РПЦ из Армении",Политика
В Тамбовской области под удар беспилотников попал завод «Прогресс»,Конфликты
Петербург на ПМЭФ позиционирует себя «столицей морских и беспилотных технологий»,Общество
"Военный эксперт — об атаках БПЛА и топливном кризисе: удары по трассе в Крым влияют на гражданскую отрасль, но военный эффект ограниченный",Конфликты
"Зеленский: «Украинский план дальнобойных санкций выполняется именно так, как это необходимо для приближения мира»",Политика
В Петербурге повреждены несколько жилых домов после атаки украинских беспилотников,Конфликты
США и Иран этой ночью обменялись одной из самых масштабных атак с начала перемирия,Конфликты
Два сотрудника МЧС погибли при тушении пожара после атаки беспилотников в Смоленской области,ЧП
В Петербурге есть пострадавшие после атаки украинских беспилотников. Повреждены четыре дома,Конфликты
"В Петербурге сбои в работе мобильного интернета — местные жалуются, что не работают «белые списки»",Общество
"Семь человек погибли, 11 пострадали при попадании беспилотника в автобус в «ДНР»",ЧП
В день открытия ПМЭФ в Петербурге горит один из крупнейших нефтяных объектов— сбито больше 50 беспилотников,Наука
Задолженность пяти ведущих российских IT-компаний выросла на 53% и достигла двух триллионов рублей,Экономика
В Петербурге на некоторых заправках начали ограничивать продажу топлива,Экономика
В Москве ограничили работу аэропортов Домодедово и Внуково. На подлете к столице сбили четыре дрона,Транспорт
"На Z-активиста и лидера московских нацболов завели дело о «дискредитации» за то, что он назвал Шойгу «куколдом»",Политика
"Первая партия армянских товаров, запрещенных к ввозу в Россию, отправлена в ЕС и другие страны",Политика
"В «ЛНР» ограничили продажу бензина, в Белгородской и Курской областях «Роснефть» перестала отпускать топливо в канистры",Экономика
Фехтовальщиков из России и Беларуси допустили к международным соревнованиям с гимном и национальной символикой,Политика
Вице-губернаторам и министрам Краснодарского края запретили выезжать из региона,Политика
"Фразу «Работайте, братья» включили в единый учебник литературы",ЧП
"Разведку США возглавил руководитель федерального ипотечного агентства, не имеющий опыта в разведке",Политика
«Яндекс» продал сервис «Авто.ру» владеющей «Т-Банком» группе за 35 млрд рублей,Экономика
"Рубио рассказал о «доказательствах» того, что Москва хочет проигрыша Пашиняна на выборах из-за растущих связей Армении с США",Политика
"Число погибших из-за удара по Днепру выросло до 16 человек, 42 получили ранения",ЧП
"В Финляндии по заявлению украинского «Нафтогаза» изъяли российское имущество на 3,7 млн евро",Экономика
Путин предложил выделить факультеты русского языка и литературы из филологических,Политика
В Тюмени арестовали главреда издания «Парк.72» Ольгу Воронину,Политика
В Россию в преддверии ПМЭФ прибыл блогер-мизогин Эндрю Тейт. В аэропорту его встретили танцами и кавером на песню «Матушка»,Транспорт
"Россия запретила ввозить из Армении баклажаны, картошку, сухофрукты и семечковые культуры",Политика
"«Если вы хотите и дальше, чтобы из страны уезжали все, кто боится ваших законов, — то вы на правильном пути». Собчак ответила на донос Мизулиной",Политика
«Лента» официально выкупила «О’Кей» — ритейлеру перейдут 75 гипермаркетов,Политика
"Жителя Волгограда приговорили к пяти годам колонии за комментарии, в которых он поддержал ВСУ и РДК",Конфликты
Зеленский поручил завершить войну до зимы. Пост Гурулева о мобилизации. Роскошная жизнь главы ВЦИОМ,Конфликты
Почему в отношениях мы наступаем на одни и те же грабли?,Политика
Любимая специя Дюжева. Скандал у Скабеевой. Ксения Шойгу дает советы папе. Песков — фанат изюма,Политика
Путин угрожает Киеву «наказанием». Госдума без Дюжева. Медведев сравнил Пашиняна с Троцким,Политика
Гражданина РФ и Бельгии приговорили к 16 годам колонии по делу о «госизмене»,Конфликты
Мизулина написала донос на Собчак из-за интервью с Синяком,ЧП
С начала года в бюджет поступили безвозмездные взносы на сумму в 220 млрд рублей. В марте Путин предложил бизнесменам делать «взносы в бюджет» на войну,Экономика
"В телеграм-канале депутата-генерала Гурулева появился пост о «тупике» на фронте и готовящейся мобилизации — в Максе он написал, что аккаунт украли",Конфликты
Журналиста «Новой газеты» Олега Ролдугина перевели из СИЗО под домашний арест,ЧП
Уралвагонзавод переименовал свою боевую машину «Терминатор» в «Спиридон»,Конфликты
ФСБ обвинила иностранные спецслужбы в слежке за российскими чиновниками,Политика
Трамп обматерил Нетаньяху за новые удары по Ливану — Axios,Конфликты
Financial Times: США ведут переговоры о расширении размещения ядерного оружия в Европе,Экономика
В Белгородской области горит меловой завод. В одном из сел после атаки БПЛА ранен 11-летний ребенок,ЧП
В Краснодарском крае возник пожар на НПЗ и был поврежден многоквартирный дом после атаки украинских беспилотников,Конфликты
Сербия не намерена вводить визы для россиян — Вучич,Политика
Девять человек погибли в результате атаки российских военных на Днепропетровскую область,ЧП
"Российская армия нанесла масштабный удар по Киеву — пять погибших, более 60 пострадавших",Конфликты
"ФБК заявил, что глава ВЦИОМ выводит бюджетные средства через сеть индивидуальных предпринимателей",Экономика
Зеленский снова предупредил украинцев о возможном массированном ударе российской армии,Конфликты
Задержан глава продовольственного управления Минобороны,Политика
"Путин заявил, что Киев «решил придать новое качество конфликту»",Конфликты
Замглавы Духовного управления мусульман РФ оштрафовали за картину с военачальниками Чингисхана,Конфликты
Россельхознадзор запретил ввозить виноград из Армении,Политика
Российские пользователи пожаловались на доступ к репозиторию библиотек для языка Python,Конфликты
Минфин и ЦБ предупредили Кремль об опасном дефиците бюджета из-за расходов на войну — Bloomberg,Экономика
Серена Уильямс возвращается на теннисный корт после четырехлетнего перерыва,Спорт
На фоне топливного кризиса АЗС в аннексированном Крыму «временно» прекратили отпускать талоны на бензин,Экономика
«Такого в России раньше никогда не было». Правозащитник — об облавах для вербовки на контракт,Политика
СК возбудил уголовное дело из-за избиения 14-летней бурятки в Москве,ЧП
Трех жителей Тюменской области лишили российского гражданства за «пропаганду антироссийских настроений»,Общество
Студента приговорили к 15 годам лишения свободы по делу о терроризме из-за телеграм-канала с мемами,Общество
Иран приостановил переговоры с США из-за ударов Израиля по Ливану — Tasnim,Конфликты
В России снимут ремейк «Приключений кота Леопольда» — это будет игровой фильм с живыми актерами,Культура
В Казани скопировали львовский ресторанный бренд «Пьяная вишня». Заведение с идентичной концепцией назвали «Конь и вишня»,Политика
В мае ВСУ нанесли рекордное количество ударов по нефтяным объектам в России с начала полномасштабной войны,Конфликты
Алтайскую активистку и мать троих детей Аруну Арна приговорили к пяти годам колонии,Общество
Лукашенко не считает Ким Чен Ына диктатором,Политика
С 1 июня россияне могут получать повестки в суд и судебные документы на Госуслугах автоматически,Культура
Путин поговорил по телефону с Пашиняном,Политика
Хакеры взломали аккаунт Барака Обамы в Instagram,Политика
На Мальте произошел мощный взрыв на заводе по производству фейерверков,ЧП
Дочери Путина выступят на ПМЭФ в один день,Политика
"Пашинян: Армения продолжит работать в ЕАЭС до тех пор, «пока выбор между ЕС и ЕАЭС станет неизбежным»",Политика
Россельхознадор потребовал приостановить сертификацию рыбы из Армении,Политика
Пациенты с онкологическими заболеваниями пожаловались на нехватку препаратов. Дефицит зафиксировали не менее чем в 16 регионах,Политика
Путин поручил ФСБ и кабмину «обеспечить бесперебойную работу важнейших сервисов» в период отключений интернета,Политика
Правительство ввело запрет на экспорт авиационного керосина на пять месяцев,Экономика
Путин поздравил Пашиняна с днем рождения,Политика
"Макрон: Франция задержала подсанкционный нефтяной танкер, шедший из России",Экономика
Хвича Кварацхелия стал лучшим футболистом Лиги чемпионов в этом сезоне,Спорт
Эксперты МАГАТЭ выявили повреждения на Запорожской АЭС после атак беспилотников,Конфликты
США снова нанесли удары по объектам в Иране на фоне перемирия,Конфликты
На рейсы «Аэрофлота» Москва — Петербург запустили посадку в самолет по биометрии,Транспорт
Стоимость обучения в российских вузах выросла на 10% за год на фоне сокращения платных мест,Экономика
Израиль попросил США разрешить усилить удары по Ливану — The Jerusalem Post,Конфликты
В Москве девочка из Бурятии получила травмы после конфликта с двумя женщинами,Конфликты
Адама Кадырова наградили еще одной медалью — в этот раз «За вклад в проведение СВО»,Спорт
Лукашенко посоветовал жителям Армении быть аккуратнее при выборе между Россией и Европой,Политика
В Сыктывкаре у трех семей хотят изъять 8-летних детей — они прыгали на инсталляции из кубов к 9 мая,Общество
Bloomberg: Евросоюз рассматривает заморозку потолка цен на российскую нефть,Экономика
Во Франции прошли беспорядки после победы ПСЖ в Лиге чемпионов — задержано более 400 человек,Спорт
В Севастополе начали продавать бензин по талонам,ЧП
В Ростовской области загорелось топливное хранилище после атаки беспилотников,Конфликты
В Саратове горит НПЗ после атаки украинских беспилотников,Конфликты
Путин в поиске бессмертия. Дисс Нойза на Гуфа заблокировали. ВСУ перерезает снабжение армии России,Конфликты
Массированная атака на юг России. Путин угрожает Пашиняну. В Крыму нехватка топлива,Политика
В России могут ввести алкозамки для автомобилей,Транспорт
В Белгороде вернут мобильный интернет и уличное освещение,Политика
"«Росатом» обвинил ВСУ в ударе дроном по машинному залу шестого блока Запорожской АЭС, из-за которого в нем образовалась дыра",Конфликты
В Нижегородской области появится министерство защиты от беспилотников,Конфликты
Роскомнадзор заблокировал дисс Noize MC на Гуфа в «Яндекс Музыке»,Политика
Эстония установила на границе с Россией первые стационарные системы обнаружения дронов,Конфликты
"ВСУ начали перерезать снабжение российской армии по трассе Таганрог — Мариуполь — Мелитополь — Джанкой, водителей призвали «ограничить» поездки по ней «без острой необходимости». В Крыму ввели ограничения на продажу бензина",Транспорт
В России начали жаловаться на проблемы с доступом к сервису Figma,Политика
Из-за российской атаки было разрушено здание вокзала в Сумской области,Транспорт
Кореевед Андрей Ланьков решил перестать общаться с журналистами из-за второго протокола о связи с «нежелательной» организацией,Политика
"Аэропорт Мюнхена закрывали из-за появления в небе неопознанного объекта — вероятно, дрона",Транспорт
Митрополит Иларион вернулся в Россию после ареста в Чехии,Политика
"Два человека пострадали из-за атаки на Ростовскую область, в Таганроге и Армавире атакованы нефтяные объекты",Конфликты
Цена на водку за год выросла почти на 15 процентов — «Руспродсоюз»,Общество
Россия вызвала в Москву посла из Армении для консультаций из-за сближения Еревана с ЕС,Политика
"Цитата из Гитлера, угрозы Армении и «законные цели» в Латвии. Что сказал Путин журналистам в Казахстане",Политика
РГГУ ищет биографа рода Путиных,Политика
Крымчанина оштрафовали за «дискредитацию» из-за разговора в отделении наркологии,ЧП
Путин приписал Геббельсу цитату из «Майн кампфа»,Политика
"Матвиенко предложила поисковикам изменить выдачу об абортах — сначала показывать центры помощи семье, потом — клиники",Общество
"Путин считает, что повышение цен на энергоносители для Армении приведет к потере как минимум 14% ее ВВП",Экономика
"Путин заявил, что называть конкретные сроки окончания войны в условиях боевых действий «опрометчиво», Россия наступает «по всем направлениям»",Конфликты
"Путин: у России есть «все средства», чтобы «сровнять с землей» всех, кто попытается сделать это с Калининградской областью",Политика
"Путин заявил, что узнал про падение дрона в Румынии «только что», но предположил, что аппарат — украинский",Конфликты
Российский дрон упал в Румынии из-за удара по нему украинской ПВО,Конфликты
Армении предложили выбрать между ЕС и ЕАЭС,Политика
Минюст расширил реестр «иноагентов»,Политика
"Еврокомиссия не стала вводить санкции против завода в Ирландии, который снабжает сырьем российский ВПК",Экономика
Во всем Уральском федеральном округе впервые ввели режим ракетной опасности,Конфликты
«Кинопоиск» запретил публиковать пользовательские рецензии в течение четырех недель после начала проката в России,Культура
"Два человека пострадали при атаке дронов на турецкий сухогруз, шедший из Одессы",Конфликты
Румыния закроет генконсульство России в Констанце после попадания дрона в жилой дом,Конфликты
Российский суд приговорил менеджера Disney к сроку в колонии за мармелад с марихуаной,Спорт
"На войну с Украиной уехали двое мужчин, которые подожгли и закопали живого человека",Конфликты
Для борьбы со старением кремлевские ученые исследуют 3D-печать живых тканей и выращивание человеческих органов внутри декоративных свиней — WSJ,Наука
Агрохолдинг «Русагро» перешел под управление Россельхозбанка,Политика
"Роспотребнадзор остановил продажу в России 64,5 млн бутылок армянской минеральной воды «Джермук»",Политика
Рейтинг Путина возобновил падение — ВЦИОМ,Политика
"Агентство ТАСС сообщило, что на заправках запретят пользоваться мобильными телефонами. В МЧС это опровергли",ЧП
Минпросвещения проверяет «гражданственно-патриотические установки» учащихся и преподавателей,Политика
«Серьезная и безответственная эскалация». МИД Румынии — о попадании российского дрона в жилой дом,Конфликты
"Один человек погиб, двое ранены в результате атаки БПЛА в Волгоградской области",ЧП
В Ярославской области после атаки беспилотников возник пожар «на объектах по хранению топлива»,Конфликты
На испытаниях тяжелой ракеты Blue Origin произошел взрыв,ЧП
"Волгоград атакован дронами: поврежден жилой дом, загорелся НПЗ",Конфликты
"Беспилотник врезался в жилой дом в Румынии. Минобороны заявило, что он был российским",Конфликты
Апелляционный суд в Германии отказался предоставлять защиту еще одному российскому призывнику,Политика
"В еще одном регионе России запретили продажу детям бензина, дизеля и лакокрасочных материалов",Общество
"В Челябинске снова откроют танковое училище, расформированное в 2007 году",Общество
В Москве суд арестовал по делу о взятке главу департамента Минтранса,Политика
После получения протокола об «ЛГБТ-пропаганде» бренд CHA U KAO удалил из соцсетей посты с амбассадором Алексеем Жидковским,Политика
На связанный с «Роснефтью» небоскреб в Москве установили систему ПВО,Конфликты
Российским частным компаниям разрешили закупать зенитные орудия для защиты от дронов,Спорт
В Адыгее ввели режим ЧС из-за дождей,Погода
Путин вновь не выговорил имя Токаева. Москву укрепляют от атак дронов. Иск Гагариной против ЕС,Конфликты
Путин и Кабаева тратят сотни тысяч долларов на воспитание своих сыновей как «образованных европейцев». Для этого они нанимают десятки иностранных гувернеров — «Система»,Экономика
"Почему одни люди манипулируют другими? Как распознать манипуляции, и могут ли они быть во благо?",Политика
Уполномоченная по правам детей Москвы предложила снизить возраст трудоустройства с 14 до 12 лет,Общество
«Я скорее ограничил Россию-маму в родительских правах. А предавать я ее не собираюсь». Артемий Троицкий — об ИИ-клипе Шамана с лицами эмигрантов,Политика
Российские СМИ удалили новость о росте долгов по зарплатам,Экономика
Хабаровского срочника отправили на фронт за два дня до суда о расторжении контракта,Конфликты
После вторжения ВСУ в Курскую область в розыске остаются 332 жителя региона,Конфликты
"Глава Минэнерго: договор о беспошлинных поставках в Армению нефти и газа расторгнут только в случае, если «они перейдут от Евразийского экономического союза в ЕС»",Экономика
Сотруднице Института философии РАН предъявили обвинение по делу о проекте «Наследие Аристотеля»,Политика
"Россия запретила ввозить огурцы, помидоры, зелень и клубнику из Армении",Спорт
"В Херсоне под обстрел попала детская прощадка, погиб мужчина и пострадали дети",ЧП
Участник войны в Украине угрожал взорвать гранаты в московской пекарне,Конфликты
"Шаман выпустил клип, где сгенерированные ИИ эмигранты другие поют «Россия — мама»",Политика
"Путин заявил, что отношения РФ и Казахстана «находятся на подъеме»",Политика
В РФ начали штрафовать банки и МФО за пересылку личных данных через WhatsApp,Экономика
Совет Международной федерации хоккея аннулировал решение о недопуске российских спортсменов,Спорт
МИД Украины опровергает слова главы евродипломатии Каллас об эвакуации американского посольства из Киева,Политика
В четыре раза чаще стали отменять авиарейсы в России в этом году,Транспорт
В Нижнем Новгороде беспилотник или его обломки попали в здание областного суда,Конфликты
Никол Пашинян анонсировал строительство транзитного газопровода через территорию Армении,Политика
Tasnim: Иран нанес удар по американской авиабазе,Конфликты
Трамп поддержал Пашиняна на предстоящих выборах в Армении и назвал его «великим другом»,Политика
С Артемия Лебедева взыскали 300 тыс. рублей по иску Мизулиной,Экономика
Страны Персидского залива намерены обсудить статус военных баз США после завершения войны на Ближнем Востоке — «Коммерсант»,Конфликты
В аннексированном Севастополе после атаки ВСУ загорелся штаб Морской авиации Черноморского флота России — Astra,Конфликты
"Митрополит Иларион заявил, что его арест в Чехии — «какая-то спланированная акция»",Экономика
Долги по зарплатам в российских организациях выросли до максимума с конца 2019 года,Экономика
Мишустин назначил новую замглавы Минцифры,Политика
Россия и Талибан договорились о военно-техническом сотрудничестве,Политика
ПАСЕ решила не отстранять Руслана Кутаева от платформы российских демократических сил из-за гомофобных заявлений и оправдания «убийств чести»,Конфликты
Суд в Москве арестовал криптоблогера Валерию «Битмаму» Федякину по делу о незаконной банковской деятельности,Экономика
На войне погиб член «патриотической» организации ВШЭ «Белый ворон» и сын экс-замминистра иностранных дел,ЧП
Российские телеграм-каналы за последние месяцы потеряли почти половину аудитории,Конфликты
Путин прилетел в Казахстан,Политика
"Россиянам в запасе приходят повестки в военкомат «для уточнения данных». Правозащитник рассказал, что нужно делать",Общество
На косметический бренд CHA U KAO составили протокол об «ЛГБТ-пропаганде» в интернете,Политика
Зеленский направил Трампу срочное письмо о критической нехватке систем противоракетной обороны и боеприпасов для них,Политика
Украинская полиция: В СИЗО Таганрога журналистке Виктории Рощиной сломали затылочную кость,ЧП
"Департамент образования Томской области объяснил запрет иностранных надписей на одежде школьников тем, что «неокрепшие умы» могут столкнуться с «чуждыми и опасными смыслами»",Общество
Шесть человек погибли в Донецкой и Черниговской областях после атак российских военных,ЧП
Экс-глава Брянской области Александр Богомаз может войти в комитет Госдумы по транспорту,Политика
"«Сосновский маньяк» Андрей Кийко, которого начали искать в Ленобласти, вероятно, погиб на фронте — «Фонтанка»",ЧП
Два депутата Госдумы случайно проголосовали против осуждения обстрела Старобельска «ЛНР»,Политика
"Пользователи в России пожаловались на сбои в работе Max, «ВКонтакте» и «Яндекса»",Политика
В Литве произошла масштабная утечка данных из госреестров,ЧП
В России усилили санитарно-карантинный контроль на госгранице в связи со вспышкой лихорадки Эбола,Политика
Сделавшую кальян на куличе девушку приговорили к 3 годам и 25 дням колонии,Культура
Грушинский фестиваль вновь отменили «из-за ситуации с безопасностью». Вместо него пройдет фестиваль с Z-повесткой,Культура
Депутата «Яблока» оштрафовали за удаленные посты 2020 года с фотографиями Навального,Политика
WSJ: В Европе опасаются выхода войны за пределы Украины — это может стать оправданием для новой мобилизации,Конфликты
Фонд «Совет мира» Трампа за 4 месяца не получил ни доллара от партнеров,Экономика
"В Туапсе обломки беспилотника упали на территории морского терминала. Возник пожар, его потушили",ЧП
"«Если ты ЛГБТ, значит, ты плохой, ты враг. А если ты ходишь в церковь и в правильной форме делаешь детей, то ты — хороший человек». Психолог — о том, как в авторитарном режиме секс становится оружием и мерилом нормальности",Общество
В Липецке две женщины и годовалый ребенок погибли из-за пожара в частном доме,ЧП
Минцифры расширило требования к операторам по передаче данных о клиентах силовикам,Политика
"ВСУ атаковали Таганрог и Севастополь ракетами, минимум два человека ранены",Конфликты
"Госдума приняла в первом чтении законопроект, повышающий пошлину за получение российского гражданства в 12 раз",Политика
В Ленобласти ищут ранее осужденного на 25 лет за убийства и изнасилования женщин «сосновского маньяка» Андрея Кийко. Он отправился на войну с Украиной и сбежал после ранения,ЧП
"Россия пригрозила приостановить беспошлинную поставку в Армению природного газа, нефтепродуктов и необработанных алмазов",Экономика
Суд удовлетворил ходатайство Центробанка о взыскании с бельгийского депозитария Euroclear 200 млрд евро причиненных убытков,Экономика
Жилой дом частично обрушился из-за взрыва и пожара в Липецке,ЧП
"Володин заявил, что въезд Чубайсу в Россию «заказан»",Политика
"Миллиардер Александр Галицкий покинул Россию после того, как его имущество конфисковали",Политика
"Иран отказался проводить переговоры с США до тех пор, пока не будут разблокированы его замороженные средства",Политика
Путин посетит Казахстан,Политика
Таганский суд Москвы оштрафовал «Билайн ТВ» и DeviantArt за «пропаганду ЛГБТ» и неудаление информации,Общество
Суд не стал принимать жалобу жены Азата Мифтахова на бездействие следователя,Политика
Верховный административный суд Финляндии приостановил процесс депортации из страны антивоенного активиста Романа Голикова,Культура
"Актер Глеб Калюжный, против которого возбудили дело об уклонении от службы, вернулся из армии",Культура
Минцифры отказалось от введения платы за регистрацию смартфонов по IMEI,Политика
В Роскомнадзоре отвергли сбор IP-адресов пользователей операторов связи,Общество
"Путин: единственные преступления, к которым не должен применяться срок давности, — преступления против человечности",Политика
Митрополита Илариона отпустили из-под стражи в Чехии,Политика
Госдума разрешила арестовывать имущество уехавших россиян за действия «против интересов РФ»,Политика
Одессу готовят к обороне. Цены на нефть растут. «Свошникам» спишут кредиты. Шаман и секретная папка,Экономика
Звягинцев ответил Пескову. «Свошник» облил кислотой девушку. США возобновили удары по Ирану,Конфликты
"В Совбезе Беларуси заявили о попытке украинских беспилотников поразить «элементы пограничной инфраструктуры, прикрываясь случайными залетами»",Конфликты
"Одного из лучших преподавателей математики НИУ ВШЭ отправили в колонию на 3,5 года за пожертвования ФБК",ЧП
Гомосексуальность и трансгендерность назвали психическими заболеваниями на съезде психиатров России,Политика
Глава ФСБ обвинил западные страны в создании «цифровых лабораторий» для «манипулирования населением» в странах СНГ,Наука
Один человек погиб в Херсонской области в результате атаки российских военных,ЧП
"«Речь об уничтожении города, как среды человеческого обитания». Политолог Дмитрий Орешкин — о заявлениях российского МИД про удары по Киеву",Конфликты
«Известия»: в России оштрафовали десятки операторов связи за непередачу IP-адресов,Политика
"В Одессе погиб один человек, еще трое ранены в результате удара российских военных",ЧП
"Суд изъял имущество экс-замминистра обороны Руслана Цаликова на 5,5 млрд рублей",Экономика
Армия США нанесла удары на юге Ирана,Конфликты
ЦБ подал иск против погашения европейского кредита Украины за счет замороженных российских активов,Экономика
Президент Ирана распорядился восстановить доступ к интернету в стране,Политика
Сызранский нефтеперерабатывающий завод остановил работу после атаки дронов — Reuters,Конфликты
Лавров сообщил Рубио о намерении российской армии бить по Киеву,Конфликты
Путин освободил участников вторжения в Украину от погашения просроченных кредитов,Экономика
Временные ограничения на полеты ввели в аэропорту Калининграда,Транспорт
Российский МИД потребовал освободить задержанного в Чехии митрополита Илариона,Политика
"«Ничего хорошего впереди не ждет, если не остановиться». Андрей Звягинцев ответил Дмитрию Пескову",Политика
Путин подписал закон о «профилактических беседах» с уклонистами от армии,Политика
35 тысяч человек остались без света и воды в Белгороде — врио губернатора,Политика
"Сотрудник ФСБ во время суда признал, что силовики пытаются отслеживать пользователей Telegram по интернет-трафику",Политика
"Путин подписал закон, разрешающий привлекать военных для защиты арестованных за рубежом россиян",Политика
С июня вокруг Москвы будут запрещены полеты гражданских судов на высоте до 5100 метров,Транспорт
"МИД заявил, что российская армия будет «последовательно наносить удары по предприятиям украинского ВПК в Киеве»",Конфликты
Власти Анапы анонсировали открытие купального сезона с 1 июня,Наука
"В Казахстане бывшего священника РПЦ, критиковавшего Кремль, отправили в психиатрическое учреждение",Политика
"Звягинцев никогда не осуждал бойню, которую устроил Киев в Донбассе, потому не имеет права голоса — Песков",Политика
В ЦБ заявили о необходимости ухода с рынка РФ карт Mastercard и Visa,Экономика
Митрополита Илариона задержали в Чехии — в его авто обнаружили «четыре контейнера с веществом белого цвета»,ЧП
Филипп Киркоров подал в суд на Shot и «Лайф»,Политика
Выручка российского ИТ-сектора снизилась впервые за несколько лет,Экономика
Четыре человека погибли в оккупированной Горловке в Донецкой области,ЧП
Разработчик российского аналога Microsoft Office проводит массовые сокращения,Политика
Генерал полиции стал заместителем главы Минобороны России,Политика
В Старобельске установят мемориал в память погибших после удара по колледжу,ЧП
В Татарстане планируют штрафовать работодателей за отказ нанимать участников «СВО»,Политика
Общественные объединения в России станут организациями «с участием государства»,Политика
В Москве задержали несколько участников митинга против вырубки леса,Политика
Лидер белорусской оппозиции Светлана Тихановская впервые приехала в Киев,Политика
В Белгородской области из-за атаки дрона погиб мужчина,Конфликты
"РФ обратится в Международный суд ООН «для защиты русских» в Латвии, Литве и Эстонии",Политика
Самолету главы Минобороны Британии заглушили сигнал GPS возле российской границы,Транспорт
Выезд из Ярославля в Москву перекрывали ночью из-за атак беспилотников,Конфликты
Федеральные телеканалы не рассказали о Гран-при фильма Звягинцева на Каннском кинофестивале,Культура
Макрон созвонился с Лукашенко впервые с 2022 года,Политика
В ЕС анонсировали новые меры против России после удара «Орешником»,Конфликты
Пашинян пообещал отменить визовый режим между Арменией и ЕС в течение двух лет,Политика
"Артист Мариинского театра выстрелил в 11-летнего мальчика, потому что тот играл у него под окнами на саксофоне",Культура
Здание МИД Украины получило повреждения впервые со времен Второй мировой войны,Конфликты
Минобороны РФ рассказало о массированном ударе по Украине «в ответ на террористические удары»,Конфликты
Почему не нужно замалчивать обиду и как общаться с обидчивыми людьми,Политика
В Москве коммунальщики привезли грунт с фрагментами захоронений для благоустройства территории,Политика
В ВСУ подтвердили российский удар «Орешником» по Белой Церкви,Конфликты
Умер мэр Нальчика,Политика
"Зеленский эмоционально отреагировал на ночной обстрел Киева, назвав Путина «старым орешником», который не может выговорить «ура»",Политика
Польша поднимала в воздух истребители во время российской атаки по Украине,Конфликты
"После перестрелки у Белого дома Трамп назвал свою Секретную службу «великолепной», а нападавшего — «одержимым»",Конфликты
Российская армия в третий раз применила «Орешник» для ударов по Украине,Конфликты
"ВС РФ массировано ударили по Киеву ракетами и дронами — погибли два человека, более 50 ранены",ЧП
"Возле Белого дома произошла стрельба, нападавшего убили",ЧП
Число погибших при атаке на учебный корпус и общежитие в Старобельске в «ЛНР» выросло до 21,ЧП
Звягинцев обратился к Путину: «Закончите уже эту бойню»,Политика
Новый фильм Андрея Звягинцева «Минотавр» получил Гран-при Каннского кинофестиваля,Культура
Посольство США в Украине предупредило о массированном ударе «в ближайшие сутки»,Конфликты
Силовики отменили фестиваль еды и напитков «Синие ночи» в Петербурге в день его проведения,Культура
Путин хочет закончить войну. 18 погибших в Старобельске. Интервью Бони. Арест имущества релокантов,Политика
Путин созвал Совбез. Атака дронов на колледж в Старобельске. Запрет на воду и коньяк из Армении,Конфликты
Зеленский счел «несправедливым» предложение о предоставлении Украине статуса «ассоциированного члена» ЕС,Политика
Число погибших при атаке на учебный корпус и общежитие Старобельского профессионального колледжа в «ЛНР» увеличилось до 18 человек,ЧП
Зеленский заявил о получении данных о подготовке российского удара с применением ракеты «Орешник»,Конфликты
Россия объявила политика Гарри Каспарова в международный розыск,Политика
Новому фильму Андрея Звягинцева «Минотавр» попробуют оформить российское прокатное удостоверение,Культура
Власти Бухареста приняли особые меры безопасности перед концертом Макса Коржа из-за драки румынских байкеров с украинскими поклонниками музыканта,Культура
США ужесточили порядок выдачи грин-карт,Политика
Роспотребнадзор приостановил продажу двух марок армянских вин и одного коньяка,Общество
Как минимум 90 человек погибли при взрыве газа на угольной шахте в провинции Шаньси на севере Китая,ЧП
"Два человека пострадали в результате налета БПЛА на Новороссийск, горит нефтебаза и топливный терминал",Экономика
В Москве на два месяца арестовали бывшего адвоката основателя Baring Vostok,ЧП
Как минимум 14 российских туристов пострадали в ДТП с автобусом в турецкой Анталье,ЧП
Опубликован список погибших и пострадавших в результате удара по колледжу в Старобельске «ЛНР» — им от 18 лет до 21 года,ЧП
Зеленский заявил об ударе по заводу «Метафракс» в Пермском крае,Конфликты
В Латвию снова залетел неизвестный дрон — он упал в озеро и взорвался,Конфликты
Путин проигрывает. Бой за интернет: власть отступает? Россия на игле Китая,Политика
Месси вслед за Роналду стал миллиардером,Спорт
Венгрия запретила ввоз украинской сельскохозяйственной продукции,Конфликты
Глава Национальной разведки США Тулси Габбард ушла в отставку,Политика
Удар в Старобельске «ЛНР» был нанесен по «одному из штабов» российского военного подразделения «Рубикон» — Генштаб ВСУ,Конфликты
"Путин счел, что потери и жертвы России в войне с Украиной «не напрасны»",ЧП
В «ЛНР» из-за атаки на общежитие в Старобельске ввели режим ЧС регионального характера,Конфликты
Депортированный из США в Россию дезертир смог покинуть страну,Политика
Росфинмониторинг включил в перечень «экстремистских» материалов сборник статей политика Бориса Вишневского,Спорт
Роспотребнадзор полностью запретил оборот армянской минеральной воды «Джермук»,Общество
"Рубио о переговорах РФ и Украины: США «не заинтересованы в бесконечном цикле встреч, которые ни к чему не приводят»",Политика
"Путин заявил, что поручил Минобороны «подготовить предложения по ответу на удар по Старобельску»",Конфликты
На 13-летнего мальчика составили протоколы о «пропаганде ЛГБТ» и запрещенной символике,ЧП
Число пострадавших в результате обстрела в Старобельске «ЛНР» увеличилось до 39 человек,Конфликты
ЦБ обсуждает с Минцифры включение всех банков в «белые списки» — Набиуллина,Экономика
Лавров дал интервью изданию «Детская редакция» — и рассказал подросткам про возрождение «идеологии нацизма и практики нацизма»,Политика
"Володин заявил, что РФ поставляет газ Армении «себе в ущерб», а взамен получает «подлость и непорядочность Пашиняна»",Политика
«Манчестер Сити» официально объявил об уходе главного тренера Пепа Гвардиолы,Спорт
"СК провел обыски в Институте философии РАН, дело может быть связано с переводами Аристотеля — СМИ",ЧП
Глава департамента Центробанка «в шоке» от цен на российском рынке жилья,Общество
Установка Max стала обязательным требовании при приеме на работу в СПбГУ — T-invariant,Политика
В Петербурге школьники получили задание посмотреть и законспектировать видео о беспилотниках,Конфликты
ФОМ сообщил о снижении рейтинга Путина до уровня первой недели войны,Конфликты
"Один человек погиб, 35 получили ранения в результате атак украинских дронов в Старобельске «ЛНР»  — Пасечник",ЧП
Законопроект о наказании уехавших россиян готов ко второму чтению,Политика
В московских аэропортах прошедшей ночью вводились ограничения на полеты,Транспорт
Федерация фигурного катания на коньках России разрешила сыну Плющенко выступать за Азербайджан в течение пяти лет,Спорт
Министр иностранных дел Украины: «Мы находимся в переломном моменте войны»,Конфликты
Трамп отправит в Польшу дополнительные войска,Конфликты
"В Москве по делу о мошенничестве задержали адвоката Игоря Поповского, занимающегося политическими делами",ЧП
Трое железнодорожников погибли из-за удара беспилотника по тепловозу в Брянской области,Конфликты
НПЗ под Нижним Новгородом частично приостановил работу после атаки украинских дронов,Конфликты
Экс-губернатора Белгородской области Гладкова назначат послом в Абхазию,ЧП
Путин почти 200 дней не ездил по России,Политика
Сбежавшего в Беларусь депутата Рижской думы лишили мандата,Политика
Голландского археолога обвинили в краже зубов д’Артаньяна,Наука
У здания екатеринбургского университета начали раздавать листовки с рекламой военной кафедры «Алабуги-политех»,Политика
"Жена нового замминистра цифрового развития работает в холдинге, который разрабатывает средства для блокировок интернета",Политика
"«Ростелеком» создал систему, чтобы тайно управлять «миллионами» роутеров по всей России — CNews",Политика
"Путин заявил, что Россия не намерена «втягиваться в гонку вооружений»",Политика
"Художника Александра Арсеньева приговорили к лишению свободы за граффити «Не хочу привыкать к войне», но освободили в зале суда",Культура
Суд в Германии отказал российскому призывнику чеченского происхождения в защите,Политика
"Суд в Казахстане разрешил «Нафтогазу» взыскать с «Газпрома» 1,4 млрд долларов",Экономика
ЦБ порекомендовал банкам усилить контроль за внесением крупных сумм наличных,Экономика
"В Латвию снова залетел беспилотник — в небо подняли истребители, движение поездов в некоторых регионах приостановлено",Транспорт
Российский миллиардер Михаил Смирнов погиб в ДТП,ЧП
В Петербурге вновь начались сбои в работе мобильного интернета,Общество
"Рабочего с Урала приговорили к 12 годам за покушение на теракт, даже несмотря на то, что он передумал его делать",Конфликты
"Школа в Томской области после критики удалила с сайта приказ, запрещающий детям носить одежду с иностранными надписями",Общество
Украинцу Дмитрию Балогу дали 25 лет из-за диверсий в Домодедово и поджог автомобиля с буквой Z,Транспорт
В Абхазии перед туристическим сезоном начали убивать собак на улицах,Политика
Один человек погиб в Черниговской области после атаки беспилотников,Конфликты
Беларусь будет «втянута в войну» с Украиной только если на ее территорию «будет совершена агрессия» — Лукашенко,Конфликты
В Беларуси проводят совместные с Россией учения ядерных сил,Наука
Внучка экс-мэра Самары признала вину в его убийстве,ЧП
Петербургский губернатор Беглов впервые предупредил о блокировках мобильного интернета,Политика
Сын Плющенко будет выступать в фигурном катании за Азербайджан,Спорт
Власти решили снова отложить введение дополнительной платы за VPN-трафик — РБК,Политика
Петербург без интернета. СМИ запретили писать про запреты. Маск станет первым в мире триллионером?,Культура
Атака на Сызрань: есть погибшие. Главный проект Путина в Китае провалился. Угроза пандемии Эболы,ЧП
Путин и Си не договорились. ВСУ бьют по нефтебазам в регионах. «Единая Россия» продолжит запрещать,Экономика
Новое интервью Познера. Зачем Путин полетел в Китай. Пропаганда прячет атаки на Москву,Конфликты
Израильский министр выложил видео с унижениями пропалестинских активистов,Политика
"Два человека погибли, еще несколько пострадали в Сызрани после атаки беспилотников",ЧП
Три человека пострадали в Белгородской области после атаки беспилотников,Конфликты
Трамп и Нетаньяху разошлись во мнениях по поводу мирного урегулирования на Ближнем Востоке,Политика
Зеленский заявил о готовности Украины вернуться к трехсторонним переговорам с Россией и США «в эти недели»,Политика
"Генсек НАТО заявил, что в России «знают», что если страна использует ядерное оружие в войне против Украины, «реакция будет разрушительной»",Конфликты
Из-за украинских атак нефтепереработка в центральной России почти остановилась — Reuters,Экономика
Россельхознадзор ограничит ввоз цветов из Армении,Политика
"Владельца ИИ-чатбота оштрафовали за «ЛГБТ-пропаганду» из‑за чатов про Алену Швец, «соседа по комнате» и «сводного брата‑гея»",Политика
Британская радиостанция по ошибке объявила о смерти короля Карла III,ЧП
Бывшему президенту Кубы Раулю Кастро предъявлены обвинения в США,Политика
Российских студенток агитируют вступать в БПЛА-войска,Общество
ЦБ установил курс доллара меньше 71 рубля впервые с февраля 2023 года,Экономика
Обвиненный в коррупции украинский бизнесмен Тимур Миндич подал иск на Владимира Зеленского,Политика
Путин завершил визит в Китай,Политика
Дуров выпустил новую нейропесню с обращением к Роскомнадзору,Политика
Антивоенному активисту Роману Голикову назначили дату депортации из Финляндии,Культура
В МЧС отчитались о ликвидации разлива нефти после атаки дронов на НПЗ в Туапсе,Конфликты
"«Это политический кислород». Эксперт — о том, что стоит за визитом Путина в Китай",Политика
«Яндекс» ограничит возможность бесплатно использовать «Диск»,Экономика
"Умер академик РАН Вадим Покровский, занимавшийся борьбой со СПИДом",Политика
Актер Дмитрий Дюжев решил выдвинуться в депутаты Госдумы от «Единой России»,Политика
Школьникам запретили носить одежду с иностранными словами в двух школах Томской области,Общество
Правительство разрешит расторгать договор на сим-карты только через 90 дней после оформления,Политика
Russie-Libertés: Франция ужесточила правила получения и продления временного разрешения на проживание для россиян,Общество
Польские силовики отчитались об аресте трех человек по обвинению в «деятельности в интересах российской разведки»,ЧП
СБУ заявила об обнаружении поражающих элементов из обедненного урана на обломках российской ракеты,Политика
РФ в ответ продлит безвизовый режим для граждан Китая,Конфликты
"РФ и Китай договорились бороться с «попытками возрождения» «нацизма, фашизма и милитаризма»",Политика
Россия останется надежным поставщиком энергоресурсов для Китая — Путин,Политика
В Литве объявили воздушную тревогу и закрыли аэропорт Вильнюса из-за залетевшего в страну беспилотника,Транспорт
Московский НПЗ прекратил работу после атаки украинских беспилотников 17 мая,Конфликты
Китай продлевает безвизовый режим с Россией до 31 декабря 2027 года,Политика
Восемь человек получили ранения в Сумской области после атаки российских военных,ЧП
"Белгород подвергся ракетному обстрелу, обломки ракеты повредили многоэтажку",Конфликты
Под Нижним Новгородом горит НПЗ после атаки украинских беспилотников — Astra,Конфликты
"Два человека погибли, еще шесть ранены после атаки российских военных на Днепр",ЧП
Путин и Си Цзиньпин встретились в Китае,Политика
Путин прилетел в Китай,Политика
"TikTok заблокировал аккаунты блогеров, которые рекламировали «Алабугу-политех»",Политика
"Трамп заявил, что Си Цзиньпин «никогда не говорил» ему о том, что Путин может «пожалеть» о вторжении в Украину",Политика
НПЗ в Рязани приостановил работу после атаки беспилотников 15 мая — Reuters,Конфликты
В Москве ушли с постов главы восьми районов,Политика
"В Китае 200 российских военных прошли подготовку, часть из них участвует в войне с Украиной — Reuters",Конфликты
Фемактивистку Дарью Серенко включили в список «террористов и экстремистов»,Политика
"В МИД Украины заявили, что страна «не использует территорию или воздушное пространство Латвии для своих операций против России и не намерена этого делать»",Политика
"Один человек погиб, еще трое пострадали из-за российской атаки на село в Харьковской области",ЧП
Суд в России запретил книгу украинской писательницы о жизни в Харькове под обстрелами,Культура
Сына основателя компании Mango арестовали по подозрению в убийстве отца,Общество
В Тыве решили награждать участников вторжения в Украину орденом в честь полководца Чингисхана,Политика
Военные Эстонии впервые сбили залетевший в воздушное пространство страны беспилотник,Конфликты
"В здание, где расположена редакция «МК», ворвались неизвестные с оружием",ЧП
Студент из Владимира пришел в полицию заявить о краже. Его приняли за пранкера и избили,Общество
"В Черниговской области двое погибших после прилета ракеты, еще не меньше 17 пострадали",ЧП
Два человека погибли в Сумской области после атаки российских беспилотников,Конфликты
МИД Латвии назвал ложью заявление СВР о подготовке ударов по России с территории страны,Конфликты
Рубль стал лидером по темпам роста среди валют на фоне войны на Ближнем Востоке,Экономика
"МИД Китая назвал «чистой выдумкой» слова Си Цзиньпина Трампу о том, что Путин может «пожалеть» о вторжении в Украину",Политика
"Российская разведка заявила, что Украина якобы готовит удары по России с территории Латвии",Конфликты
Правительство Таиланда одобрило сокращение срока безвизового режима для иностранцев до 30 дней,Политика
"Депутат Госдумы заявил, что российская экономика не выдержит длительной войны",Политика
"На Байкале перевернулась аэролодка, по меньшей мере пять человек погибли",ЧП
"«Путин не воспринимает происходящее как пиар-кризис». Станислав Белковский — о рейтинге Путина, его пиар-стратегии и «ментальной пропасти» между россиянами и властями",Политика
"FT: Си Цзиньпин сказал Трампу, что Путин может «пожалеть» о вторжении в Украину",Политика
Российская армия проводит трехдневные ядерные учения,Наука
Подростки открыли стрельбу в мечети в Сан-Диего — три человека погибли,ЧП
Ярославль атаковали беспилотники — начался пожар на промышленном объекте,Конфликты
"В Курской области погибла 68-летняя женщина, еще два человека ранены после атаки",ЧП
"Трамп заявил, что отложит удары по Ирану в связи с просьбами Катара, Саудовской Аравии и ОАЭ",Конфликты
"Суд присяжных в США отклонил иск Маска к OpenAI. Миллиардер заявлял, что руководство компании отказалось от миссии развивать ИИ «на благо человечества»",Политика
В Тверской области обломки дрона упали на крышу девятиэтажного жилого дома — губернатор,Конфликты
В Минэке предлагают решить проблему дефицита кадров с помощью «пенсионеров и предпенсионеров»,Экономика
"Бельгийский депозитарий Euroclear заявил, что не признает юрисдикцию российского суда",Политика
В Германии арестовали четырех человек по делу о поставках товаров двойного назначения в РФ,Политика
США снова продлили разрешение на покупку российской нефти на 30 дней,Экономика
"Российский антивоенный активист, которого хотели депортировать из Германии, получил убежище в стране",Политика
"Прокуратура не нашла нарушений прав политзаключенного Азата Мифтахова, который рассказывал о пытках в колонии",Культура
"Белгородцам остановили выплаты за автомобили, пострадавшие при обстрелах",Транспорт
"Белорусский самолет вместо посадки в Гомеле неожиданно улетел в Минск. Предположительно, из-за атаки дронов",Конфликты
Пермь защитили от беспилотников с помощью икон,Конфликты
"Талибан закрепил правила, допускающие браки с несовершеннолетними",Политика
"Путина во время визита в Китай будут сопровождать вице-премьеры, министры, главы регионов ЦБ и госкорпораций",Политика
"Россиянам доступны прямые рейсы в три раза меньшее число стран, чем в СССР во время «железного занавеса»",Общество
Более 300 тяжелораненых военных повторно отправили на фронт до окончания реабилитации,Конфликты
"У политзаключенной из Иркутска умер пес — после ее ареста он жил в квартире один, за собакой ухаживали родственники",Общество
В Петербурге задержали руководителей детского ансамбля — на экскурсии группа развернула флаг крымских татар,Общество
"Песков: «Мирный процесс по Украине» находится на паузе, Россия рассчитывает на его возобновление",Политика
"Коммунальщики закрасили граффити «Game over» возле ЖК в Екатеринбурге, куда прилетел беспилотник",Конфликты
"Два человека погибли, двое ранены после атаки дрона в Белгородской области",ЧП
«Роскосмос» провел уже несколько запусков ракет с рекламой,Наука
В Беларуси началась тренировка вооруженных сил с «доставкой ядерных боеприпасов и подготовкой их к применению»,Политика
Андрей Ермак покинул СИЗО,ЧП
"Главой коллегии Верховного суда по гражданским делам станет Олег Нефедов, который запретил «движение ЛГБТ» и «сатанизма»",Политика
«Пробита тефлоновая броня Владимира Путина». Политолог — о последствиях масштабной украинской атаки на Москву,Конфликты
"Андрей Ермак может выйти из СИЗО, за него внесли залог",Политика
Российских гимнастов допустили до соревнований с флагом и гимном,Спорт
"В Литве разбился беспилотник. Предварительно, украинский",ЧП
Силовики применили шокер против воронежского активиста при задержании на урбанистическом мероприятии,Политика
Роспотребнадзор отправит в Уганду специалистов для борьбы с лихорадкой Эбола,Общество
26 человек пострадали в Днепре после удара российских военных,ЧП
Крупный пожар в Москве. Z-блогеры отменяют Киркорова. Бизнесмен с ножами захватил трон в Эрмитаже,ЧП
Самый масштабный налет дронов на Москву и Подмосковье. Коллапс в Шереметьево. Бунт против Кабаевой,Конфликты
"Правда у каждого своя. У нас у всех установка, что мы хорошие, и нам важно, чтобы все это знали. Конфликт возникает тогда, когда тебя обвиняют в том, что ты плохой",Конфликты
В Петербурге прокуратура изъяла издание Библии из христианского книжного,Политика
На востоке Москвы крупный пожар рядом с Измайловским парком,ЧП
"Жители Урала пожаловались, что СМС об угрозе атаки беспилотников пришли после отмены тревоги",Конфликты
Гражданин Индии погиб во время атаки беспилотников в Подмосковье,Конфликты
Обломки беспилотника попали в ТРЦ «Мега» в Химках — ранее его закрыли на день,Конфликты
МУС выдал секретные ордера на арест нескольких израильских чиновников — Haaretz,Политика
В Латвию снова залетел беспилотник — в пяти районах страны объявляли угрозу воздушному пространству,Конфликты
Зеленский прокомментировал массированную атаку на Москву и область,Конфликты
В Сергиевом Посаде в результате атаки БПЛА повреждены четыре частных дома,Конфликты
ТРЦ «Мега» в Химках закрыли на день по «техническим причинам»,Политика
Несколько человек погибли под Краматорском в результате атаки российских военных,ЧП
Три человека пострадали в Дедовске в результате атаки беспилотников,Конфликты
Жители Подмосковья пожаловались на неработающие сирены и СМС-уведомления во время атак беспилотников,Конфликты
Москву и область атаковали украинские беспилотники — в Химках и Мытищах погибли три человека,Конфликты
Болгария выиграла «Евровидение-2026»,Экономика
"В Екатеринбурге у дома, в который попал дрон, нарисовали граффити «Game over»",Конфликты
"Дуров заявил, что «скучает» по «иранским фейерверкам» в Дубае, которые «помогли очистить город от легко впечатлимых людей»",Политика
Житель поселка под Белгородом погиб из-за падения на его дом российской авиабомбы,ЧП
США и Израиль могут возобновить войну с Ираном «на следующей неделе» — The New York Times,Конфликты
На фотоярмарке в Нижнем Новгороде помимо работ документалиста Александра Гронского скрыли стенды «десятков» авторов,Политика
Синагога в Москве пригласила «мужчин и женщин на роль евреев» для съемок сериала о Сталине,Культура
Украине вернули тела 528 погибших военных,ЧП
Трамп сообщил об убийстве «второго человека в руководстве ИГИЛ»,Политика
"Аэропорты Внуково, Домодедово и Жуковский приостановили работу после ночного налета беспилотников на Москву",Транспорт
Химическое предприятие было атаковано в Ставропольском крае,Конфликты
Путин вслед за Трампом посетит Китай,Политика
Число пострадавших при атаке на Белгород выросло до девяти человек,Конфликты
Верховный суд внес в Госдуму законопроект о смягчении наказания по «наркотической» статье 228,Политика
Путин разрешил гражданам Приднестровья получать российское гражданство в упрощенном порядке,Политика
"Издание для родителей «Нет, это нормально» приостанавливает работу",Политика
ЕС и 36 стран присоединились к соглашению о создании трибунала по преступлению агрессии против Украины,Политика
"Как минимум четыре человека, включая трехлетнюю девочку, пострадали из-за атаки на многоэтажку в Белгороде",ЧП
"«Русскую общину» спонсирует прокремлевский политолог, связанный с сыном Николая Патрушева — «Би-би-си»",Политика
Генштаб ВСУ подтвердил удар по нефтеперерабатывающему заводу в Рязани,Конфликты
В Рязани из-за ночных атак беспилотников ввели режим ЧС,Конфликты
Тела трех погибших нашли после пожара на станции по перекачке нефти в селе Нурлино под Уфой,ЧП
Минюст внес в реестр «иноагентов» журналистов Георгия Биргера и Елену Фанайлову,Политика
"Зеленский заявил, что Украина «фиксирует попытки» России «еще больше втянуть» Беларусь в войну с Украиной",Конфликты
Pussy Riot внесли в список «экстремистов и террористов»,Политика
Двух петербуржцев приговорили к 15 и 16 годам колонии по делу о попытке отравления еды бойцов «Эспаньолы» и жителей «ДНР»,Общество
Из-за роста налогов и снижения спроса за первые три месяца 2026 года в России закрылись 200 тыс. малых и средних бизнесов — Forbes,Экономика
Число пострадавших из-за атаки беспилотников в Рязани выросло до 28 человек,Конфликты
Погибшие и нефтяной дождь в Рязани. Россияне готовы протестовать? За Ермака внесли часть залога,Погода
Маркетплейсы потеряли до 10% пользователей из-за ограничений VPN,Экономика
Путин наградил бывшего губернатора Белгородской области орденом Александра Невского,Политика
Отключения интернета серьезно мешают работе врачей в России — результаты опроса,Общество
Фейк про Назарова и его жену. Путин собирается в Китай. Disney покинет Россию. Что будет с Гладковым,Политика
Губернатор Гладков ушел в отставку. Ермака арестовали. «Единая Россия» против запретов,Политика
Международная федерация борьбы полностью сняла санкции со спортсменов из России,Спорт
Столичный суд заочно приговорил бывшего журналиста «Коммерсанта» Владимира Соловьева,Политика
РФ и Украина проводят обмен телами погибших военных — ТАСС,ЧП
"СВР заявила, что Украина якобы «развернула кампанию по скупке российских военных и патриотических Telegram-каналов»",Конфликты
Путин и Си Цзиньпин «обменяются мнениями» о переговорах китайского лидера с Трампом,Политика
"Число погибших в Рязани увеличилось до четырех человек, среди них ребенок",ЧП
"Военный аналитик: стратегическая инициатива на войне переходит к Украине, а российская ПВО серьезно отстает от украинской",Конфликты
"Расходы регионов на вербовщиков выросли более чем вдвое, на это потрачено уже 7,7 млрд рублей",Экономика
"Зеленский подтвердил обмен пленными и заявил, что это первый этап обмена «1000 на 1000»",Политика
Диссидентка и правозащитница Нина Литвинова совершила самоубийство из-за войны в Украине,Конфликты
ВЦИОМ отчитался о росте рейтинга доверия к Путину,Политика
Россия и Украина обменялись пленными по формуле «205 на 205»,Политика
В России упало количество круглосуточных продуктовых магазинов,Политика
"В Финляндию залетел как минимум один дрон. Аэропорт Хельсинки не работал, в воздух были подняты истребители",Транспорт
После атаки на НПЗ в Рязани выпал «нефтяной дождь»,Погода
Трамп: Китай согласился покупать американскую нефть и вложить в американскую экономику «сотни миллиардов» долларов,Экономика
В Рязани после украинских атак горит НПЗ,Конфликты
"24 человека, в том числе трое детей, погибли в результате вчерашнего российского удара по Киеву",ЧП
В Рязани три человека погибли и 12 пострадали из-за атаки беспилотников,ЧП
"Экс-полковник ФСБ сбежал из России, прячась в туше мертвой коровы — The Telegraph",Политика
Генерал Александр Лапин может получить должность председателя комитета по обороне в Госдуме,Конфликты
"Зеленский заявил, что в жилой дом в Киеве попала ракета, компоненты для которой Россия завозит «в обход глобальных санкций»",Политика
Продюсера певицы Линды Михаила Кувшинова отправили под домашний арест по делу о мошенничестве,Культура
"В Петербурге на улице Некрасова приостановили работу бары «Хроники», Redrum и «Пирс 28»",Транспорт
"«Я там ничего не понял»: Онищенко рассказал, как не смог сдать ЕГЭ",Политика
Роскомнадзор удалил документы о планах блокировки VPN в России на 92%,Политика
"Ограничения интернета в 2026 году обеспокоили россиян в два раза больше, чем тревожил коронавирус в 2020-м",Общество
Бывшего замглавы Минприроды Дениса Буцаева заочно арестовали,Политика
"Венгрия заявила послу России о недопустимости ударов по западу Украины, где проживает венгерское этническое меньшинство",Конфликты
Путин наградил ушедшего в отставку экс-губернатора Брянской области Александра Богомаза орденом Александра Невского,Политика
"Адвокат бывшего замглавы Минприроды заявил, что он не скрывается от следствия, а Россию покинул «временно»",Политика
Итальянское посольство не меняло процедуру подачи заявок на визы для россиян через посредников,Политика
"15 мая объявили в Киеве днем траура, число погибших из-за удара по жилому дому выросло до восьми человек",ЧП
"В России почти вдвое сократилось число заключенных — в том числе из-за того, что они уходят на войну",Конфликты
Госдума приняла законопроект об увеличении лимита сверхурочной работы с 120 до 240 часов в год,Политика
Чубайс назвал «репрессиями» и «издевательством над законом» дела против бывших топ-менеджеров «Роснано»,Политика
"В России за 15 лет в 1,2 раза уменьшилась доля православных верующих, число атеистов утроилось — «Ведомости»",Культура
"Российского активиста хотят депортировать из Германии, хотя власти все еще рассматривают его заявление на убежище",Политика
Уполномоченной по правам человека в России стала депутат Госдумы Яна Лантратова,Политика
Число погибших из-за удара по Киеву возросло до семи человек,ЧП
Алексея Венедиктова оштрафовали из-за публикации интервью «Живого гвоздя» на сайте «Эха»,ЧП
Уже 66 административных и одно уголовное дело за «пропаганду сатанизма» завели в России,ЧП
"Актриса Ольга Васильева опровергла сообщения о том, что она якобы обратилась в Госдуму с просьбой «позволить вернуться в Россию»",Культура
Премьер Латвии объявила об отставке на фоне правительственного кризиса,Культура
Прокуратура инициировала уголовное преследование комика Саши Долгополов,ЧП
Гладков записал прощальное видео и поблагодарил Путина,Политика
Disney не стала продлевать контракты с российскими онлайн-кинотеатрами — лицензии истекают в этом году,Общество
Суд в Киеве арестовал экс-главу Офиса президента Украины Андрея Ермака по делу об отмывании денег,Политика
Президент Литвы: территория республики не использовалась для военных операций других стран,Политика
В Новосибирске не станут восстанавливать табличку репрессированным — потому что ее ставил «Мемориал»,Политика
До 31 выросло число пострадавших после атаки российских военных на Киев,Конфликты
"В Пекине начались переговоры США и Китая, они продлятся два дня",Политика
В Киеве обрушилась часть жилого дома после атаки российских военных,Конфликты
"Бывшего замглавы Минприроды обвиняют в многомиллионных хищениях бюджетных средств, выделенных на «мусорную реформу»",Экономика
Бывший брянский губернатор Богомаз может вернуться в Госдуму,Политика
"Источник Дождя в офисе президента Украины заявил, что в Киеве считают высказывание Путина о скором завершении войны направленным на внутреннюю аудиторию",Политика
Госдума приняла законопроект о списании кредитов до 10 млн рублей всем подписавшим контракт с Минобороны с 1 мая,Экономика
"Суд в Баку приговорил к реальным срокам еще двух россиян, задержанных в 2025 году",Общество
Губернаторы Белгородской и Брянской областей ушли в отставку,Политика
"Шесть человек погибли, десятки пострадали из-за российских атак Украины 13 мая — Зеленский",ЧП
В Москве ввели цензуру на информацию об атаках беспилотников,Конфликты
Итальянские визовые центры перестали принимать документы на шенгенские визы через посредников,Политика
НПЗ «Лукойла» в Перми из-за атаки 7 мая полностью приостановил работу — Reuters,Конфликты
Путин хочет захватить Донбасс к осени. Трамп летит в Китай. Смог от лесных пожаров в Хабаровске,Политика
Франция изолировала еще один круизный лайнер из-за вспышки норовируса,ЧП
"Песков снова заявил, что для начала переговоров Украина должна отвести войска из Донбасса",Конфликты
Власти Латвии намерены полностью запретить автобусные перевозки в Россию и Беларусь,Транспорт
Певицу Линду после допроса признали подозреваемой по делу о мошенничестве,Культура
Президент США Дональд Трамп и американская делегация прибыли в Китай,Политика
«С Дональдом Трампом очень трудно обойтись без сюрпризов». Екатерина Котрикадзе — о первом за девять лет визите Трампа в Китай,Политика
Госдума приняла закон об использовании армии для освобождения арестованных за границей россиян,Политика
Врио председателя правительства Дагестана Магомед Рамазанов назначен премьер-министром республики,Культура
В подмосковной Лобне запретили прокат электросамокатов,Политика
"Эстонец, который просил убежища в РФ и оказался в СИЗО, рассказал об отсутствии туалетной бумаги и мышах",Политика
В Белгородской области электропоезд сошел с рельсов,ЧП
В Днепропетровской области за сутки от обстрелов погибли восемь человек,ЧП
Силуанов назвал «фейковыми вбросами» сообщения о планах властей повысить налоги и заморозить вклады,Экономика
В торговых центрах Москвы вдвое сократились число новых магазинов,Общество
"Командование убедило Путина, что российская армия сможет захватить Донбасс к осени — FT",Конфликты
На Астраханском газоперерабатывающем заводе возник пожар после атаки ВСУ,Конфликты
"В Башкортостане произошел пожар на станции «Нурлино», три человека пострадали",ЧП
Экс-замглавы Минприроды Денис Буцаев стал фигурантом уголовного дела о мошенничестве,Политика
Ночью в Москве возник пожар у комплекса «Кремль в Измайлово»,ЧП
Fars: Иран отказался вести переговоры с США без выполнения пяти условий,Политика
«Литрес» начал удалять ошибочные маркировки с «Волшебника Изумрудного города» и других детских книг,Культура
Глава СПЧ заявил о невозможности запретить VPN в России,Политика
Таиланд планирует сократить срок безвизового пребывания в стране для иностранных туристов с 60 до 30 дней,Общество
"Трамп заявил, что «сделает все необходимое», чтобы закончить войну в Украине — например, приедет в Россию в этом году",Политика
Швеция отправила «домой» экипаж задержанного сухогруза Caffa,Политика
В Москве по делу о мошенничестве задержали для допроса певицу Линду,Культура
Переломный момент в войне России и Украины. Стрельба в школе на Кубани. Скандал на Евровидении,Экономика
Путину рассказали об успешных испытаниях ракетного комплекса «Сармат»,Конфликты
Уголовное дело экс-главы офиса Зеленского. Приговор главреду Дождя. Навальная ответила Жданову,Погода
Украинская прокуратура потребует ареста Андрея Ермака по делу об отмывании денег,Политика
"«Все это не имеет ничего общего ни с законом, ни к правосудием». Тихон Дзядко — о своем заочном приговоре",Политика
"«Перелома в войне пока нет». Военный эксперт — о том, что происходит на поле боя в Украине",Конфликты
"«Билайн», МТС, «Мегафон» и T2 начнут присылать уведомления и коды подтверждения в Max",Политика
В России начали предлагать родственникам заключенных «страховки от пыток»,Политика
В Калужской области чиновники стали называть аборты «негативным выбором при беременности»,Политика
"На войне в Украине погиб студент, которого завербовали в беспилотные войска",Конфликты
"Бывшая пресс-секретарь Зеленского заявила, что тот в 2022 году был готов передать Донбасс. В офисе президента ответили, что «она не в себе»",Политика
В Оренбурге беспилотник попал в жилой дом,Конфликты
"Девятиклассник устроил стрельбу в одной из школ Краснодарского края, двое ранены",ЧП
Ночью российская армия выпустила по Украине более 200 дронов,Конфликты
"Прокуратура требует изъять у бывшего первого замминистра обороны Руслана Цаликова имущество на сумму 5,5 млрд рублей",Экономика
Умер актер Вадим Александров,Культура
Amnesty International назвала отказ отстранить Израиль от «Евровидения» «актом трусости»,Экономика
Почти 100 млн рублей потратит Росмолодежь на чат-боты для «нравственного и духовного развития» подростков,Экономика
Главного редактора Дождя Тихона Дзядко заочно приговорили к 8 годам колонии,Погода
"Один человек погиб, четверо ранены после атаки российских военных в Днепропетровской области",ЧП
Два человека пострадали в Грозном после пожара в многоэтажке — местные власти,ЧП
"На эколога, который публично комментировал последствия прилетов по Туапсе, составили протокол",Политика
WSJ: ОАЭ атаковали иранский НПЗ в апреле,Конфликты
Европа может выступить посредником в достижении «перемирия в аэропортах» между Украиной и РФ — Politico,Транспорт
Антикоррупционные органы Украины сообщили о подозрении Андрею Ермаку,Политика
Белый дом пригласил Илона Маска и Тима Кука сопровождать Трампа во время поездки в Китай,Транспорт
Иранские власти временно освободили из тюрьмы нобелевскую лауреатку из-за проблем со здоровьем,Политика
"Индия отказалась от санкционного российского газа, несмотря на дефицит энергоресурсов — Reuters",Политика
"В Москве подростка по ошибке задержали полицейские. Семья мальчика заявляет, что ребенка избивали",Общество
Германия и Украина договорились о совместном производстве дронов с дальностью полета до 1500 километров,Конфликты
Новые заражения хантавирусом. Армия России генерирует победы через ИИ. Трамп отверг ответ Ирана,Конфликты
"Пашинян заявил, что не видит необходимости в рефрендуме о выходе Армении из ЕАЭС",Политика
Жители иркутского Бодайбо снова остались без воды. В этот раз причиной стала авария на водозаборной станции,ЧП
Зеленский: Путин готов к реальным встречам. Кремль против Пашиняна. Энгельс без воды,Политика
Евросоюз ввел санкции против детского лагеря «Орленок»,Политика
В Латвии 9 мая задержали четырех человек и завели 98 административных дел,ЧП
"Великобритания ввела санкции против главы Росмолодежи, «Юнармии» и гендиректора АНО «Диалог»",Политика
"Журналистка извинилась за то, что поздравила мать пропавшего без вести участника войны с Украиной с «двойным праздником»",Конфликты
"Чеченскому активисту Мансуру Мовлаеву, которому грозит экстрадиция в Россию, продлили арест в Казахстане",Политика
Глава евродипломатии отвергла кандидатуру Герхарда Шрёдера на роль переговорщика с Россией,Экономика
МИД Украины: в Латвию залетели украинские дроны из-за работы российских систем РЭБ,Конфликты
Еще у трех пассажиров MV Hondius обнаружили симптомы хантавируса,ЧП
Как Кремль готовит российских подростков к участию в войне — расследование «Вот Так»,Конфликты
Трамп назвал «неприемлемым» ответ Ирана на мирный план США,Политика
"Касперская заявила, что не встречалась со Второй службой ФСБ",Политика
Минобрнауки установило «день тишины» при приеме в вузы,Общество
Между Россией и Саудовской Аравией начал действовать безвиз,Политика
Нефтяные пятна появились на пляже недалеко от Сочи,Экономика
Зеленский: Путин «наконец готов к реальным встречам»,Политика
Министр обороны Латвии ушел в отставку из-за залетевших в страну дронов,Конфликты
"«Я не знаю, почему он решил дать такое очень неэтичное и неправдивое интервью»: Леонид Волков ответил на обвинения Ивана Жданова",Политика
В Ростовской области открыли памятники Сталину и участникам войны в Украине,Конфликты
"Что делать, когда у людей реальные обиды на родителей? Когда мама вас всё время мониторит и всё время задает вопросы, которые меньше всего хочется слышать?",Общество
Пенсионеру в футболке с Борисом Немцовым дали трое суток ареста,Спорт
Уиткофф и Кушнер могут «достаточно скоро» прилететь в Москву,Политика
Минобороны России обвинило Украину в 16 тысячах нарушений перемирия,Политика
В Кемеровской области из-за «пастереллеза» скота выставлены блокпосты и может идти убой коров,ЧП
В Якутске полиция задержала активиста за футболку с портретом Удальцова,Спорт
Минтранс объявил о восстановлении авиасообщения на юге России,Транспорт
В Денвере пассажирский самолет во время взлета сбил человека и загорелся,Транспорт
"Круизный лайнер MV Hondius, где произошла вспышка хантавируса с несколькими погибшими, приплыл к Тенерифе",ЧП
Назначение генерала Шуваева на должность главы Белгородской области отложено,ЧП
"В России утвердили концепцию исторического просвещения в детсадах, школах и вузах",Общество
В Польше в 20 км от российской границы обнаружили беспилотник,Конфликты
Беспилотник атаковал многоэтажный дом в Харькове — пострадали пять человек,Конфликты
Путин: техники на параде 9 мая не было «потому что военные должны сосредоточиться на окончательном разгроме противника»,Политика
"Путин заявил, что «дело идет к завершению» войны в Украине",Конфликты
В Москве отменили праздничный салют к 9 мая,ЧП
Как прошел парад 9 мая в России. 352 тысячи россиян погибли на войне. Материалы про НЛО от Пентагона,ЧП
Итоги парада 9 мая. Атака дронов на Чечню. Аэропорты на юге России приостановили работу,Конфликты
На шествии «Бессмертного полка» в Кемерове мать пропавшего без вести участника войны с Украиной поздравили с «двойным праздником»,Конфликты
Зеленский не передавал Путину посланий через премьера Словакии — помощник Путина,Политика
Во Владикавказе новорожденных детей 9 мая нарядили в военные пилотки и георгиевские ленты,Общество
Венгерский парламент избрал Петера Мадьяра премьер-министром страны,Культура
Российское посольство в Литве устроило шествие «Бессмертного полка» у себя за забором из-за запрета советской символики в стране,Политика
В параде на Красной площади впервые приняли участие военные из КНДР,Политика
"Путин заявил, что подвиг поколения победителей «вдохновляет» участников войны в Украине",Конфликты
В Чите в Параде победы приняла участие колонна жен и матерей участников войны с Украиной,Конфликты
Шесть человек пострадали в результате обстрелов Чечни,ЧП
"Путин счел, что парад 9 мая в Москве прошел «без излишней милитаризации»",Политика
В трехсторонних переговорах по Украине взята пауза — помощник Путина,Политика
Российское Минобороны обвинило Украину в нарушении перемирия,Политика
"После российских обстрелов два человека погибли в Днепропетровской области, еще два — в Черниговской",ЧП
352 тысячи погибших российских солдат — новая надежная оценка потерь ВС РФ за четыре года войны,ЧП
В Москве начали отключать мобильный интернет,Политика
Трамп анонсировал трехдневное перемирие между Россией и Украиной — начиная с 9 мая,Политика
"Зеленский подписал указ, «разрешающий» проведение парада 9 мая в Москве",Политика
Россия согласилась на перемирие 9–11 мая и обмен пленными,Политика
Новым замминистра обороны назначен Дмитрий Щербинин,Конфликты
"Песков заявил, что России не нужно «ничье разрешение, чтобы гордиться нашим Днем победы»",Политика
Мэрия Новосибирска сняла баннер с орангутаном ко Дню победы,Политика
"Премьер Словакии считает, что «мы уже приближаемся к концу российско-украинского конфликта»",Культура
«Единая Россия» планирует провести в Госдуму больше 40 участников войны с Украиной,Конфликты
На Z-выставке в Петербурге разместили цитату оберштурмбаннфюрера СС,Политика
Главному редактору Дождя Тихону Дзядко заочно запросили 8 лет колонии,Погода
Из колонии вышел фигурант дела о «Маяковских чтениях» Николай Дайнеко,Культура
Росавиация отменила запрет на полеты в аэропорты на юге России,Транспорт
В Новосибирске из-за баннера с орангутаном ко Дню победы прокуратура и Роскомнадзор начали проверку,Политика
"Наталья Касперская встретилась со Второй службой ФСБ, которая отвечает за блокировки интернета",Политика
"Зеленский заявил, что 9 мая Украина в отношении России будет действовать «зеркально» по итогам сегодняшнего дня",Политика
Минюст обновил реестр иноагентов,Политика
Пентагон начал публиковать «документы об НЛО»,Политика
Рубио заявил о тупике в переговорах по войне в Украине,Конфликты
На параде 9 мая будут президенты Казахстана и Узбекистана,Политика
Одну из дочерних компаний «Яндекса» оштрафовали на 100 млн евро за возможную передачу данных из ЕС в Россию,Экономика
Битва Гуфа и Нойза. Дьявол меняет Prada на эконом. Скандал с сериалом «Чернобыль» в Украине,Культура
Атака на ФСБ в Грозном. 13 аэропортов на юге России отменили рейсы. Рейтинг Путина держат в секрете,Транспорт
Репетиции парада скрыли от людей. Переписка с Chat GPT стала уликой. Участница «Алого лебедя» уехала,Политика
Минтранс пообещал возобновить полеты на юге России после 15:00 по московскому времени,Политика
Ассоциация банков России просит власти включить все банки в «белые списки»,Экономика
Сервис OONI зафиксировал снижение доступности GitHub в России,Политика
Премьер-министром Болгарии стал евроскептик Румен Радев,Культура
«Вся магия комикса обычно творится в гаттере — пространстве между кадрами». Издательство «Комильфо» цензурировало комикс,Политика
"Песков: число журналистов, освещающих парад 9 мая, ограничено «из-за его формата»",ЧП
Мосгорсуд отменил решение о запрете сайта «ЯПлакалъ» в России,Политика
Фицо везет Путину послание от Зеленского,Политика
В российских детсадах массово проводят «парады победы»,Общество
"ФОМ и ВЦИОМ не стали публиковать рейтинги Путина, сославшись на выходные",Политика
Владелец павильона в Екатеринбурге пытается спасти его от сноса с помощью портретов Путина и Сталина,Политика
Под удар беспилотников попали Пермь и Грозный,Конфликты
"Почему Путин любой ценой хочет провести парад 9 мая, и стоит ли ждать на нем провокаций спецслужб? Как в Украине относятся к возможному ответному удару России и что думают о необходимости атаки парада?",Конфликты
Ночью 8 мая российская армия выпустила по территории Украины десятки ударных беспилотников — ВСУ,Конфликты
Из-за атаки беспилотников была приостановлена работа 13 аэропортов на юге России,Конфликты
Кремль отменил приглашения для зарубежных СМИ на парад 9 мая — Der Spiegel,Политика
В апреле Европа нарастила закупки российского газа до рекордного уровня,Экономика
США нанесли удары по иранским объектам в ответ на обстрел своих военных кораблей,Конфликты
Беспилотники атаковали предприятия в Ростове-на-Дону и Ярославле,Конфликты
"В 2025 году россиянам суммарно выдали больше шенгенских виз, но меньше — многократных",Общество
В МИД России вызвали посла Армении из-за предоставления Зеленскому «трибуны для угроз в адрес России»,Политика
В Махачкале больше 90 тыс. человек остались без электричества из-за возгорания подстанции,ЧП
"Люди делятся на тех, кому важно заправиться, когда половина бака пуста, и на тех, которые видят, что бак кончается, и думают: «А-а-а, доедем!»",Политика
ЕС готовится к «потенциальным» переговорам с Путиным — FT,Политика
Зеленский «не рекомендует» представителям «некоторых государств» быть в Москве 9 мая,Политика
Из-за атак БПЛА в московских аэропортах отменили и задержали больше 450 рейсов,Транспорт
"Telegram разрешил создавать в мессенджере автономных ботов, которые могут взаимодействовать с другими ботами",Политика
Минобороны России в одностороннем порядке объявило перемирие с Украиной 8–10 мая,Политика
В издательстве АСТ сообщили о рекордном интересе россиян к бумажным картам и дефиците картографов,Политика
"Пашинян подчеркнул, что Армения — не союзник России «по вопросу Украины»",Политика
ЕС не будет эвакуировать дипмиссию из Киева из-за угроз России ударить по столице Украины,Конфликты
МОК снял рекомендации об ограничениях в отношении белорусских спортсменов,Спорт
В Роскомнадзоре отрицают внесение сайта «ЯПлакалъ» в реестр запрещенных,Политика
"В колонии погиб политзаключенный Владимир Яроцкий, осужденный за картинку с Путиным",ЧП
"Москва не рассылала специальных приглашений иностранным лидерам для участия в параде 9 мая, но некоторые решили приехать сами — помощник Путина",Политика
Из-за прорыва трубы с кипятком в котокафе в Калининграде погибли 22 кошки,ЧП
Бывших руководителей Popcorn Books отпустили из-под домашнего ареста под запрет определенных действий,Экономика
Глава иркутского «Яблока» получил еще десять суток ареста,Политика
"В Екатеринбурге арестовали историка, который изучал политические репрессии на Урале",ЧП
Пашинян отказался приезжать на парад 9 мая в Москве,Политика
Pussy Riot снова организовали акцию протеста на Венецианской биеннале,Экономика
Зеленский: «В ответ на российские удары мы будем применять наши дальнобойные санкции»,Политика
Песков рассказал о дополнительных мерах по обеспечению безопасности Путина во время парада,Политика
"Иностранцев хотят выдворять из России за митинги, «дискредитацию» армии и «злоупотребление свободой СМИ»",Конфликты
Депутата «Новых людей» оштрафовали за «массовую акцию» с 13 манекенами,Экономика
Беспилотник попал в крышу жилого дома в Перми,Конфликты
"Мишустин назвал радио «самым важным, удобным и надежным источником связи» для россиян",Общество
В трети столиц российских регионов не будет парадов на 9 мая,Общество
Бар в Татарстане оштрафовали на 100 тысяч рублей из-за песни Верки Сердючки,Экономика
«Большого доверия между участниками нет». Экс-участница «Алого лебедя» София Чепик уехала из России и рассказала Дождю подробности о движении,Погода
"В результате российских ударов в Днепропетровской области пострадали четыре человека, повреждены жилые дома и церковь",ЧП
"В Белгородской области дрон атаковал микроавтобус — погибла женщина, двое мужчин ранены",ЧП
9 мая в Москве не будут работать мобильный интернет и SMS,Общество
Гослаборатория подтвердила случай ящура в Новосибирской области,ЧП
После вмешательства Татьяны Москальковой Верховный суд сократил срок участнику войны в Украине,Конфликты
"В Латвии упали два беспилотника, залетевших с территории России",Конфликты
"Опубликована записка, которую, предположительно, Эпштейн написал перед попыткой самоубийства",Политика
Известный адвокат Александр Карабанов задержан в Москве по подозрению в мошенничестве в особо крупном размере,Политика
"ВСУ атаковали Брянск и Ржев — 13 человек ранены, повреждены жилые дома",Конфликты
«Аэрофлот» запретил сдавать пауэрбанки в багаж и заряжать их на борту,Транспорт
Из России уехала София Чепик — участница сообщества «Алый лебедь»,Политика
"Банковская работница бросила трубку, когда в службу поддержки позвонил папа римский",Экономика
Экс-президента Франции Николя Саркози отпустили по УДО,ЧП
Таможня в Петербурге изъяла 28 детских книг из Великобритании,Культура
В Москве вновь не будет связи. Как Кремль готовится к параду 9 мая. Протест Pussy Riot на Биеннале,Политика
Новый врио главы Дагестана отправил в отставку правительство республики,Политика
"Венгрия вернула Украине десятки миллионов долларов и евро, которые забрали у украинских инкассаторов",Экономика
Умер основатель CNN Тед Тернер,Политика
Зеленский «еще не определился» по поводу перемирия на 9 мая — «Русская служба Би-би-си»,Политика
Минпромторг поддержал введение НДС на зарубежные интернет-заказы,Политика
Журналисту «Новой газеты» Ролдугину продлили арест на два месяца,ЧП
Суд запретил портал «ЯПлакалъ»,Политика
Из Минцифры могут уволить 15% сотрудников — РБК,ЧП
В Екатеринбурге обрушилась крыша спортзала учебного заведения — МЧС,ЧП
Посудомойщицу кадетского корпуса СК приговорили к 19 годам колонии по делу о вербовке подростка в легион «Свобода России»,Культура
"В результате удара по Сумам погибла женщина, пострадали еще два человека",ЧП
"Зеленский заявил, что российская армия совершила 1820 нарушений «режима тишины»",Конфликты
Pussy Riot устроили акцию протеста на Венецианской биеннале,Экономика
Почти каждый десятый российский миллиардер из списка Forbes удалил информацию о себе из «Яндекса»,Политика
США и Иран близки к заключению «одностраничного меморандума» о прекращении войны — Axios,Конфликты
В результате атаки беспилотников повреждено здание детского сада в Сумах,Конфликты
"Легкомоторный самолет разбился в Омской области, погибли два человека",ЧП
Мировые запасы нефти сокращаются рекордными темпами на фоне войны на Ближнем Востоке — FT,Экономика
Сбежавших из СИЗО екатеринбуржцев приговорили к еще трем годам колонии,Политика
Количество закрытых турфирм в РФ увеличилось более чем на 34% — «Коммерсант»,Конфликты
В третью годовщину войны житель Калининграда совершил самосожжение в центре города — «Важные истории»,Конфликты
Российское Минобороны отчиталось о 53 сбитых дронах в течение ночи,Конфликты
"Запорожская и Харьковская области ночью попали под обстрел, есть пострадавшие",Конфликты
Трамп сообщил о приостановке операции «Проект Свобода» в Ормузском проливе,Политика
Один из корпусов МГУ перевели на дистанционный формат обучения из-за случая кори,ЧП
«Единая Россия» составила методичку для депутатов с ответами на «жесткие вопросы» к партии,Политика
Москва и Петербург без интернета. Кабаева в спортивном скандале. Кремль угрожает ударом по Киеву,Конфликты
Российские пограничники начали записывать паспортные данные въезжающих и выезжающих в страну из Беларуси через наземную границу,Политика
Российским школьникам предложили спеть песню «Нас миллионы русских» к 9 мая,Общество
Пять человек погибли в результате российского удара по Краматорску,ЧП
"В результате атаки по Запорожью погибли по меньшей мере 12 человек, еще 16 пострадали",ЧП
Суд частично конфисковал активы основателя «Русагро» Вадима Мошковича,Политика
"Если объявленное Украиной перемирие будет взаимным, его продлят — Кирилл Буданов",Политика
В Москве интернет 7 и 9 мая отключат с пяти утра до 12:00 и 13:00 соответственно — «Русская служба Би-би-си»,Общество
В Чувашии после атаки беспилотников ввели режим ЧС,Конфликты
"Российским абитуриентам могут запретить поступать в магистратуру на специальность, отличную от бакалавриата",Политика
Казахстан откажется от поставок электричества из России,Политика
В Москве отключили интернет. Трамп похвалил Зеленского. В Туапсе засекретили очистку пляжей от нефти,Политика
Из аптек России пропали два препарата от рака,Политика
Московский суд оштрафовал Telegram и Google,Политика
В России «активизируют» работу кибердружин и медиапатрулей из учащихся,Политика
Мособлсуд закрыл дело Гуфа о драке с росгвардейцем в подмосковной бане,ЧП
Все московские аэропорты приостановили работу,Транспорт
В результате атаки на Чебоксары есть погибшие и пострадавшие,ЧП
Минцифры просит открыть в Москве доступ к «белому списку» сайтов,Политика
"Банки, доставки и такси предупреждают о сбоях из-за блокировок связи к 9 мая",Экономика
Беспилотники попали в жилые многоэтажки в Чебоксарах,Конфликты
Его ненавидят в ФСБ и даже могут посадить. Что происходит вокруг губернатора Белгородской области Гладкова,Политика
В ХМАО впервые объявляли режим ракетной опасности. Регион находится почти в 2000 км от Украины,Конфликты
Машу Гессен наградили Пулитцеровской премией за серию эссе «о восхождении авторитарных режимов»,Политика
"Взрыв на заводе фейерверков в Китае — 21 человек погиб, еще 61 ранен",ЧП
"В Новосибирске двух ученых приговорили к 12,5 годам по делу о госизмене",Наука
"Украинские дроны атаковали НПЗ в Ленинградской области, там начался пожар",Конфликты
"Четыре человека погибли, 31 ранен в результате российского удара по Полтаве",ЧП
На месте уничтоженного мемориала ссыльным полякам в Якутске поставят памятник участнику войны с Украиной,Конфликты
"В Москве и Петербурге — проблемы с мобильным интернетом, не работают даже «белые списки»",Общество
Политзаключенный Азат Мифтахов сообщил о пытках в колонии — The Insider,Политика
ВЦИОМ не опубликовал еженедельный рейтинг Путина,Политика
"Легкомоторный самолет врезался в жилой дом в Бразилии, погибли два человека",Транспорт
Зеленский объявил о «режиме тишины» — начиная с 00:00 в ночь с 5 на 6 мая,Политика
"В ОАЭ заявили, что перехватили иранские ракеты в своем воздушном пространстве",ЧП
Россиянина задержали в Беларуси при попытке улететь в Армению,ЧП
Операторы предупреждают жителей Петербурга об ограничении мобильного интернета в связи с 9 мая,Общество
"Автомобиль въехал в группу людей в Лейпциге, погибли два человека",Транспорт
Российское Минобороны объявило о перемирии 8–9 мая,Политика
